# file generated by UVMapper
# NumVerts/NumTVerts/NumVNormals/NumFacets   3830/1407/3830/3752
# NumGroups/NumMaterials/NumRegions   9/1/0
# x/y/color/ppu   2048/2048/0/50.00000000

v  55.62179947  6.83073997  72.59940338
v  57.02750015  6.83073997  72.24900055
v  55.62179947  6.09227991  72.59940338
v  57.02750015  6.09227991  72.24900055
v  58.65940094  6.83073997  72.02929688
v  58.65940094  6.09227991  72.02929688
v  60.41569901  6.83073997  71.95410156
v  60.41569901  6.09227991  71.95410156
v  62.17210007  6.83073997  72.02929688
v  62.17210007  6.09227991  72.02929688
v  63.80400085  6.83073997  72.24900055
v  63.80400085  6.09227991  72.24900055
v  65.20970154  6.83073997  72.59940338
v  65.20970154  6.09227991  72.59940338
v  66.15609741  6.09227991  73.00029755
v  66.15609741  6.83073997  73.00029755
v  54.67539978  6.09227991  73.00029755
v  54.67539978  6.83073997  73.00029755
v  65.20970154  6.83073997  72.59940338
v  66.15609741  6.83073997  73.00029755
v  65.20970154  6.09227991  72.59940338
v  66.15609741  6.09227991  73.00029755
v  55.62179947  6.09227991  72.59940338
v  54.67539978  6.09227991  73.00029755
v  55.62179947  6.83073997  72.59940338
v  54.67539978  6.83073997  73.00029755
v  62.17210007  6.09227991  72.02929688
v  63.80400085  6.09227991  72.24900055
v  60.41569901  6.09227991  71.95410156
v  65.20970154  6.09227991  72.59940338
v  66.15609741  6.09227991  73.00029755
v  54.67539978  6.09227991  73.00029755
v  55.62179947  6.09227991  72.59940338
v  57.02750015  6.09227991  72.24900055
v  58.65940094  6.09227991  72.02929688
v  63.80400085  6.83073997  72.24900055
v  62.17210007  6.83073997  72.02929688
v  65.20970154  6.83073997  72.59940338
v  60.41569901  6.83073997  71.95410156
v  58.65940094  6.83073997  72.02929688
v  57.02750015  6.83073997  72.24900055
v  55.62179947  6.83073997  72.59940338
v  54.67539978  6.83073997  73.00029755
v  66.15609741  6.83073997  73.00029755
v  46.07690048 -0.00000018  78.84609985
v  46.07690048  1.53846002  78.84609985
v  45.46149826 -0.00000018  78.84609985
v  45.46149826  1.53846002  78.84609985
v  46.07690048  1.53846002  77.46150208
v  46.07690048  1.53846002  78.84609985
v  46.07690048 -0.00000018  77.46150208
v  46.07690048 -0.00000018  78.84609985
v  45.46149826  1.53846002  77.46150208
v  45.46149826  1.53846002  78.84609985
v  46.07690048  1.53846002  77.46150208
v  46.07690048  1.53846002  78.84609985
v  45.46149826 -0.00000018  77.46150208
v  45.46149826 -0.00000018  78.84609985
v  45.46149826  1.53846002  77.46150208
v  45.46149826  1.53846002  78.84609985
v  46.07690048 -0.00000018  77.46150208
v  46.07690048 -0.00000018  78.84609985
v  45.46149826 -0.00000018  77.46150208
v  45.46149826 -0.00000018  78.84609985
v  46.66149902  0.00000000  78.84609985
v  46.66149902  0.15384600  78.84609985
v  46.07690048  0.00000000  78.84609985
v  46.07690048  0.15384600  78.84609985
v  46.66149902  0.15384600  77.46150208
v  46.66149902  0.15384600  78.84609985
v  46.66149902  0.00000000  77.46150208
v  46.66149902  0.00000000  78.84609985
v  46.07690048  0.15384600  77.46150208
v  46.07690048  0.15384600  78.84609985
v  46.66149902  0.15384600  77.46150208
v  46.66149902  0.15384600  78.84609985
v  46.07690048  0.00000000  77.46150208
v  46.07690048  0.00000000  78.84609985
v  46.07690048  0.15384600  77.46150208
v  46.07690048  0.15384600  78.84609985
v  46.66149902  0.00000000  77.46150208
v  46.66149902  0.00000000  78.84609985
v  46.07690048  0.00000000  77.46150208
v  46.07690048  0.00000000  78.84609985
v  45.46149826 -0.00000018  77.46150208
v  45.46149826  1.53846002  77.46150208
v  46.07690048 -0.00000018  77.46150208
v  46.07690048  1.53846002  77.46150208
v  46.07690048  0.00000000  77.46150208
v  46.07690048  0.15384600  77.46150208
v  46.66149902  0.00000000  77.46150208
v  46.66149902  0.15384600  77.46150208
v  44.53860092  11.35389996  76.63079834
v  44.58050156  9.87924004  76.63079834
v  44.53860092  11.35389996  100.01499939
v  44.58050156  9.87924004  100.01499939
v  44.58050156  12.82859993  76.63079834
v  44.58050156  12.82859993  100.01499939
v  44.70330048  14.19880009  76.63079834
v  44.70330048  14.19880009  100.01499939
v  44.89899826  15.37909985  76.63079834
v  44.89899826  15.37909985  100.01499939
v  45.15420151  16.28450012  76.63079834
v  44.89899826  15.37909985  76.63079834
v  45.15420151  16.28450012  100.01499939
v  44.89899826  15.37909985  100.01499939
v  45.15420151  6.42338991  76.63079834
v  45.45050049  5.85580015  76.63079834
v  45.15420151  6.42338991  100.01499939
v  45.45050049  5.85580015  100.01499939
v  44.89899826  7.32877016  76.63079834
v  44.89899826  7.32877016  100.01499939
v  44.70330048  8.50907993  76.63079834
v  44.89899826  7.32877016  76.63079834
v  44.70330048  8.50907993  100.01499939
v  44.89899826  7.32877016  100.01499939
v  45.45050049  16.85199928  76.63079834
v  45.45050049  16.85199928  100.01499939
v  45.76929855  17.04619980  100.01499939
v  45.76929855  5.66162014  100.01499939
v  45.76929855  17.04619980  76.63079834
v  45.76929855  5.66162014  76.63079834
v  45.76929855  5.66162014  76.63079834
v  45.76929855  5.66162014  100.01499939
v  45.76929855  5.66162014  76.63079834
v  45.76929855  5.66162014  100.01499939
v  45.76929855  17.04619980  76.63079834
v  45.76929855  17.04619980  76.63079834
v  45.76929855  17.04619980  100.01499939
v  45.76929855  17.04619980  100.01499939
v  44.58050156  9.87924004  100.01499939
v  44.70330048  8.50907993  100.01499939
v  44.53860092  11.35389996  100.01499939
v  44.89899826  7.32877016  100.01499939
v  45.15420151  6.42338991  100.01499939
v  45.45050049  5.85580015  100.01499939
v  45.76929855  5.66162014  100.01499939
v  45.76929855  5.66162014  100.01499939
v  45.76929855  17.04619980  100.01499939
v  45.76929855  17.04619980  100.01499939
v  45.45050049  16.85199928  100.01499939
v  45.15420151  16.28450012  100.01499939
v  44.89899826  15.37909985  100.01499939
v  44.70330048  14.19880009  100.01499939
v  44.58050156  12.82859993  100.01499939
v  45.15420151  6.42338991  76.63079834
v  44.89899826  7.32877016  76.63079834
v  45.45050049  5.85580015  76.63079834
v  44.70330048  8.50907993  76.63079834
v  44.58050156  9.87924004  76.63079834
v  44.53860092  11.35389996  76.63079834
v  44.58050156  12.82859993  76.63079834
v  44.70330048  14.19880009  76.63079834
v  44.89899826  15.37909985  76.63079834
v  45.15420151  16.28450012  76.63079834
v  45.45050049  16.85199928  76.63079834
v  45.76929855  17.04619980  76.63079834
v  45.76929855  17.04619980  76.63079834
v  45.76929855  5.66162014  76.63079834
v  45.76929855  5.66162014  76.63079834
v  74.23100281  0.15386400  76.35389709
v  74.23100281  0.15386400  79.95390320
v  74.23100281  0.00001752  76.35389709
v  74.23100281  0.00001752  79.95390320
v  73.64640045  0.15386400  79.95390320
v  74.23100281  0.15386400  79.95390320
v  73.64640045  0.15386400  76.35389709
v  74.23100281  0.15386400  76.35389709
v  74.23100281  0.15386400  79.95390320
v  73.64640045  0.15386400  79.95390320
v  74.23100281  0.00001752  79.95390320
v  73.64640045  0.00001752  79.95390320
v  73.64640045  0.15386400  79.95390320
v  73.64640045  0.15386400  76.35389709
v  73.64640045  0.00001752  79.95390320
v  73.64640045  0.00001752  76.35389709
v  73.64640045  0.00001752  76.35389709
v  74.23100281  0.00001752  76.35389709
v  73.64640045  0.00001752  79.95390320
v  74.23100281  0.00001752  79.95390320
v  73.64640045  0.15386400  76.35389709
v  74.23100281  0.15386400  76.35389709
v  73.64640045  0.00001752  76.35389709
v  74.23100281  0.00001752  76.35389709
v  74.90989685  22.21759987  73.30770111
v  74.84609985  22.26650047  73.30770111
v  74.84609985  22.26650047  73.30770111
v  74.84609985  22.26650047  73.30770111
v  74.90989685  22.21759987  73.30770111
v  74.90989685  22.21759987  73.30770111
v  74.90989685  22.21759987  73.30770111
v  74.90989685  22.21759987  73.30770111
v  74.90989685  22.21759987  73.30770111
v  74.84609985  22.26650047  73.30770111
v  74.90989685  22.21759987  73.30770111
v  74.84609985  22.26650047  73.30770111
v  74.84609985  22.26650047  73.30770111
v  74.84609985  22.26650047  73.30770111
v  74.84609985  22.26650047  73.30770111
v  74.84609985  22.26650047  73.30770111
v  74.77189636  22.29719925  73.30770111
v  74.77189636  22.29719925  73.30770111
v  74.77189636  22.29719925  73.30770111
v  74.77189636  22.29719925  73.30770111
v  74.77189636  22.29719925  73.30770111
v  74.69229889  22.30769920  73.30770111
v  74.77189636  22.29719925  73.30770111
v  74.69229889  22.30769920  73.30770111
v  74.77189636  22.29719925  73.30770111
v  74.77189636  22.29719925  73.30770111
v  74.69229889  22.30769920  73.30770111
v  74.69229889  22.30769920  73.30770111
v  74.69229889  22.30769920  73.30770111
v  74.69229889  22.30769920  73.30770111
v  74.69229889  22.30769920  73.30770111
v  74.69229889  22.30769920  73.30770111
v  74.69229889  22.30769920  73.30770111
v  74.69229889  22.30769920  73.30770111
v  74.69229889  22.30769920  73.30770111
v  74.69229889  22.30769920  73.30770111
v  74.69229889  22.30769920  73.30770111
v  74.69229889  22.30769920  73.30770111
v  74.69229889  22.30769920  73.30770111
v  74.69229889  22.30769920  73.30770111
v  74.69229889  22.30769920  73.30770111
v  74.69229889  22.30769920  73.30770111
v  74.69229889  22.30769920  73.30770111
v  74.69229889  22.30769920  73.30770111
v  74.69229889  22.30769920  73.30770111
v  74.69229889  22.30769920  73.30770111
v  74.69229889  22.30769920  73.30770111
v  74.69229889  22.30769920  73.30770111
v  74.69229889  22.30769920  73.30770111
v  74.69229889  22.30769920  73.30770111
v  74.69229889  22.30769920  73.30770111
v  74.69229889  22.30769920  73.30770111
v  74.69229889  22.30769920  73.30770111
v  74.69229889  22.30769920  73.30770111
v  74.69229889  22.30769920  73.30770111
v  74.99179840  22.06200027  73.30770111
v  74.98950195  22.07959938  73.30770111
v  74.98950195  22.07959938  73.30770111
v  74.99179840  22.06200027  73.30770111
v  74.98950195  22.07959938  73.30770111
v  74.98950195  22.07959938  73.30770111
v  75.00000000  22.00000000  73.30770111
v  75.00000000  22.00000000  73.30770111
v  75.00000000  22.00000000  73.30770111
v  75.00000000  22.00000000  73.30770111
v  75.00000000  22.00000000  73.30770111
v  75.00000000  22.00000000  73.30770111
v  75.00000000  22.00000000  73.30770111
v  75.00000000  22.00000000  73.30770111
v  46.07690048  22.30769920  73.30770111
v  46.07690048  22.30769920  73.30770111
v  45.99729919  22.29719925  73.30770111
v  46.07690048  22.30769920  73.30770111
v  46.07690048  22.30769920  73.30770111
v  46.07690048  22.30769920  73.30770111
v  46.07690048  22.30769920  73.30770111
v  46.07690048  22.30769920  73.30770111
v  46.07690048  22.30769920  73.30770111
v  46.07690048  22.30769920  73.30770111
v  46.07690048  22.30769920  73.30770111
v  46.07690048  22.30769920  73.30770111
v  46.07690048  22.30769920  73.30770111
v  74.90989685  22.21759987  103.46199799
v  74.90989685  22.21759987  103.46199799
v  74.90989685  22.21759987  103.46199799
v  74.90989685  22.21759987  103.46199799
v  74.90989685  22.21759987  103.46199799
v  74.84609985  22.26650047  103.46199799
v  74.84609985  22.26650047  103.46199799
v  74.95880127  22.15379906  103.46199799
v  74.95880127  22.15390015  103.46199799
v  74.98950195  22.07959938  103.46199799
v  74.95880127  22.15390015  103.46199799
v  74.95880127  22.15379906  103.46199799
v  74.95880127  22.15390015  103.46199799
v  74.84609985  22.26650047  103.46199799
v  74.77189636  22.29719925  103.46199799
v  74.84609985  22.26650047  103.46199799
v  74.84609985  22.26650047  103.46199799
v  74.84609985  22.26650047  103.46199799
v  74.77189636  22.29719925  103.46199799
v  74.84609985  22.26650047  103.46199799
v  74.77189636  22.29719925  103.46199799
v  74.77189636  22.29719925  103.46199799
v  74.77189636  22.29719925  103.46199799
v  74.77189636  22.29719925  103.46199799
v  74.77189636  22.29719925  103.46199799
v  74.58730316  22.30769920  103.46199799
v  74.54389954  22.30769920  103.46199799
v  74.59220123  22.30769920  103.46199799
v  74.54389954  22.30769920  103.46199799
v  74.53849792  22.30769920  103.46199799
v  74.53849792  22.30769920  103.46199799
v  74.53849792  22.30769920  103.46199799
v  74.54389954  22.30769920  103.46199799
v  74.69229889  22.30769920  103.30799866
v  74.54389954  22.30769920  103.46199799
v  74.53849792  22.30769920  103.46199799
v  74.53849792  22.29719925  103.54100037
v  74.58730316  22.30769920  103.46199799
v  74.69229889  22.30769920  103.46199799
v  74.69229889  22.30769920  103.46199799
v  74.69229889  22.30769920  103.46199799
v  74.69229889  22.30769920  103.46199799
v  74.69229889  22.30769920  103.46199799
v  74.69229889  22.30769920  103.46199799
v  74.69229889  22.30769920  103.46199799
v  74.69229889  22.30769920  103.46199799
v  74.69229889  22.30769920  103.46199799
v  74.69229889  22.30769920  103.46199799
v  74.63800049  22.30769920  103.46199799
v  74.63800049  22.30769920  103.46199799
v  74.69229889  22.30769920  103.46199799
v  74.63800049  22.30769920  103.46199799
v  74.59220123  22.30769920  103.46199799
v  74.63800049  22.30769920  103.46199799
v  74.59220123  22.30769920  103.46199799
v  74.69229889  22.30769920  103.40699768
v  74.59220123  22.30769920  103.46199799
v  74.63800049  22.30769920  103.46199799
v  74.69229889  22.30769920  103.46199799
v  74.69229889  22.30769920  103.46199799
v  74.69229889  22.30769920  103.46199799
v  74.69229889  22.30769920  103.46199799
v  74.48950195  22.30769920  103.46199799
v  46.07690048  22.30769920  103.46199799
v  46.07690048  22.30769920  103.46199799
v  74.48950195  22.30769920  103.46199799
v  46.07690048  22.30769920  73.45610046
v  74.51210022  22.30769920  103.46199799
v  74.48960114  22.30769920  103.46199799
v  74.51210022  22.30769920  103.46199799
v  74.69229889  22.15390015  103.72799683
v  74.69229889  22.15379906  103.72799683
v  74.69229889  22.15390015  103.72799683
v  74.69229889  22.15390015  103.72799683
v  74.69229889  22.15390015  103.72799683
v  46.07690048  22.15390015  103.72799683
v  74.69229889  22.21759987  103.67900085
v  74.69229889  22.21759987  103.67900085
v  74.69229889  22.21759987  103.67900085
v  74.69229889  22.21759987  103.67900085
v  74.69229889  22.21759987  103.67900085
v  74.69229889  22.15379906  103.72799683
v  74.69229889  22.26650047  103.61499786
v  74.69229889  22.26650047  103.61499786
v  74.69229889  22.29719925  103.54100037
v  74.69229889  22.26650047  103.61499786
v  74.69229889  22.26650047  103.61499786
v  74.69229889  22.26650047  103.61499786
v  74.69229889  22.26650047  103.61499786
v  74.69229889  22.26650047  103.61499786
v  74.69229889  22.26650047  103.61499786
v  74.69229889  22.26650047  103.61499786
v  74.69229889  22.26650047  103.61499786
v  74.69229889  22.26650047  103.61499786
v  74.69229889  22.29719925  103.54100037
v  74.84619904  22.18840027  103.65000153
v  74.87729645  22.15379906  103.64700317
v  74.86859894  22.17630005  103.63800049
v  74.84609985  22.13319969  103.69200134
v  74.84609985  22.18840027  103.65000153
v  74.84619904  22.18840027  103.65000153
v  74.77189636  22.21019936  103.67199707
v  74.84609985  22.18840027  103.65000153
v  74.84609985  22.13319969  103.69200134
v  74.77189636  22.21019936  103.67199707
v  74.77189636  22.14859962  103.71900177
v  74.77189636  22.14859962  103.71900177
v  74.69229889  22.21759987  103.67900085
v  74.69229889  22.15379906  103.72799683
v  74.77189636  22.21019936  103.67199707
v  74.69229889  22.15379906  103.72799683
v  74.77189636  22.21019936  103.67199707
v  74.69229889  22.21759987  103.67900085
v  74.77189636  22.25740051  103.61000061
v  74.69229889  22.26650047  103.61499786
v  74.69229889  22.15379906  103.72799683
v  74.69229889  22.15379906  103.72799683
v  74.69229889  22.15390015  103.72799683
v  74.69229889  22.07959938  103.75900269
v  74.69229889  22.15379906  103.72799683
v  46.07690048  22.15390015  103.72799683
v  74.69229889  22.07959938  103.75900269
v  74.69229889  22.07959938  103.75900269
v  46.07690048  22.15379906  103.72799683
v  74.69229889  22.15379906  103.72799683
v  74.69229889  22.21759987  103.67900085
v  74.69229889  22.21759987  103.67900085
v  74.69229889  22.21759987  103.67900085
v  74.69229889  22.21759987  103.67900085
v  74.69229889  22.21759987  103.67900085
v  46.13130188  22.26650047  103.61499786
v  74.69229889  22.15390015  103.72799683
v  74.69229889  22.15379906  103.72799683
v  74.69229889  22.26650047  103.61499786
v  74.69229889  22.26650047  103.61499786
v  74.69229889  22.26650047  103.61499786
v  74.69229889  22.26650047  103.61499786
v  74.69229889  22.26650047  103.61499786
v  74.69229889  22.26650047  103.61499786
v  74.69229889  22.26650047  103.61499786
v  74.69229889  22.29719925  103.54100037
v  74.69229889  22.29719925  103.54100037
v  46.07690048  22.29719925  103.54100037
v  46.07690048  22.21759987  103.67900085
v  74.69229889  22.29719925  103.54100037
v  74.69229889  22.29719925  103.54100037
v  74.69229889  22.29719925  103.54100037
v  74.69229889  22.29719925  103.54100037
v  74.89990234  22.16340065  103.61499786
v  74.86859894  22.17630005  103.63800049
v  74.87729645  22.15379906  103.64700317
v  74.86859894  22.17630005  103.63800049
v  74.89990234  22.16340065  103.61499786
v  74.84619904  22.23080063  103.59500122
v  74.88990021  22.20170021  103.57800293
v  74.84609985  22.23080063  103.59500122
v  74.77189636  22.25740051  103.61000061
v  74.77189636  22.28709984  103.53800201
v  74.90989685  22.20050049  103.54100037
v  74.88990021  22.20170021  103.57800293
v  74.94969940  22.14859962  103.54100037
v  74.90989685  22.20050049  103.54100037
v  74.84609985  22.25740051  103.53099823
v  74.90090179  22.21680069  103.51999664
v  74.90989685  22.21759987  103.46199799
v  74.90989685  22.21759987  103.46199799
v  74.90090179  22.21680069  103.51999664
v  74.95880127  22.15390015  103.46199799
v  74.90989685  22.21759987  103.46199799
v  74.92310333  22.13319969  103.61499786
v  74.94969940  22.14859962  103.54100037
v  74.84609985  22.25740051  103.52999878
v  74.77189636  22.28709984  103.53800201
v  74.69229889  22.30769920  103.46199799
v  74.69229889  22.29719925  103.54100037
v  74.77189636  22.29719925  103.46199799
v  74.77189636  22.29719925  103.46199799
v  74.69229889  22.30769920  103.46199799
v  74.69229889  22.26650047  103.61499786
v  74.69229889  22.29719925  103.54100037
v  74.69229889  22.29719925  103.54100037
v  74.69229889  22.29719925  103.54100037
v  74.69229889  22.29719925  103.54100037
v  74.69229889  22.30769920  103.46199799
v  74.69229889  22.30769920  103.31300354
v  74.69229889  22.30769920  103.30799866
v  74.69229889  22.30769920  103.31300354
v  74.69229889  22.30769920  103.36100006
v  74.69229889  22.30769920  103.30799866
v  74.69229889  22.30769920  103.31300354
v  74.69229889  22.30769920  103.36100006
v  74.69229889  22.30769920  103.29100037
v  74.69229889  22.30769920  103.36100006
v  74.69229889  22.30769920  103.36100006
v  74.69229889  22.30769920  103.40699768
v  74.69229889  22.30769920  103.46199799
v  74.69229889  22.30769920  103.46199799
v  74.69229889  22.30769920  103.46199799
v  74.90989685  22.21759987  103.46199799
v  74.90989685  22.21759987  103.46199799
v  74.90989685  22.21759987  103.46199799
v  74.90989685  22.21759987  103.46199799
v  74.90989685  22.21759987  103.46199799
v  74.90989685  22.21759987  103.46199799
v  74.90989685  22.21759987  103.15399933
v  74.95880127  22.15390015  103.46199799
v  74.95880127  22.15390015  103.46199799
v  74.77189636  22.29719925  103.46199799
v  74.77189636  22.29719925  103.46199799
v  74.77189636  22.29719925  103.46199799
v  74.69229889  22.30769920  103.46199799
v  74.69229889  22.30769920  103.29100037
v  74.58730316  22.30769920  103.46199799
v  74.69229889  22.30769920  103.46199799
v  74.69229889  22.30769920  103.46199799
v  74.69229889  22.30769920  103.25900269
v  74.69229889  22.30769920  73.36199951
v  74.69229889  22.30769920  103.19400024
v  74.69229889  22.30769920  103.19400024
v  74.69229889  22.30769920  73.36199951
v  74.69229889  22.30769920  73.59739685
v  74.69229889  22.30769920  103.25900269
v  74.69229889  22.30769920  103.25900269
v  74.69229889  22.30769920  103.29100037
v  74.69229889  22.30769920  103.29100037
v  74.90989685  22.21759987  103.46199799
v  74.90989685  22.21759987  103.15399933
v  75.00000000  22.00000000  103.46199799
v  75.00000000  22.00000000  103.46199799
v  75.00000000  22.00000000  103.46199799
v  75.00000000  22.00000000  103.46199799
v  75.00000000  22.00000000  103.46199799
v  75.00000000  22.00000000  103.46099854
v  74.98950195  22.07959938  103.46199799
v  75.00000000  22.00000000  103.46199799
v  74.98950195  22.07959938  103.46199799
v  75.00000000  22.00000000  103.46199799
v  74.69229889  22.00000000  103.76899719
v  74.69229889  22.00000000  103.76899719
v  74.69229889  22.00000000  103.76899719
v  74.69229889  22.00000000  103.76899719
v  74.69229889  22.00000000  103.76899719
v  74.69229889  22.00000000  103.76899719
v  74.69229889  22.00000000  103.76899719
v  74.69229889  22.00000000  103.76899719
v  74.69229889  22.00000000  103.76899719
v  74.53849792  22.00000000  103.76899719
v  74.69229889  22.00000000  103.76899719
v  74.69229889  22.00000000  103.76899719
v  74.53849792  22.00000000  103.76899719
v  74.69229889  21.82349968  103.76899719
v  74.69229889  22.00000000  103.76899719
v  74.69229889  22.00000000  103.76899719
v  74.69229889  22.00000000  103.76899719
v  74.38459778  22.00000000  103.76899719
v  51.11209869  22.00000000  103.76899719
v  73.87850189  0.46155900  103.76899719
v  51.11209869  22.00000000  103.76899719
v  74.38459778  22.00000000  103.76899719
v  74.38459778  22.00000000  103.76899719
v  74.69229889  22.07959938  103.75900269
v  74.69229889  22.07959938  103.75900269
v  74.69229889  22.07959938  103.75900269
v  74.69229889  22.15379906  103.72799683
v  74.69229889  22.07959938  103.75900269
v  74.69229889  21.82349968  103.76899719
v  74.69229889  22.00000000  103.76899719
v  74.69229889  22.00000000  103.76899719
v  74.69229889  22.00000000  103.76899719
v  74.69229889  22.00000000  103.76899719
v  74.69229889  21.82349968  103.76899719
v  74.90989685  22.00000000  103.67900085
v  74.90560150  22.05710030  103.67500305
v  74.84609985  22.06900024  103.71900177
v  74.90560150  22.05710030  103.67500305
v  74.90989685  22.00000000  103.67900085
v  74.90560150  22.05719948  103.67500305
v  74.90560150  22.05719948  103.67500305
v  74.89240265  22.11549950  103.66200256
v  74.89240265  22.11549950  103.66200256
v  74.94969940  22.06900024  103.61499786
v  74.92310333  22.13319969  103.61499786
v  74.95880127  22.00000000  103.61499786
v  74.90989685  22.00000000  103.67900085
v  74.90989685  22.00000000  103.67900085
v  74.95880127  22.00000000  103.61499786
v  74.90989685  22.00000000  103.67900085
v  74.95880127  22.00000000  103.61499786
v  74.95880127  22.00000000  103.61499786
v  74.95880127  22.00000000  103.61499786
v  74.95880127  22.00000000  103.61499786
v  74.90989685  22.00000000  103.67900085
v  74.90989685  22.00000000  103.67900085
v  74.90989685  22.00000000  103.67900085
v  74.90989685  22.00000000  103.67900085
v  74.90989685  22.00000000  103.67900085
v  74.90989685  22.00000000  103.67900085
v  74.84609985  22.00000000  103.72799683
v  74.84609985  22.00000000  103.72799683
v  74.84609985  22.06900024  103.71900177
v  74.77189636  22.00000000  103.75900269
v  74.77189636  22.00000000  103.75900269
v  74.77189636  22.07690048  103.74900055
v  74.77189636  22.07690048  103.74900055
v  74.69229889  22.07959938  103.75900269
v  74.69229889  22.00000000  103.76899719
v  74.69229889  22.07959938  103.75900269
v  74.84609985  22.00000000  103.72799683
v  74.84609985  22.00000000  103.72799683
v  74.84609985  22.00000000  103.72799683
v  74.77189636  22.00000000  103.75900269
v  74.77189636  22.00000000  103.75900269
v  74.77189636  22.00000000  103.75900269
v  74.69229889  22.07959938  103.75900269
v  46.07690048  22.07959938  103.75900269
v  74.69229889  22.07959938  103.75900269
v  74.69229889  22.07959938  103.75900269
v  74.69229889  22.07959938  103.75900269
v  74.69229889  22.15379906  103.72799683
v  74.69229889  22.00000000  103.76899719
v  74.53849792  22.00000000  103.76899719
v  74.69229889  22.00000000  103.76899719
v  51.11209869  22.00000000  103.76899719
v  74.38459778  22.00000000  103.76899719
v  74.53849792  22.00000000  103.76899719
v  74.97940063  22.07690048  103.54100037
v  74.97940063  22.07690048  103.54100037
v  74.98950195  22.00000000  103.54100037
v  74.94969940  22.06900024  103.61499786
v  74.95880127  22.00000000  103.61499786
v  74.92310333  22.13319969  103.61499786
v  75.00000000  22.00000000  75.94909668
v  74.98950195  22.07959938  103.46199799
v  75.00000000  22.00000000  103.46099854
v  74.98950195  22.07959938  73.30770111
v  74.95880127  22.15379906  73.30770111
v  75.00000000  22.00000000  103.46199799
v  75.00000000  22.00000000  103.46199799
v  75.00000000  22.00000000  103.46199799
v  75.00000000  22.00000000  103.46199799
v  75.00000000  22.00000000  103.46199799
v  75.00000000  22.00000000  103.46199799
v  75.00000000  22.00000000  103.46199799
v  75.00000000  22.00000000  103.46199799
v  75.00000000  22.00000000  103.46199799
v  74.69229889  22.00000000  103.76899719
v  74.69229889  21.82349968  103.76899719
v  74.69229889  21.94569969  103.76899719
v  74.90989685  22.00000000  103.67900085
v  74.90989685  22.00000000  103.67900085
v  74.90989685  22.00000000  103.67900085
v  74.90989685  22.00000000  103.67900085
v  74.90989685  22.00000000  103.67900085
v  74.90989685  0.46157700  103.67900085
v  74.90989685  22.00000000  103.67900085
v  74.90989685  22.00000000  103.67900085
v  74.95880127  22.00000000  103.61499786
v  74.90989685  22.00000000  103.67900085
v  74.95880127  22.00000000  103.61499786
v  74.95880127  22.00000000  103.61499786
v  74.95880127  22.00000000  103.61499786
v  74.95880127  22.00000000  103.61499786
v  74.95880127  22.00000000  103.61499786
v  74.95880127  0.46157700  103.61499786
v  74.90989685  22.00000000  103.67900085
v  74.84609985  22.00000000  103.72799683
v  74.84609985  0.46155900  103.72799683
v  74.77189636  22.00000000  103.75900269
v  74.82810211  21.95159912  103.73500061
v  74.84609985  22.00000000  103.72799683
v  74.77189636  22.00000000  103.75900269
v  74.69229889  21.79730034  103.76899719
v  74.69229889  21.77309990  103.76899719
v  74.77189636  22.00000000  103.75900269
v  74.77189636  0.46155900  103.75900269
v  74.77189636  0.46157801  103.75900269
v  74.69229889  6.25928020  103.76899719
v  74.77189636  22.00000000  103.75900269
v  74.69229889  22.00000000  103.76899719
v  74.69229889  22.00000000  103.76899719
v  74.69229889  22.00000000  103.76899719
v  74.98950195  21.53849983  103.54100037
v  75.00000000  22.00000000  103.46199799
v  75.00000000  3.82764006  103.46199799
v  74.98950195  22.00000000  103.54100037
v  74.98950195  22.00000000  103.54100037
v  75.00000000  22.00000000  103.46199799
v  74.98950195  22.00000000  103.54100037
v  74.98950195  22.00000000  103.54100037
v  74.98950195  22.00000000  103.54100037
v  75.00000000  22.00000000  103.46199799
v  75.00000000  22.00000000  103.46199799
v  75.00000000  22.00000000  103.46199799
v  75.00000000  22.00000000  103.46199799
v  74.69229889  21.79730034  103.76899719
v  74.69229889  0.46155900  103.76899719
v  74.69229889  0.61540598  103.76899719
v  74.69229889  0.46156201  103.76899719
v  75.00000000  0.46158099  103.46199799
v  75.00000000  0.46158999  103.46199799
v  75.00000000  0.46158099  103.46199799
v  74.69229889  0.51588202  103.76899719
v  74.69229889  21.79730034  103.76899719
v  74.69229889  0.51588202  103.76899719
v  74.69229889  21.77309990  103.76899719
v  46.07690048  21.79730034  103.76899719
v  46.07690048  22.00000000  103.76899719
v  46.07690048  21.77309990  103.76899719
v  74.69229889  0.61540598  103.76899719
v  74.69229889  0.46156201  103.76899719
v  74.69229889  21.79730034  103.76899719
v  74.69229889  21.77309990  103.76899719
v  74.69229889  21.79730034  103.76899719
v  75.00000000  22.00000000  103.46099854
v  74.69229889  22.30769920  73.59739685
v  74.69229889  22.30769920  73.36199951
v  74.69229889  22.30769920  73.57489777
v  74.69229889  22.30769920  73.36199951
v  74.69229889  22.30769920  73.57489777
v  74.69229889  22.30769920  73.57489777
v  74.69229889  22.30769920  73.30770111
v  74.69229889  22.30769920  73.30770111
v  74.69229889  22.30769920  73.30770111
v  74.69229889  22.30769920  73.30770111
v  74.69229889  22.30769920  73.30770111
v  74.69229889  22.30769920  73.30770111
v  74.69229889  22.30769920  73.30770111
v  74.69229889  22.30769920  73.30770111
v  74.69229889  22.30769920  73.30770111
v  74.69229889  22.30769920  73.30770111
v  74.69229889  22.30769920  73.30770111
v  74.69229889  22.30769920  73.30770111
v  74.69229889  22.30769920  73.30770111
v  74.69229889  22.30769920  73.30770111
v  74.90989685  22.21759987  73.30770111
v  74.84609985  22.26650047  73.30770111
v  74.84609985  22.26650047  73.30770111
v  74.90989685  22.21759987  73.30770111
v  74.84619904  22.26650047  73.30770111
v  74.90989685  22.21759987  73.30770111
v  74.90989685  22.21759987  73.30770111
v  74.90989685  22.21759987  73.30770111
v  74.90989685  22.21759987  73.30770111
v  74.84609985  22.26650047  73.30770111
v  74.90989685  22.21759987  73.30770111
v  74.84609985  22.26650047  73.30770111
v  74.84609985  22.26650047  73.30770111
v  74.84609985  22.26650047  73.30770111
v  74.84609985  22.26650047  73.30770111
v  74.90989685  22.21759987  73.30770111
v  74.90989685  22.21759987  73.30770111
v  74.90989685  22.21759987  73.30770111
v  74.90989685  22.21759987  73.30770111
v  74.95880127  22.15390015  73.30770111
v  74.95880127  22.15390015  73.30770111
v  74.95880127  22.15379906  73.30770111
v  74.95880127  22.15390015  73.30770111
v  74.90989685  22.21759987  73.30770111
v  74.95880127  22.15390015  73.30770111
v  46.07690048  22.30769920  73.44450378
v  74.69229889  22.30769920  73.30770111
v  74.69229889  22.30769920  73.30770111
v  74.69229889  22.30769920  73.30770111
v  74.51200104  22.30769920  73.30770111
v  74.63800049  22.30769920  73.30770111
v  74.51200104  22.30769920  73.30770111
v  74.69229889  22.30769920  73.30770111
v  74.69229889  22.29719925  73.22810364
v  74.69229889  22.30769920  73.30770111
v  74.69229889  22.30769920  73.30770111
v  74.48950195  22.30769920  73.30770111
v  46.07690048  22.29719925  73.22810364
v  46.07690048  22.29719925  73.22810364
v  74.69229889  22.29719925  73.22810364
v  74.48950195  22.30769920  73.30770111
v  74.48950195  22.30769920  73.30770111
v  74.48950195  22.30769920  73.30770111
v  74.48950195  22.30769920  73.30770111
v  46.07690048  22.30769920  73.36199951
v  74.98950195  22.07959938  73.30770111
v  74.98950195  22.07959938  73.30770111
v  75.00000000  22.00000000  73.30770111
v  74.98950195  22.07959938  73.30770111
v  74.98950195  22.07959938  73.30770111
v  74.97940063  22.07690048  73.22810364
v  74.99179840  22.06200027  73.30770111
v  74.98950195  22.00000000  73.22810364
v  75.00000000  22.00000000  73.30770111
v  75.00000000  22.00000000  73.30770111
v  75.00000000  22.00000000  73.30770111
v  75.00000000  22.00000000  73.30770111
v  75.00000000  22.00000000  73.30770111
v  74.98950195  22.07959938  73.30770111
v  74.98950195  22.07959938  73.30770111
v  74.98950195  22.07959938  73.30770111
v  75.00000000  22.00000000  73.30770111
v  75.00000000  22.00000000  73.30770111
v  75.00000000  22.00000000  73.30770111
v  75.00000000  22.00000000  73.30770111
v  74.98950195  22.00000000  73.22810364
v  75.00000000  22.00000000  73.30770111
v  75.00000000  22.00000000  73.30770111
v  75.00000000  22.00000000  73.30770111
v  75.00000000  22.00000000  73.30770111
v  75.00000000  22.00000000  73.30770111
v  75.00000000  22.00000000  73.30770111
v  75.00000000  22.00000000  73.30770111
v  75.00000000  21.84070015  73.30770111
v  75.00000000  22.00000000  73.30770111
v  75.00000000  22.00000000  73.30770111
v  74.98950195  22.00000000  73.22810364
v  75.00000000  22.00000000  73.30770111
v  75.00000000  0.46158499  73.30770111
v  75.00000000  22.00000000  73.30770111
v  75.00000000  22.00000000  103.46099854
v  75.00000000  0.46158499  73.30770111
v  75.00000000  0.46160501  103.46099854
v  46.07690048  22.30769920  103.46199799
v  46.07690048  22.30769920  103.46199799
v  46.07690048  22.30769920  103.46199799
v  46.07690048  22.30769920  103.46199799
v  46.07690048  22.30769920  103.46199799
v  46.07690048  22.30769920  103.46199799
v  46.07690048  22.30769920  103.46199799
v  46.07690048  22.30769920  103.46199799
v  46.07690048  22.30769920  103.46199799
v  46.07690048  22.30769920  103.46199799
v  46.07690048  22.30769920  103.46199799
v  46.07690048  22.30769920  103.46199799
v  46.07690048  22.15379906  103.72799683
v  46.07690048  22.15390015  103.72799683
v  46.07690048  22.15390015  103.72799683
v  46.07690048  22.15390015  103.72799683
v  46.07690048  22.15379906  103.72799683
v  46.07690048  22.15390015  103.72799683
v  46.07690048  22.21759987  103.67900085
v  46.07690048  22.07959938  103.75900269
v  46.07690048  22.21759987  103.67900085
v  46.07690048  22.21759987  103.67900085
v  46.07690048  22.21759987  103.67900085
v  46.07690048  22.21759987  103.67900085
v  46.07690048  22.21759987  103.67900085
v  46.07690048  22.21759987  103.67900085
v  46.07690048  22.26650047  103.61499786
v  46.07690048  22.26650047  103.61499786
v  74.69229889  22.21759987  103.67900085
v  46.07690048  22.21759987  103.67900085
v  46.07690048  22.26650047  103.61499786
v  46.07690048  22.26650047  103.61499786
v  46.07690048  22.21759987  103.67900085
v  46.07690048  22.26650047  103.61499786
v  46.07690048  22.26650047  103.61499786
v  46.07690048  22.26650047  103.61499786
v  46.07690048  22.26650047  103.61499786
v  46.07690048  22.26650047  103.61499786
v  46.07690048  22.26650047  103.61499786
v  46.07690048  22.29719925  103.54100037
v  46.07690048  22.29719925  103.54100037
v  46.07690048  22.26650047  103.61499786
v  46.07690048  22.29719925  103.54100037
v  46.07690048  22.29719925  103.54100037
v  46.07690048  22.29719925  103.54100037
v  46.07690048  22.30769920  103.46199799
v  46.07690048  22.30769920  103.46199799
v  46.07690048  22.29719925  103.54100037
v  46.07690048  22.29719925  103.54100037
v  46.07690048  22.30769920  103.46199799
v  46.07690048  22.30769920  103.46199799
v  46.07690048  22.30769920  103.46199799
v  46.07690048  22.29719925  103.54100037
v  46.07690048  22.30769920  103.46199799
v  45.99729919  22.29719925  103.46199799
v  46.07690048  22.30769920  103.46199799
v  46.07690048  22.30769920  103.46199799
v  46.07690048  22.30769920  73.45610046
v  46.07690048  22.30769920  73.45610046
v  46.07690048  22.30769920  73.45610046
v  46.07690048  22.00000000  103.76899719
v  46.07690048  22.00000000  103.76899719
v  46.07690048  22.00000000  103.76899719
v  46.07690048  22.00000000  103.76899719
v  46.07690048  22.07959938  103.75900269
v  46.07690048  22.00000000  103.76899719
v  46.07690048  22.00000000  103.76899719
v  46.07690048  22.00000000  103.76899719
v  46.07690048  22.00000000  103.76899719
v  46.07690048  22.00000000  103.76899719
v  46.07690048  22.00000000  103.76899719
v  46.07690048  22.00000000  103.76899719
v  46.07690048  22.00000000  103.76899719
v  46.07690048  22.07959938  103.75900269
v  46.07690048  22.07959938  103.75900269
v  46.07690048  22.00000000  103.76899719
v  45.99729919  22.00000000  103.75900269
v  46.07690048  22.00000000  103.76899719
v  46.07690048  22.00000000  103.76899719
v  45.99729919  22.07690048  103.74900055
v  46.07690048  22.00000000  103.76899719
v  46.07690048  22.00000000  103.76899719
v  45.99729919  22.00000000  103.75900269
v  46.07690048  22.00000000  103.76899719
v  46.07690048  22.00000000  103.76899719
v  46.07690048  21.79730034  103.76899719
v  46.07690048  21.79730034  103.76899719
v  46.07690048  22.00000000  103.76899719
v  46.07690048  22.00000000  103.76899719
v  46.07690048  21.79730034  103.76899719
v  46.07690048  22.00000000  103.76899719
v  46.07690048  22.00000000  103.76899719
v  46.07690048  0.46156201  103.76899719
v  46.07690048  21.77309990  103.76899719
v  46.07690048  0.46156099  103.76899719
v  46.07690048  21.77309990  103.76899719
v  46.07690048  0.46156201  103.76899719
v  46.07690048  21.77309990  103.76899719
v  45.99729919  0.61540598  103.75900269
v  45.99729919  22.00000000  103.75900269
v  46.07690048  21.79730034  103.76899719
v  46.07690048  21.79730034  103.76899719
v  46.07690048  21.79730034  103.76899719
v  46.07690048  21.79730034  103.76899719
v  45.99729919  22.00000000  103.75900269
v  46.07690048  22.30769920  73.45610046
v  46.07690048  22.30769920  73.45610046
v  46.07690048  22.30769920  73.44450378
v  46.07690048  22.30769920  73.44450378
v  46.07690048  22.30769920  73.44450378
v  46.07690048  22.30769920  73.40779877
v  46.07690048  22.30769920  73.40779877
v  46.07690048  22.30769920  73.40779877
v  46.07690048  22.30769920  73.36199951
v  46.07690048  22.30769920  73.30770111
v  46.07690048  22.30769920  73.30770111
v  46.07690048  22.30769920  73.30770111
v  46.07690048  22.30769920  73.30770111
v  46.07690048  22.30769920  73.30770111
v  46.07690048  22.30769920  73.40779877
v  46.07690048  22.30769920  73.30770111
v  46.07690048  22.30769920  73.30770111
v  46.07690048  22.30769920  73.30770111
v  46.07690048  22.30769920  73.30770111
v  46.07690048  22.30769920  73.30770111
v  46.07690048  22.30769920  73.30770111
v  46.07690048  22.30769920  73.30770111
v  46.07690048  22.30769920  73.30770111
v  46.07690048  22.30769920  73.30770111
v  46.07690048  22.30769920  73.30770111
v  46.07690048  22.30769920  73.30770111
v  46.07690048  22.30769920  73.30770111
v  46.07690048  22.30769920  73.30770111
v  46.07690048  22.30769920  73.30770111
v  46.07690048  22.30769920  73.30770111
v  46.07690048  22.30769920  73.30770111
v  46.07690048  22.30769920  73.30770111
v  46.07690048  22.30769920  73.30770111
v  46.07690048  22.30769920  73.30770111
v  46.07690048  22.30769920  73.30770111
v  46.07690048  22.30769920  73.30770111
v  46.07690048  22.30769920  73.30770111
v  46.07690048  22.30769920  73.30770111
v  46.07690048  22.30769920  73.30770111
v  46.07690048  22.30769920  73.30770111
v  46.07690048  22.30769920  73.30770111
v  46.07690048  22.30769920  73.30770111
v  46.07690048  22.30769920  73.30770111
v  46.07690048  22.30769920  73.30770111
v  46.07690048  22.30769920  73.30770111
v  46.07690048  22.30769920  73.30770111
v  46.07690048  22.30769920  73.30770111
v  46.07690048  22.30769920  73.30770111
v  75.00000000  0.46155900  103.46199799
v  75.00000000  0.46155900  103.46199799
v  75.00000000  0.46155399  103.46199799
v  75.00000000  0.46158099  103.46199799
v  75.00000000  0.46155900  103.46199799
v  75.00000000  0.46155900  103.46199799
v  75.00000000  0.46158999  103.46199799
v  75.00000000  0.46158099  103.46199799
v  75.00000000  0.46155900  103.46199799
v  75.00000000  0.46158099  103.46199799
v  74.69229889  0.46155900  103.76899719
v  74.53849792  0.46155900  103.76899719
v  74.69229889  0.46155900  103.76899719
v  74.53849792  0.46155900  103.76899719
v  74.69229889  0.46155900  103.76899719
v  74.69229889  0.46156099  103.76899719
v  74.69229889  0.46156099  103.76899719
v  74.69229889  0.46155900  103.76899719
v  74.69229889  0.46155900  103.76899719
v  74.69229889  0.46156099  103.76899719
v  74.69229889  0.46156201  103.76899719
v  74.38459778  0.46155900  103.76899719
v  73.87850189  0.46155900  103.76899719
v  51.37400055  0.46155900  103.76899719
v  73.87850189  0.46155900  103.76899719
v  51.37400055  0.46155900  103.76899719
v  74.38459778  0.46155900  103.76899719
v  74.69229889  0.46155900  103.76899719
v  74.69229889  0.46155900  103.76899719
v  74.69229889  0.46156099  103.76899719
v  74.69229889  0.46155900  103.76899719
v  74.84609985  0.46155900  103.72799683
v  74.90989685  0.46155900  103.67900085
v  74.84609985  0.46155900  103.72799683
v  74.90989685  0.46155900  103.67900085
v  74.84609985  0.46155900  103.72799683
v  74.90989685  0.46155801  103.67900085
v  74.84609985  0.46153900  103.72799683
v  74.90989685  0.46155900  103.67900085
v  74.90989685  0.46155900  103.67900085
v  74.90989685  0.46157700  103.67900085
v  74.90989685  0.46157700  103.67900085
v  74.90989685  0.46155801  103.67900085
v  74.95880127  0.46155801  103.61499786
v  74.90989685  0.46155900  103.67900085
v  74.84609985  0.46155900  103.72799683
v  74.90989685  0.46155900  103.67900085
v  74.95880127  0.46157601  103.61499786
v  74.95880127  0.46157601  103.61499786
v  74.95880127  0.46157700  103.61499786
v  74.84609985  0.46155900  103.72799683
v  74.84609985  0.46155900  103.72799683
v  74.84609985  0.46155900  103.72799683
v  74.77189636  0.46155900  103.75900269
v  74.84609985  0.46156099  103.72799683
v  74.84609985  0.46155900  103.72799683
v  74.84609985  0.46156099  103.72799683
v  74.84609985  0.46156099  103.72799683
v  74.84609985  0.46156201  103.72799683
v  74.77189636  0.46156999  103.75900269
v  74.84609985  0.46156201  103.72799683
v  74.84609985  0.46155900  103.72799683
v  74.84609985  0.46156299  103.72799683
v  74.84609985  0.46157801  103.72799683
v  74.84609985  0.46156999  103.72799683
v  74.84609985  0.46157801  103.72799683
v  74.77189636  0.46157801  103.75900269
v  74.77189636  0.46155900  103.75900269
v  74.69229889  0.46155900  103.76899719
v  74.77189636  0.46155900  103.75900269
v  74.69229889  0.46155900  103.76899719
v  74.69229889  0.46155801  103.76899719
v  74.77189636  0.46156099  103.75900269
v  74.77189636  0.46156099  103.75900269
v  74.69229889  0.46155900  103.76899719
v  74.77189636  0.46155900  103.75900269
v  74.84619904  0.39261201  103.71900177
v  74.77189636  0.46155900  103.75900269
v  74.69229889  0.46155900  103.76899719
v  74.69229889  0.46155900  103.76899719
v  74.69229889  0.46155900  103.76899719
v  74.69229889  0.46155801  103.76899719
v  73.87850189  0.46155900  103.76899719
v  51.37400055  0.46155900  103.76899719
v  74.38459778  0.46155900  103.76899719
v  74.69229889  0.46155900  103.76899719
v  74.69229889  0.46155801  103.76899719
v  75.00000000  0.46155599  103.46199799
v  75.00000000  0.46155399  103.46199799
v  75.00000000  0.46155900  103.46199799
v  75.00000000  0.46155399  103.46199799
v  75.00000000  0.46155900  103.46199799
v  75.00000000  0.46155900  103.46199799
v  75.00000000  0.46155900  103.46199799
v  75.00000000  0.46155900  103.46199799
v  75.00000000  0.46155900  103.46199799
v  75.00000000  0.46155900  103.46199799
v  75.00000000  0.46155900  103.46199799
v  75.00000000  0.46156400  103.46199799
v  75.00000000  0.46156400  103.46199799
v  74.98950195  0.46156400  103.54100037
v  74.98950195  0.46155599  103.54100037
v  74.98950195  0.46157700  103.54100037
v  74.98950195  0.46157700  103.54100037
v  74.98950195  0.46156400  103.54100037
v  74.98950195  0.46155500  103.54100037
v  74.95880127  0.46155500  103.61499786
v  75.00000000  0.46154699  103.46199799
v  75.00000000  0.46158099  103.46199799
v  75.00000000  0.46156400  78.38069916
v  75.00000000  0.46160501  103.46099854
v  75.00000000  0.46160501  103.46099854
v  75.00000000  0.46156400  73.30770111
v  74.98950195  0.38192001  73.30770111
v  75.00000000  0.46156999  73.30770111
v  75.00000000  0.46158499  73.30770111
v  75.00000000  0.46157199  73.30770111
v  75.00000000  0.46155599  73.30770111
v  74.98950195  0.46157700  73.22810364
v  75.00000000  0.46156099  73.30770111
v  75.00000000  0.46156999  73.30770111
v  75.00000000  0.46158099  73.30770111
v  75.00000000  0.46158099  73.30770111
v  75.00000000  0.46157700  73.30770111
v  75.00000000  0.46157700  73.30770111
v  74.98950195  0.46157700  73.22810364
v  74.98950195  0.60753798  73.22810364
v  75.00000000  0.46158099  73.30770111
v  75.00000000  0.46158099  73.30770111
v  75.00000000  0.46158099  73.30770111
v  75.00000000  0.46156999  73.30770111
v  75.00000000  0.46156400  73.30770111
v  74.98950195  0.38192001  73.30770111
v  46.07690048  0.46155900  103.76899719
v  46.07690048  0.46155500  103.76899719
v  46.07690048  0.46155900  103.76899719
v  46.07690048  0.46155900  103.76899719
v  46.07690048  0.46156099  103.76899719
v  46.07690048  0.46155900  103.76899719
v  46.07690048  0.46155900  103.76899719
v  46.07690048  0.46155900  103.76899719
v  46.07690048  0.46155900  103.76899719
v  46.07690048  0.46155900  103.76899719
v  46.07690048  0.46155900  103.76899719
v  46.07690048  0.46155900  103.76899719
v  46.07690048  0.46155900  103.76899719
v  46.07690048  0.46155900  103.76899719
v  46.07690048  0.46155900  103.76899719
v  46.07690048  0.46155900  103.76899719
v  46.07690048  0.46155900  103.76899719
v  46.07690048  0.46155900  103.76899719
v  46.07690048  0.38192001  103.75900269
v  46.07690048  0.46155900  103.76899719
v  46.07690048  0.38192001  103.75900269
v  46.07690048  0.46155900  103.76899719
v  46.07690048  0.46155900  103.76899719
v  46.07690048  0.46155900  103.76899719
v  46.07690048  0.46155900  103.76899719
v  46.07690048  0.46156099  103.76899719
v  46.07690048  0.46155900  103.76899719
v  46.07690048  0.46155900  103.76899719
v  46.07690048  0.46156201  103.76899719
v  74.69229889  22.30769920  73.30770111
v  74.69229889  22.30769920  73.30770111
v  74.69229889  22.30769920  73.30770111
v  74.69229889  22.30769920  73.30770111
v  74.69229889  22.29719925  73.22810364
v  74.69229889  22.29719925  73.22810364
v  74.69229889  22.30769920  73.30770111
v  74.69229889  22.29719925  73.22810364
v  74.69229889  22.29719925  73.22810364
v  74.69229889  22.26650047  73.15390015
v  74.69229889  22.30769920  73.30770111
v  74.69229889  22.30769920  73.30770111
v  74.69229889  22.30769920  73.30770111
v  74.69229889  22.26650047  73.15390015
v  74.69229889  22.26650047  73.15380096
v  74.69229889  22.26650047  73.15380096
v  74.69229889  22.26650047  73.15380096
v  46.23080063  22.26650047  73.15390015
v  74.69229889  22.26650047  73.15380096
v  74.90090179  22.21680069  73.24960327
v  74.90090179  22.21680069  73.24960327
v  74.84609985  22.26650047  73.30770111
v  74.84619904  22.25740051  73.23870087
v  74.90989685  22.20050049  73.22810364
v  74.84609985  22.25740051  73.23870087
v  74.84619904  22.23080063  73.17449951
v  74.84609985  22.26650047  73.30770111
v  74.77189636  22.25740051  73.15910339
v  74.77189636  22.29719925  73.30770111
v  74.84609985  22.26650047  73.30770111
v  74.90989685  22.20050049  73.22810364
v  74.94969940  22.14859962  73.22810364
v  74.88990021  22.20170021  73.19120026
v  74.84609985  22.23080063  73.17440033
v  74.77189636  22.28709984  73.23079681
v  74.77189636  22.28709984  73.23079681
v  74.69229889  22.26650047  73.15380096
v  74.69229889  22.26650047  73.15380096
v  74.69229889  22.26650047  73.15380096
v  74.84609985  22.18840027  73.11930084
v  74.69229889  22.30769920  73.30770111
v  74.69229889  22.29719925  73.22810364
v  74.69229889  22.29719925  73.22810364
v  74.69229889  22.29719925  73.22810364
v  74.69229889  22.29719925  73.22810364
v  74.69229889  22.30769920  73.30770111
v  74.69229889  22.21759987  73.09010315
v  74.69229889  22.21759987  73.09010315
v  46.07690048  22.21759987  73.09010315
v  74.97940063  22.07690048  73.22810364
v  74.94969940  22.14859962  73.22810364
v  74.94969940  22.06900024  73.15380096
v  74.98950195  22.00000000  73.22810364
v  74.95880127  22.00000000  73.15380096
v  74.92310333  22.13319969  73.15380096
v  75.00000000  22.00000000  73.30770111
v  74.95880127  22.00000000  73.15390015
v  74.95880127  22.00000000  73.15390015
v  74.95880127  22.00000000  73.15390015
v  74.98950195  22.00000000  73.22810364
v  74.95880127  22.00000000  73.15390015
v  74.95880127  22.00000000  73.15390015
v  74.98950195  22.00000000  73.22810364
v  74.95880127  22.00000000  73.15390015
v  74.95880127  22.00000000  73.15390015
v  75.00000000  22.00000000  73.30770111
v  74.95880127  0.56851798  73.15390015
v  74.90989685  22.00000000  73.09010315
v  46.07690048  22.29719925  73.22810364
v  46.07690048  22.29719925  73.22810364
v  46.07690048  22.29719925  73.22810364
v  46.07699966  22.26650047  73.15380096
v  46.07690048  22.26650047  73.15390015
v  46.07690048  22.26650047  73.15390015
v  46.07699966  22.26650047  73.15380096
v  46.07690048  22.26650047  73.15380096
v  46.07690048  22.26650047  73.15380096
v  46.07690048  22.26650047  73.15390015
v  46.07690048  22.26650047  73.15390015
v  45.99729919  22.28709984  73.23079681
v  45.99729919  22.25740051  73.15910339
v  45.99729919  22.28709984  73.23079681
v  46.07690048  22.26650047  73.15390015
v  46.07690048  22.29719925  73.22810364
v  46.07690048  22.29719925  73.22810364
v  46.07690048  22.29719925  73.22810364
v  46.07690048  22.26650047  73.15390015
v  46.07690048  22.21759987  73.09010315
v  74.95880127  0.46156800  73.15390015
v  74.95880127  0.46156600  73.15390015
v  74.90989685  0.46156800  73.09010315
v  74.95880127  0.46156999  73.15390015
v  74.95880127  0.46156999  73.15390015
v  74.95880127  0.46156800  73.15390015
v  74.95880127  0.46154299  73.15380096
v  74.95880127  0.46156099  73.15390015
v  74.98950195  0.46156999  73.22810364
v  74.98950195  0.46156999  73.22810364
v  74.98950195  0.46156600  73.22810364
v  74.98950195  0.46156099  73.22810364
v  74.98950195  0.46155599  73.22810364
v  74.97940063  0.38464400  73.22810364
v  74.95880127  0.46155900  73.15390015
v  74.95880127  0.46156099  73.15390015
v  74.98950195  0.46155900  73.22810364
v  74.98950195  0.46155900  73.22810364
v  74.95880127  0.46155900  73.15390015
v  74.95880127  0.46155900  73.15390015
v  74.95880127  0.46155900  73.15390015
v  74.95880127  0.46156099  73.15390015
v  74.95880127  0.46156099  73.15390015
v  74.98950195  0.46156099  73.22810364
v  74.98950195  0.46155900  73.22810364
v  74.98950195  0.46155900  73.22810364
v  74.95880127  0.46156099  73.15390015
v  74.95880127  0.46155900  73.15390015
v  74.98950195  0.46155900  73.22810364
v  74.98950195  0.38192701  73.30770111
v  75.00000000  0.46155599  73.30770111
v  46.07690048  22.30769920  73.30770111
v  46.07690048  22.30769920  73.30770111
v  46.07690048  22.30769920  73.30770111
v  46.07690048  22.30769920  73.30770111
v  45.99729919  22.29719925  73.30770111
v  45.99729919  22.29719925  73.30770111
v  46.07690048  22.30769920  73.30770111
v  45.99729919  22.29719925  73.30770111
v  46.07690048  22.30769920  73.30770111
v  45.92309952  22.26650047  73.30770111
v  45.99729919  22.29719925  73.30770111
v  45.99729919  22.29719925  73.30770111
v  45.92309952  22.26650047  73.30770111
v  45.92309952  22.26650047  73.43620300
v  45.92309952  22.26650047  73.30770111
v  45.92309952  22.26650047  73.30770111
v  45.85940170  22.21759987  73.30770111
v  45.92309952  22.26650047  73.30770111
v  45.99729919  22.29719925  103.46199799
v  45.99729919  22.29719925  103.46199799
v  46.07690048  22.30769920  103.46199799
v  46.07690048  22.30769920  103.46199799
v  46.07690048  22.30769920  103.46199799
v  45.99729919  22.29719925  103.46199799
v  45.99729919  22.29719925  103.46199799
v  45.99729919  22.29719925  103.46199799
v  45.99729919  22.29719925  103.46199799
v  45.99729919  22.29719925  103.46199799
v  45.99729919  22.29719925  103.46199799
v  46.07690048  22.15379906  103.72799683
v  45.99729919  22.14859962  103.71900177
v  45.99729919  22.21019936  103.67199707
v  45.92309952  22.18840027  103.65000153
v  45.99729919  22.21019936  103.67199707
v  45.99729919  22.25740051  103.61000061
v  45.99729919  22.21019936  103.67199707
v  45.92309952  22.18840027  103.65000153
v  45.92309952  22.15390015  103.67600250
v  45.99729919  22.14859962  103.71900177
v  45.99729919  22.21019936  103.67199707
v  45.92309952  22.23080063  103.59500122
v  46.07690048  22.26650047  103.61499786
v  46.07690048  22.21759987  103.67900085
v  45.92309952  22.23080063  103.59500122
v  45.86930084  22.16329956  103.61499786
v  45.99729919  22.25740051  103.61000061
v  45.99729919  22.28709984  103.53800201
v  45.99729919  22.28709984  103.53800201
v  45.99729919  22.29719925  103.46199799
v  45.92309952  22.25740051  103.52999878
v  45.92309952  22.25740051  103.52999878
v  45.86830139  22.21680069  103.51999664
v  45.92309952  22.26650047  103.46199799
v  45.92309952  22.26650047  103.46199799
v  45.92309952  22.26650047  103.46199799
v  45.92309952  22.26650047  103.46199799
v  45.85940170  22.21759987  103.46199799
v  45.99729919  22.29719925  103.46199799
v  45.92309952  22.26650047  103.46199799
v  45.92309952  22.26650047  103.46199799
v  45.92309952  22.26650047  103.46199799
v  45.85940170  22.21759987  73.61540222
v  45.92309952  22.26650047  103.46199799
v  45.85940170  22.21759987  103.46199799
v  45.85940170  22.21759987  103.46199799
v  45.99729919  22.07690048  103.74900055
v  45.92309952  22.06900024  103.71900177
v  45.92309952  22.06900024  103.71900177
v  45.92309952  22.13319969  103.69200134
v  45.92309952  22.00000000  103.72799683
v  45.92309952  22.13319969  103.69200134
v  45.87689972  22.11549950  103.66200256
v  45.87689972  22.11549950  103.66200256
v  45.92309952  22.00000000  103.72799683
v  45.99729919  22.00000000  103.75900269
v  45.99729919  22.00000000  103.75900269
v  45.99729919  22.00000000  103.75900269
v  45.92309952  22.00000000  103.72799683
v  45.99729919  22.00000000  103.75900269
v  45.92309952  22.00000000  103.72799683
v  45.99729919  22.29719925  73.30770111
v  45.99729919  0.46156099  103.75900269
v  45.99729919  0.46155801  103.75900269
v  45.99729919  0.46156099  103.75900269
v  45.99729919  0.46156201  103.75900269
v  45.99729919  0.46156201  103.75900269
v  45.99729919  0.46156201  103.75900269
v  45.99729919  0.46156201  103.75900269
v  46.07690048  0.46156201  103.76899719
v  45.92309952  0.46156201  103.72799683
v  45.92309952  0.46156099  103.72799683
v  45.92309952  0.46155900  103.72799683
v  45.92309952  0.46156099  103.72799683
v  45.92309952  0.46156099  103.72799683
v  45.92309952  0.46156201  103.72799683
v  46.07690048  0.46155900  103.76899719
v  45.92309952  0.39259300  103.71900177
v  45.92309952  0.46155900  103.72799683
v  45.92309952  0.46155900  103.72799683
v  45.92309952  22.26650047  73.30770111
v  45.92309952  22.26650047  73.30770111
v  45.92309952  22.26650047  73.30770111
v  45.92309952  22.25740051  73.23870087
v  45.92309952  22.26650047  73.30770111
v  45.99729919  22.25740051  73.15910339
v  45.92309952  22.23080063  73.17449951
v  45.99729919  22.25340080  73.15380096
v  45.92309952  22.23080063  73.17449951
v  75.00000000  0.46154699  103.46199799
v  75.00000000  0.46153599  103.46199799
v  75.00000000  0.46154699  103.46199799
v  75.00000000  0.46154699  103.46199799
v  74.95880127  0.30771801  103.46199799
v  74.95880127  0.30772099  103.46199799
v  74.98950195  0.38191801  103.46199799
v  74.95880127  0.30771399  103.46199799
v  74.90989685  0.24398200  103.46199799
v  74.95880127  0.30771801  103.46199799
v  74.90989685  0.24398901  103.46199799
v  74.90989685  0.24398200  103.46199799
v  74.98950195  0.38192701  103.46199799
v  74.98950195  0.38193199  103.46199799
v  75.00000000  0.46152201  103.46199799
v  74.98950195  0.38192701  103.46199799
v  74.95880127  0.30771700  103.46199799
v  75.00000000  0.46153599  103.46199799
v  75.00000000  0.46152201  103.46199799
v  74.98950195  0.38193199  103.46199799
v  74.98950195  0.38191801  103.46199799
v  56.34550095  0.46155801  103.76899719
v  74.90989685  0.46153900  103.67900085
v  74.89240265  0.34600899  103.66100311
v  74.84609985  0.32832101  103.69200134
v  74.84609985  0.30771399  103.67600250
v  74.89240265  0.34605801  103.66200256
v  74.86859894  0.28533801  103.63800049
v  74.90560150  0.40441701  103.67500305
v  74.89240265  0.34605801  103.66200256
v  74.94969940  0.39260799  103.61499786
v  74.90560150  0.40441701  103.67500305
v  74.90560150  0.40442300  103.67500305
v  74.90560150  0.40442300  103.67500305
v  74.90989685  0.46153900  103.67900085
v  74.84609985  0.39258599  103.71900177
v  74.89240265  0.34600899  103.66100311
v  74.92299652  0.32831800  103.61499786
v  74.89990234  0.29821199  103.61499786
v  74.92310333  0.32833099  103.61499786
v  74.94969940  0.39259401  103.61499786
v  74.77189636  0.46155900  103.75900269
v  74.77189636  0.38463101  103.74900055
v  74.84609985  0.32832101  103.69200134
v  74.84609985  0.27313700  103.65000153
v  74.77189636  0.31295499  103.71900177
v  74.77189636  0.25140700  103.67199707
v  74.77189636  0.31295899  103.71900177
v  74.69229889  0.30771399  103.72799683
v  74.69229889  0.30771601  103.72799683
v  74.69229889  0.30771399  103.72799683
v  74.69229889  0.24398901  103.67900085
v  74.77189636  0.25140101  103.67199707
v  74.69229889  0.24398699  103.67900085
v  74.69229889  0.38192001  103.75900269
v  74.77189636  0.38463300  103.74900055
v  74.69229889  0.46155700  103.76899719
v  74.69229889  0.46155700  103.76899719
v  74.69229889  0.38192299  103.75900269
v  74.69229889  0.30771399  103.72799683
v  74.69229889  0.24398901  103.67900085
v  74.69229889  0.38192099  103.75900269
v  74.69229889  0.38192400  103.75900269
v  74.69229889  0.38192099  103.75900269
v  74.69229889  0.38192400  103.75900269
v  74.69229889  0.30771601  103.72799683
v  46.07690048  0.38192001  103.75900269
v  74.69229889  0.30771601  103.72799683
v  74.69229889  0.46155700  103.76899719
v  74.94969940  0.31296200  103.54100037
v  74.94969940  0.31295300  103.54100037
v  74.97940063  0.38463199  103.54100037
v  74.97940063  0.38464001  103.54100037
v  74.98950195  0.38192001  103.46199799
v  74.98950195  0.38192701  103.46199799
v  74.95880127  0.30771300  103.46199799
v  74.98950195  0.38192001  73.30770111
v  74.95880127  0.30772099  73.30770111
v  74.95880127  0.30770901  73.30770111
v  74.95880127  0.30771601  73.30770111
v  74.95880127  0.30771700  73.30770111
v  74.98950195  0.38191801  73.30770111
v  74.90989685  0.24399200  73.30770111
v  74.90989685  0.24399200  73.30770111
v  74.95880127  0.30772099  103.46199799
v  74.95880127  0.30771700  73.30770111
v  74.98950195  0.38191801  73.30770111
v  74.97940063  0.38464200  73.22810364
v  74.98950195  0.38191801  73.30770111
v  74.95880127  0.30772099  73.30770111
v  46.07690048  0.46155500  103.76899719
v  46.07690048  0.38192001  103.75900269
v  46.07690048  0.30771601  103.72799683
v  74.69229889  0.30771399  103.72799683
v  46.07690048  0.30771399  103.72799683
v  46.07690048  0.30771399  103.72799683
v  46.07690048  0.30771399  103.72799683
v  46.07690048  0.24398901  103.67900085
v  46.07690048  0.30771399  103.72799683
v  46.07690048  0.30771601  103.72799683
v  46.07690048  0.24398901  103.67900085
v  46.07690048  0.38192701  103.75900269
v  46.07690048  0.46155801  103.76899719
v  74.94969940  0.31295100  73.22810364
v  74.94969940  0.31294999  73.22810364
v  74.89990234  0.29820600  73.15380096
v  74.92310333  0.32832199  73.15380096
v  74.94969940  0.39260101  73.15380096
v  46.07690048  0.30771300  103.72799683
v  45.99729919  0.31295499  103.71900177
v  45.99729919  0.30771399  103.71499634
v  45.92309952  0.32832399  103.69200134
v  45.99729919  0.25140300  103.67199707
v  45.99729919  0.31295699  103.71900177
v  45.92309952  0.32832599  103.69200134
v  45.99729919  0.38463700  103.74900055
v  45.92309952  0.39259100  103.71900177
v  45.92309952  0.27313700  103.65000153
v  45.87689972  0.34605700  103.66200256
v  45.99729919  0.38464001  103.74900055
v  45.86360168  0.40439701  103.67500305
v  45.86360168  0.40440300  103.67500305
v  74.69229889  22.00000000  73.00000000
v  74.69229889  22.00000000  73.00000000
v  74.69229889  22.00000000  73.00000000
v  74.69229889  22.00000000  73.00000000
v  74.69229889  22.00000000  73.00000000
v  74.69229889  22.00000000  73.00000000
v  74.69229889  22.00000000  73.00000000
v  74.69229889  22.00000000  73.00000000
v  55.09469986  22.00000000  73.00000000
v  46.13130188  22.00000000  73.00000000
v  46.07690048  22.00000000  73.00000000
v  46.13130188  22.00000000  73.00000000
v  55.09469986  22.00000000  73.00000000
v  53.10329819  22.00000000  73.00000000
v  53.10329819  22.00000000  73.00000000
v  55.09469986  22.00000000  73.00000000
v  74.69229889  22.00000000  73.00000000
v  74.69229889  22.00000000  73.00000000
v  74.69229889  22.00000000  73.00000000
v  74.69229889  22.00000000  73.00000000
v  74.69229889  22.00000000  73.00000000
v  74.69229889  22.00000000  73.00000000
v  74.69229889  22.00000000  73.00000000
v  74.69229889  22.00000000  73.00000000
v  74.69229889  22.00000000  73.00000000
v  74.69229889  22.00000000  73.00000000
v  71.04360199  0.46155900  73.00000000
v  74.69229889  22.00000000  73.00000000
v  74.69229889  22.00000000  73.00000000
v  74.69229889  22.00000000  73.00000000
v  74.69229889  22.00000000  73.00000000
v  74.69229889  22.00000000  73.00000000
v  74.69229889  22.00000000  73.00000000
v  74.69229889  22.00000000  73.00000000
v  74.69229889  22.00000000  73.00000000
v  74.69229889  22.00000000  73.00000000
v  74.69229889  22.00000000  73.00000000
v  74.77189636  22.00000000  73.01049805
v  74.69229889  22.00000000  73.00000000
v  74.69229889  22.00000000  73.00000000
v  74.69229889  22.00000000  73.00000000
v  74.69229889  21.84620094  73.00000000
v  74.69229889  22.00000000  73.00000000
v  74.69229889  22.00000000  73.00000000
v  74.69229889  10.33010006  73.00000000
v  74.69229889  10.33010006  73.00000000
v  74.69229889  22.21759987  73.09010315
v  74.69229889  22.15379906  73.04119873
v  74.69229889  22.15379906  73.04119873
v  74.69229889  22.15379906  73.04119873
v  74.69229889  22.21759987  73.09010315
v  74.69229889  22.15379906  73.04119873
v  74.69229889  22.21759987  73.09010315
v  74.69229889  22.15379906  73.04119873
v  74.69229889  22.15379906  73.04119873
v  74.69229889  22.15379906  73.04119873
v  74.89990234  22.16340065  73.15380096
v  74.88990021  22.20170021  73.19120026
v  74.92310333  22.13319969  73.15380096
v  74.89990234  22.16340065  73.15380096
v  74.86859894  22.17630005  73.13140106
v  74.86859894  22.17630005  73.13140106
v  74.69229889  22.26650047  73.15380096
v  74.69229889  22.21759987  73.09010315
v  74.84609985  22.18840027  73.11930084
v  74.84609985  22.18840027  73.11930084
v  74.77189636  22.21019936  73.09750366
v  74.84609985  22.18840027  73.11930084
v  74.77189636  22.25740051  73.15910339
v  74.77189636  22.21019936  73.09750366
v  74.77189636  22.21019936  73.09750366
v  74.77189636  22.21019936  73.09750366
v  74.69229889  22.21759987  73.09010315
v  74.69229889  22.21759987  73.09010315
v  74.69229889  22.15379906  73.04119873
v  74.69229889  22.21759987  73.09010315
v  74.77189636  22.14859962  73.05030060
v  74.69229889  22.21759987  73.09010315
v  74.69229889  22.21759987  73.09010315
v  74.69229889  22.15379906  73.04119873
v  74.69229889  22.15379906  73.04119873
v  74.69229889  22.07959938  73.01049805
v  74.69229889  22.15379906  73.04119873
v  74.69229889  22.07959938  73.01049805
v  74.69229889  22.07959938  73.01049805
v  74.69229889  22.00000000  73.00000000
v  74.89240265  22.11549950  73.10769653
v  74.86859894  22.17630005  73.13140106
v  74.89240265  22.11549950  73.10769653
v  74.84609985  22.13319969  73.07689667
v  74.89240265  22.11549950  73.10759735
v  74.90560150  22.05719948  73.09439850
v  74.89240265  22.11549950  73.10759735
v  74.90560150  22.05719948  73.09439850
v  74.84609985  22.13319969  73.07689667
v  74.90560150  22.05719948  73.09439850
v  74.90560150  22.05719948  73.09439850
v  74.84609985  22.00000000  73.04119873
v  74.90989685  22.00000000  73.09010315
v  74.94969940  22.06900024  73.15380096
v  74.90989685  22.00000000  73.09010315
v  74.84609985  22.00000000  73.04119873
v  74.84609985  22.06900024  73.05030060
v  74.77189636  22.14859962  73.05030060
v  74.84609985  22.06900024  73.05030060
v  74.77189636  22.07690048  73.02059937
v  74.77189636  22.00000000  73.01049805
v  74.77189636  22.07690048  73.02059937
v  74.69229889  22.07959938  73.01049805
v  74.69229889  22.07959938  73.01049805
v  74.84609985  22.00000000  73.04119873
v  74.69229889  22.00000000  73.00000000
v  46.07690048  22.15379906  73.04119873
v  74.69229889  22.15379906  73.04119873
v  74.69229889  22.07959938  73.01049805
v  46.07690048  22.07959938  73.01049805
v  46.07690048  22.00000000  73.00000000
v  46.07690048  22.07959938  73.01049805
v  74.84609985  22.00000000  73.04119873
v  74.90989685  22.00000000  73.09010315
v  74.90989685  22.00000000  73.09010315
v  74.90989685  22.00000000  73.09010315
v  74.90989685  22.00000000  73.09010315
v  74.90989685  22.00000000  73.09010315
v  74.90989685  22.00000000  73.09010315
v  74.90989685  22.00000000  73.09010315
v  74.90989685  22.00000000  73.09010315
v  74.90989685  22.00000000  73.09010315
v  74.84609985  22.00000000  73.04119873
v  74.84609985  22.00000000  73.04119873
v  74.84609985  22.00000000  73.04119873
v  74.90989685  22.00000000  73.09010315
v  74.90989685  22.00000000  73.09010315
v  74.84609985  22.00000000  73.04119873
v  74.84609985  22.00000000  73.04119873
v  74.84609985  22.00000000  73.04119873
v  74.84609985  22.00000000  73.04119873
v  74.77189636  22.00000000  73.01049805
v  74.77189636  22.00000000  73.01049805
v  74.77189636  22.00000000  73.01049805
v  74.77189636  22.00000000  73.01049805
v  74.77189636  22.00000000  73.01049805
v  74.77189636  0.46156201  73.01049805
v  74.77189636  22.00000000  73.01049805
v  74.77189636  0.46156800  73.01049805
v  74.77189636  22.00000000  73.01049805
v  74.69229889  0.46156201  73.00000000
v  74.84609985  0.46156800  73.04119873
v  46.07690048  22.00000000  73.00000000
v  46.07690048  22.00000000  73.00000000
v  46.07690048  22.00000000  73.00000000
v  46.07690048  22.00000000  73.00000000
v  46.07690048  22.00000000  73.00000000
v  46.07690048  22.00000000  73.00000000
v  46.07690048  0.46155900  73.00000000
v  46.07690048  11.38860035  73.00000000
v  46.07690048  11.38860035  73.00000000
v  46.07690048  0.46155900  73.00000000
v  46.07690048  9.36758041  73.00000000
v  46.07690048  22.00000000  73.00000000
v  46.07690048  22.00000000  73.00000000
v  46.07690048  22.00000000  73.00000000
v  46.07690048  22.00000000  73.00000000
v  46.07690048  22.00000000  73.00000000
v  46.07690048  11.12250042  73.00000000
v  46.07690048  22.00000000  73.00000000
v  46.07690048  11.38860035  73.00000000
v  46.07690048  9.36758041  73.00000000
v  46.07690048  22.21759987  73.09010315
v  46.07690048  22.21759987  73.09010315
v  46.07690048  22.21759987  73.09010315
v  46.07690048  22.21759987  73.09010315
v  46.07690048  22.15379906  73.04119873
v  46.07690048  22.15379906  73.04119873
v  46.07690048  22.21759987  73.09010315
v  46.07690048  22.21759987  73.09010315
v  46.07690048  22.15379906  73.04119873
v  46.07690048  22.07959938  73.01049805
v  46.07690048  22.15379906  73.04119873
v  46.07690048  22.15379906  73.04119873
v  46.07690048  22.15379906  73.04119873
v  46.07690048  22.15379906  73.04119873
v  46.07690048  22.15379906  73.04119873
v  46.07690048  22.07959938  73.01049805
v  46.07690048  22.07959938  73.01049805
v  46.07690048  22.07959938  73.01049805
v  46.07690048  22.07959938  73.01049805
v  46.07690048  22.07959938  73.01049805
v  46.07690048  22.00000000  73.00000000
v  46.07690048  22.00000000  73.00000000
v  45.99729919  22.14859962  73.05030060
v  46.07690048  22.00000000  73.00000000
v  46.07690048  22.00000000  73.00000000
v  46.07690048  22.00000000  73.00000000
v  46.07690048  22.00000000  73.00000000
v  46.07690048  22.00000000  73.00000000
v  46.07690048  22.00000000  73.00000000
v  46.07690048  22.00000000  73.00000000
v  46.07690048  22.00000000  73.00000000
v  46.07690048  22.00000000  73.00000000
v  46.07690048  22.00000000  73.00000000
v  46.07690048  22.00000000  73.00000000
v  46.07690048  22.00000000  73.00000000
v  46.07690048  22.00000000  73.00000000
v  46.07690048  22.00000000  73.00000000
v  46.07690048  22.00000000  73.00000000
v  46.07690048  22.00000000  73.00000000
v  46.07690048  22.00000000  73.00000000
v  46.07690048  22.00000000  73.00000000
v  46.07690048  0.46156299  73.00000000
v  45.99729919  0.51403397  73.01049805
v  71.04360199  0.46155900  73.00000000
v  74.69229889  0.46156099  73.00000000
v  74.69229889  0.46155700  73.00000000
v  74.69229889  0.46156099  73.00000000
v  74.69229889  0.46156299  73.00000000
v  74.69229889  0.46156299  73.00000000
v  74.69229889  10.33010006  73.00000000
v  74.69229889  0.46156299  73.00000000
v  74.69229889  0.46156099  73.00000000
v  74.69229889  0.46156099  73.00000000
v  74.69229889  0.46156299  73.00000000
v  74.69229889  0.46156201  73.00000000
v  74.69229889  0.46156099  73.00000000
v  74.69229889  0.46155900  73.00000000
v  74.69229889  0.46155700  73.00000000
v  74.90989685  0.46156800  73.09010315
v  74.90989685  0.46155900  73.09010315
v  74.90989685  22.00000000  73.09010315
v  74.84609985  0.46155900  73.04119873
v  74.90989685  0.46155900  73.09010315
v  74.84609985  0.46155900  73.04119873
v  74.84609985  0.46155900  73.04119873
v  74.84609985  0.46155900  73.04119873
v  74.84609985  0.46155900  73.04119873
v  74.84609985  0.46155900  73.04119873
v  74.90989685  0.46155900  73.09010315
v  74.84609985  0.46155900  73.04119873
v  74.84609985  0.46155900  73.04119873
v  74.90989685  0.46155900  73.09010315
v  74.90989685  0.46155399  73.09010315
v  74.84609985  0.46155900  73.04119873
v  74.84609985  0.46155900  73.04119873
v  74.84609985  0.46156099  73.04119873
v  74.90989685  0.46155900  73.09010315
v  74.90989685  0.46156800  73.09010315
v  74.90989685  0.46155399  73.09010315
v  74.90989685  0.46154299  73.09010315
v  74.90989685  0.46155900  73.09010315
v  74.84609985  0.46155900  73.04119873
v  74.84609985  0.46156099  73.04119873
v  74.77189636  0.46156201  73.01049805
v  74.84609985  0.46156099  73.04119873
v  74.84609985  0.46156299  73.04119873
v  74.84609985  0.46156800  73.04119873
v  74.77189636  0.46156299  73.01049805
v  74.77189636  0.46156800  73.01049805
v  74.77189636  0.46156201  73.01049805
v  74.77189636  0.46156099  73.01049805
v  74.69229889  0.46156201  73.00000000
v  74.69229889  0.46156201  73.00000000
v  74.69229889  0.46156201  73.00000000
v  74.69229889  0.46156201  73.00000000
v  74.69229889  0.46156299  73.00000000
v  74.84609985  0.46155399  73.04119873
v  74.84609985  0.46155801  73.04119873
v  74.84609985  0.39259601  73.05030060
v  74.77189636  0.38464001  73.02059937
v  74.77189636  0.38463700  73.02059937
v  74.77189636  0.46155900  73.01049805
v  74.69229889  0.46155900  73.00000000
v  74.69229889  0.46155900  73.00000000
v  74.69229889  0.46155900  73.00000000
v  74.77189636  0.46155900  73.01049805
v  74.69229889  0.46155900  73.00000000
v  74.77189636  0.46156099  73.01049805
v  74.77189636  0.46155900  73.01049805
v  74.77189636  0.46155900  73.01049805
v  74.77189636  0.46156099  73.01049805
v  74.77189636  0.46156201  73.01049805
v  74.77189636  0.46156201  73.01049805
v  74.69229889  0.46155900  73.00000000
v  74.69229889  0.46155900  73.00000000
v  74.69229889  0.46155900  73.00000000
v  74.69229889  0.46156099  73.00000000
v  74.69229889  0.46155900  73.00000000
v  74.69229889  0.46156099  73.00000000
v  74.69229889  0.46156099  73.00000000
v  74.69229889  0.46156201  73.00000000
v  74.77189636  0.46155900  73.01049805
v  74.69229889  0.46155900  73.00000000
v  74.69229889  0.46155900  73.00000000
v  45.99729919  22.00000000  73.01049805
v  46.07690048  0.46156600  73.00000000
v  46.07690048  0.46156299  73.00000000
v  46.07690048  0.46155900  73.00000000
v  46.07690048  0.46155900  73.00000000
v  46.07690048  0.46155900  73.00000000
v  46.07690048  0.46155900  73.00000000
v  46.07690048  0.46156299  73.00000000
v  46.07690048  0.46155900  73.00000000
v  46.07690048  0.46155900  73.00000000
v  46.07690048  0.46155900  73.00000000
v  46.07690048  0.46155900  73.00000000
v  46.07690048  0.46155900  73.00000000
v  46.07690048  0.46155900  73.00000000
v  46.07690048  0.46155900  73.00000000
v  46.07690048  0.46155900  73.00000000
v  46.07690048  0.46155801  73.00000000
v  46.07690048  0.46155801  73.00000000
v  46.07690048  0.46155900  73.00000000
v  46.07690048  0.46155900  73.00000000
v  71.04360199  0.46155900  73.00000000
v  46.07690048  0.46155700  73.00000000
v  46.07690048  22.21759987  73.09010315
v  46.07690048  22.21759987  73.09010315
v  45.99729919  22.21019936  73.09750366
v  45.99729919  22.21019936  73.09750366
v  45.99729919  22.21019936  73.09750366
v  45.99729919  22.14859962  73.05030060
v  45.99729919  22.21019936  73.09750366
v  45.92309952  22.18840027  73.11930084
v  45.92309952  22.18840027  73.11930084
v  45.92309952  22.18840027  73.11930084
v  45.92309952  22.13319969  73.07689667
v  45.99729919  22.07690048  73.02059937
v  45.92309952  22.13319969  73.07689667
v  45.92309952  22.18840027  73.11930084
v  45.99729919  22.07690048  73.02059937
v  45.92309952  22.06900024  73.05030060
v  45.99729919  22.00000000  73.01049805
v  45.92309952  22.06900024  73.05030060
v  45.92309952  22.00000000  73.04119873
v  45.92309952  22.13319969  73.07689667
v  45.99729919  22.00000000  73.01049805
v  45.99729919  22.00000000  73.01049805
v  45.92309952  22.00000000  73.04119873
v  45.99729919  22.00000000  73.01049805
v  45.92309952  22.00000000  73.04119873
v  45.92309952  22.00000000  73.04119873
v  45.85940170  22.00000000  73.09010315
v  45.92309952  0.54826897  73.04119873
v  45.92309952  0.54826897  73.04119873
v  45.92309952  0.54826897  73.04119873
v  45.92309952  0.50860798  73.04119873
v  46.07690048  0.46156600  73.00000000
v  45.92309952  0.46156600  73.04119873
v  45.99729919  0.46156600  73.01049805
v  45.99729919  0.46156099  73.01049805
v  45.99729919  0.46155801  73.01049805
v  45.99729919  0.46156600  73.01049805
v  45.99729919  0.46156600  73.01049805
v  45.99729919  0.46156600  73.01049805
v  45.92309952  0.46156600  73.04119873
v  45.92309952  0.46156600  73.04119873
v  45.92309952  0.46156099  73.04119873
v  45.92309952  0.46155801  73.04119873
v  45.92309952  0.39259300  73.05030060
v  45.92309952  0.46156600  73.04119873
v  45.92309952  0.46156099  73.04119873
v  45.92309952  0.46156099  73.04119873
v  45.92309952  0.46155900  73.04119873
v  74.69229889  0.38192299  73.01049805
v  74.69229889  0.38192299  73.01049805
v  74.69229889  0.30771399  73.04119873
v  74.69229889  0.24398901  73.09010315
v  74.69229889  0.30771399  73.04119873
v  74.69229889  0.24398801  73.09010315
v  74.69229889  0.24398801  73.09010315
v  74.69229889  0.30771399  73.04119873
v  74.69229889  0.24398699  73.09010315
v  74.84609985  0.39260101  73.05030060
v  74.90989685  0.46154299  73.09010315
v  74.90560150  0.40441400  73.09439850
v  74.90560150  0.40441400  73.09439850
v  74.90560150  0.40441000  73.09439850
v  74.89240265  0.34605500  73.10759735
v  74.90560150  0.40441000  73.09439850
v  74.89240265  0.34605500  73.10759735
v  74.84609985  0.32832101  73.07689667
v  74.89230347  0.34604600  73.10759735
v  74.86849976  0.28529200  73.13140106
v  74.89230347  0.34604600  73.10759735
v  74.84609985  0.32832101  73.07689667
v  74.86849976  0.28529200  73.13140106
v  74.77189636  0.31295201  73.05030060
v  74.84609985  0.27314201  73.11930084
v  74.77189636  0.25140700  73.09750366
v  74.92310333  0.32832900  73.15380096
v  74.94969940  0.39260700  73.15380096
v  74.77189636  0.31295601  73.05030060
v  74.69229889  0.38192299  73.01049805
v  46.07690048  0.46155801  73.00000000
v  46.07690048  0.46155801  73.00000000
v  46.07690048  0.38192701  73.01049805
v  46.07690048  0.46155500  73.00000000
v  46.07690048  0.46155700  73.00000000
v  46.07690048  0.46155700  73.00000000
v  46.07690048  0.46155500  73.00000000
v  46.07690048  0.38192701  73.01049805
v  46.07690048  0.38192701  73.01049805
v  46.07690048  0.38192400  73.01049805
v  46.07690048  0.38192400  73.01049805
v  45.99729919  0.38463801  73.02059937
v  46.07690048  0.38192600  73.01049805
v  46.07690048  0.30771399  73.04119873
v  46.07690048  0.30771399  73.04119873
v  46.07690048  0.30771300  73.04119873
v  46.07690048  0.38192400  73.01049805
v  46.07690048  0.38192201  73.01049805
v  46.07690048  0.30771399  73.04119873
v  46.07690048  0.38192201  73.01049805
v  74.69229889  0.30771399  73.04119873
v  46.07690048  0.38192400  73.01049805
v  45.99729919  0.38463700  73.02059937
v  45.99729919  0.31295601  73.05030060
v  45.99729919  0.31295601  73.05030060
v  45.92309952  0.39258900  73.05030060
v  46.07690048  0.30771199  73.04119873
v  46.07690048  0.30771399  73.04119873
v  45.92309952  0.32832399  73.07689667
v  45.92309952  0.32832900  73.07689667
v  45.92309952  0.27313799  73.11930084
v  45.90069962  0.28530800  73.13140106
v  45.92309952  0.27313799  73.11930084
v  45.76919937  22.00000000  73.30770111
v  45.76919937  22.00000000  73.30770111
v  45.76919937  22.00000000  73.30770111
v  45.76919937  22.00000000  73.30770111
v  45.76919937  22.00000000  73.30770111
v  45.76919937  22.00000000  73.30770111
v  45.76919937  22.00000000  73.30770111
v  45.85940170  22.21759987  73.30770111
v  45.85940170  22.21759987  73.30770111
v  45.85940170  22.21759987  73.30770111
v  45.85940170  22.21759987  73.30770111
v  45.85940170  22.21759987  73.30770111
v  45.81050110  22.15379906  73.30770111
v  45.85940170  22.21759987  73.30770111
v  45.81050110  22.15379906  73.30770111
v  45.81050110  22.15379906  73.30770111
v  45.81050110  22.15379906  73.30770111
v  45.81050110  22.15379906  73.30770111
v  45.81050110  22.15379906  73.30770111
v  45.81050110  22.15379906  73.30770111
v  45.81050110  22.15379906  73.30770111
v  45.81050110  22.15379906  73.30770111
v  45.85940170  22.21759987  73.30770111
v  45.81050110  22.15379906  73.30770111
v  45.77970123  22.07959938  73.30770111
v  45.77970123  22.07959938  73.30770111
v  45.77970123  22.07959938  73.30770111
v  45.77970123  22.07959938  73.30770111
v  45.77970123  22.07959938  73.30770111
v  45.77970123  22.07959938  73.30770111
v  45.76919937  22.00000000  73.30770111
v  45.76919937  22.00000000  73.30770111
v  45.76919937  22.00000000  73.30770111
v  45.76919937  22.00000000  73.30770111
v  45.76919937  22.00000000  73.30770111
v  45.76919937  22.00000000  73.30770111
v  45.77970123  22.00000000  73.22810364
v  45.76919937  0.46156099  73.30770111
v  45.76919937  0.46156099  73.30770111
v  45.76919937  0.51588303  73.30770111
v  45.76919937  0.46156099  73.30770111
v  45.76919937  0.46156099  73.30770111
v  45.76919937  0.46156099  73.30770111
v  45.76919937  0.46156099  73.30770111
v  45.76919937  0.46156099  73.30770111
v  45.76919937  0.46156099  73.30770111
v  45.76919937  0.46156099  73.30770111
v  45.76919937  0.46156099  73.30770111
v  45.76919937  0.46156099  73.30770111
v  45.76919937  0.46155900  73.30770111
v  45.76919937  0.46155900  73.30770111
v  45.76919937  0.46155900  73.30770111
v  45.76919937  0.46155900  73.30770111
v  45.76919937  0.46155900  73.30770111
v  45.76919937  0.46155900  73.30770111
v  45.76919937  0.46155900  73.30770111
v  45.76919937  0.46155900  73.30770111
v  45.77970123  0.38192001  73.30770111
v  45.76919937  0.46156099  73.30770111
v  45.76919937  0.46155900  73.30770111
v  45.76919937  0.46156099  73.30770111
v  45.76919937  22.00000000  75.13849640
v  45.76919937  22.00000000  73.30770111
v  45.76919937  22.00000000  73.30770111
v  45.76919937  22.00000000  75.13849640
v  45.76919937  22.00000000  73.30770111
v  45.76919937  22.00000000  73.30770111
v  45.76919937  22.00000000  73.30770111
v  45.76919937  1.18074000  73.30770111
v  45.76919937  22.00000000  103.46199799
v  45.76919937  22.00000000  103.46199799
v  45.76919937  22.00000000  103.46199799
v  45.76919937  22.00000000  103.46199799
v  45.76919937  22.00000000  103.46199799
v  45.90069962  22.17630005  103.63800049
v  45.90069962  22.17630005  103.63800049
v  45.87929916  22.20170021  103.57800293
v  45.90069962  22.17630005  103.63800049
v  45.86930084  22.16329956  103.61499786
v  45.84619904  22.13319969  103.61499786
v  45.87929916  22.20170021  103.57800293
v  45.81949997  22.14859962  103.54100037
v  45.85940170  22.20050049  103.54100037
v  45.85940170  22.20050049  103.54100037
v  45.85940170  22.21759987  103.46199799
v  45.81050110  22.15379906  103.46199799
v  45.85940170  22.21759987  103.46199799
v  45.81050110  22.15379906  103.46199799
v  45.85940170  22.21759987  103.46199799
v  45.85940170  22.21759987  73.61540222
v  45.81050110  22.15379906  103.46199799
v  45.85940170  22.21759987  103.46199799
v  45.81050110  22.15379906  103.46099854
v  45.81050110  22.15379906  103.46099854
v  45.85940170  22.21759987  103.46199799
v  45.76919937  22.00000000  103.46199799
v  45.76919937  22.00000000  103.46199799
v  45.76919937  22.00000000  103.46199799
v  45.92309952  22.00000000  103.72799683
v  45.86360168  22.05719948  103.67500305
v  45.86360168  22.05719948  103.67500305
v  45.86360168  22.05719948  103.67500305
v  45.87689972  22.11549950  103.66200256
v  45.86360168  22.05719948  103.67500305
v  45.85940170  22.00000000  103.67900085
v  45.81050110  22.00000000  103.61499786
v  45.85940170  22.00000000  103.67900085
v  45.85940170  22.00000000  103.67900085
v  45.85940170  22.00000000  103.67900085
v  45.85940170  22.00000000  103.67900085
v  45.87689972  22.11549950  103.66200256
v  45.81949997  22.06900024  103.61499786
v  45.85940170  22.00000000  103.67900085
v  45.84619904  22.13319969  103.61499786
v  45.81949997  22.06900024  103.61499786
v  45.77970123  22.00000000  103.54100037
v  45.81050110  22.00000000  103.61499786
v  45.81050110  22.00000000  103.61499786
v  45.81050110  22.15379906  103.46199799
v  45.86830139  22.21680069  103.51999664
v  45.81949997  22.14859962  103.54100037
v  45.78990173  22.07690048  103.54100037
v  45.77970123  22.07959938  103.46199799
v  45.77970123  22.07959938  103.46199799
v  45.78990173  22.07690048  103.54100037
v  45.77970123  22.07959938  103.46199799
v  45.76919937  22.00000000  103.46199799
v  45.76919937  22.00000000  103.46199799
v  45.76919937  22.00000000  103.46199799
v  45.77970123  22.00000000  103.54100037
v  45.77970123  22.07959938  103.46199799
v  45.77970123  22.07959938  103.46199799
v  45.76919937  22.00000000  103.46199799
v  45.76919937  22.00000000  103.46199799
v  45.77970123  22.07959938  103.46199799
v  45.76919937  22.00000000  103.46199799
v  45.76919937  22.00000000  103.46199799
v  45.76919937  22.00000000  103.46199799
v  45.92309952  22.00000000  103.72799683
v  45.92309952  0.46155900  103.72799683
v  45.85940170  0.46155900  103.67900085
v  45.92309952  22.00000000  103.72799683
v  45.92309952  22.00000000  103.72799683
v  45.92309952  22.00000000  103.72799683
v  45.85940170  22.00000000  103.67900085
v  45.85940170  22.00000000  103.67900085
v  45.81050110  22.00000000  103.61499786
v  45.77970123  22.00000000  103.54100037
v  45.81050110  22.00000000  103.61499786
v  45.77970123  22.00000000  103.54100037
v  45.77970123  22.00000000  103.54100037
v  45.76919937  22.00000000  103.46199799
v  45.76919937  22.00000000  103.46199799
v  45.76919937  22.00000000  103.46199799
v  45.76919937  22.00000000  103.46199799
v  45.76919937  22.00000000  73.30770111
v  45.76919937  22.00000000  73.30770111
v  45.76919937  22.00000000  73.30770111
v  45.76919937  22.00000000  73.30770111
v  45.76919937  22.00000000  73.30770111
v  45.76919937  22.00000000  73.30770111
v  45.76919937  22.00000000  73.30770111
v  45.76919937  22.00000000  73.30770111
v  45.76919937  22.00000000  73.30770111
v  45.76919937  22.00000000  73.30770111
v  45.76919937  22.00000000  73.30770111
v  45.76919937  22.00000000  73.30770111
v  45.76919937  22.00000000  73.30770111
v  45.76919937  22.00000000  73.30770111
v  45.76919937  22.00000000  73.30770111
v  45.76919937  1.18074000  73.30770111
v  45.76919937  22.00000000  73.30770111
v  45.76919937  0.46155900  73.86859894
v  45.76919937  0.84608001  73.30770111
v  45.76919937  0.46155900  73.61540222
v  45.76919937  0.92309803  73.30770111
v  45.76919937  0.92309803  73.30770111
v  45.76919937  1.18074000  73.30770111
v  45.76919937  0.84608001  73.30770111
v  45.76919937  0.70327699  73.30770111
v  45.76919937  0.70327699  73.30770111
v  45.76919937  0.79175103  73.30770111
v  45.76919937  0.64703798  73.30770111
v  45.76919937  0.70327699  73.30770111
v  45.76919937  0.64703798  73.30770111
v  45.76919937  0.62083101  73.30770111
v  45.76919937  0.62083101  73.30770111
v  45.76919937  0.46155900  73.41259766
v  45.76919937  0.61540598  73.30770111
v  45.76919937  0.61540598  73.30770111
v  45.76919937  0.46155900  103.46199799
v  45.77970123  22.00000000  73.22810364
v  45.81050110  22.15379906  73.30770111
v  45.85940170  22.21759987  73.30770111
v  45.77970123  22.07959938  73.30770111
v  45.78990173  22.07690048  73.22810364
v  45.77970123  22.07959938  73.30770111
v  45.77970123  22.07959938  73.30770111
v  45.77970123  22.07959938  73.30770111
v  45.77970123  22.07959938  73.30770111
v  45.76919937  22.00000000  73.30770111
v  45.76919937  22.00000000  73.30770111
v  45.76919937  22.00000000  73.30770111
v  45.76919937  22.00000000  73.30770111
v  45.76919937  22.00000000  73.30770111
v  45.76919937  22.00000000  73.30770111
v  45.76919937  22.00000000  73.30770111
v  45.76919937  22.00000000  73.30770111
v  45.76919937  22.00000000  73.30770111
v  45.76919937  22.00000000  73.30770111
v  45.76919937  22.00000000  73.30770111
v  45.76919937  22.00000000  103.46199799
v  45.76919937  22.00000000  73.30770111
v  45.76919937  22.00000000  73.30770111
v  45.76919937  0.92309803  73.30770111
v  45.77970123  22.00000000  73.22810364
v  45.76919937  0.79175103  73.30770111
v  45.76919937  0.70327699  73.30770111
v  45.76919937  0.64703798  73.30770111
v  45.76919937  0.62083101  73.30770111
v  45.76919937  0.56168503  73.30770111
v  45.76919937  0.61540598  73.30770111
v  45.76919937  0.59833199  73.30770111
v  45.76919937  0.60997897  73.30770111
v  45.76919937  0.46155900  103.46199799
v  45.76919937  0.46155900  103.46199799
v  45.76919937  22.00000000  103.46199799
v  45.76919937  0.46155900  103.46199799
v  45.76919937  0.46155900  103.46199799
v  45.76919937  0.46155900  103.46199799
v  45.77970123  22.00000000  103.54100037
v  45.76919937  0.46155900  73.86859894
v  45.76919937  0.46155900  73.61540222
v  45.76919937  0.46155900  103.46199799
v  45.76919937  0.46155900  102.50900269
v  45.76919937  0.46155900  103.46199799
v  45.76919937  0.46155900  103.46199799
v  45.76919937  0.46155900  103.46199799
v  45.76919937  0.46155900  103.46199799
v  45.76919937  0.46155900  103.46199799
v  45.92309952  0.46156099  103.72799683
v  45.92309952  0.46156099  103.72799683
v  45.92309952  0.46155900  103.72799683
v  45.85940170  0.46155900  103.67900085
v  45.92309952  0.46155900  103.72799683
v  45.85940170  0.46155900  103.67900085
v  45.85940170  0.46155900  103.67900085
v  45.85940170  0.46155900  103.67900085
v  45.85940170  22.00000000  103.67900085
v  45.85940170  22.00000000  103.67900085
v  45.81050110  22.00000000  103.61499786
v  45.92309952  0.46155900  103.72799683
v  45.92309952  0.46155900  103.72799683
v  45.92309952  0.46155900  103.72799683
v  45.92309952  0.46156099  103.72799683
v  45.85940170  0.46155900  103.67900085
v  45.92309952  0.46155900  103.72799683
v  45.85940170  0.46155900  103.67900085
v  45.92309952  0.46156099  103.72799683
v  45.81050110  0.46155900  103.61499786
v  45.81050110  0.46155900  103.61499786
v  45.81050110  0.50860500  103.61499786
v  45.81050110  0.50860602  103.61499786
v  45.78950119  0.51230299  103.56500244
v  45.81050110  0.46155900  103.61499786
v  45.81050110  0.46155900  103.61499786
v  45.81050110  0.46155900  103.61499786
v  45.81050110  0.46155900  103.61499786
v  45.77970123  0.46155900  103.54100037
v  45.81050110  0.46155900  103.61499786
v  45.81050110  0.46156901  103.61499786
v  45.81050110  0.46156299  103.61499786
v  45.81050110  0.46156099  103.61499786
v  45.77970123  0.46155900  103.54100037
v  45.76919937  0.46155599  103.46199799
v  45.76919937  0.46155900  103.46199799
v  45.76919937  0.46155599  103.46199799
v  45.76919937  0.46155900  103.46199799
v  45.76919937  0.46155900  103.46199799
v  45.76919937  0.46155900  103.46199799
v  45.76919937  0.46155900  103.46199799
v  45.76919937  0.46155900  103.46199799
v  45.76919937  0.46155900  103.46199799
v  45.77970123  0.46156099  103.54100037
v  45.77970123  0.46156901  103.54100037
v  45.77970123  0.46156901  103.54100037
v  45.77970123  0.46156099  103.54100037
v  45.77970123  0.46156600  103.54100037
v  45.81050110  0.46156600  103.61499786
v  45.81050110  0.46156901  103.61499786
v  45.77970123  0.46155900  103.54100037
v  45.81050110  0.46156299  103.61499786
v  45.81050110  0.46156099  103.61499786
v  45.77970123  0.46155900  103.54100037
v  45.78990173  0.38463601  103.54100037
v  45.77970123  0.46155900  103.54100037
v  45.81050110  0.46155900  103.61499786
v  45.81949997  0.39259100  103.61499786
v  45.85940170  0.46155900  103.67900085
v  45.86360168  0.40439701  103.67500305
v  45.76919937  0.46155900  103.46199799
v  45.76919937  0.46155900  103.46199799
v  45.76919937  0.46155900  102.50900269
v  45.76919937  0.46155900  73.61540222
v  45.77970123  0.38192001  73.30770111
v  45.76919937  0.46155900  73.57489777
v  45.76919937  0.46155900  73.57489777
v  45.76919937  0.46155900  73.41259766
v  45.76919937  0.46155900  73.30770111
v  45.76919937  0.46155900  73.30770111
v  45.76919937  0.46155900  73.30770111
v  45.76919937  0.46155900  73.30770111
v  45.76919937  0.46155900  73.30770111
v  45.76919937  0.46155900  73.30770111
v  45.76919937  0.46156099  73.30770111
v  45.76919937  0.46156099  73.30770111
v  45.76919937  0.46156099  73.30770111
v  45.76919937  0.56168503  73.30770111
v  45.76919937  0.56168503  73.30770111
v  45.76919937  0.59833199  73.30770111
v  45.76919937  0.60997897  73.30770111
v  45.76919937  0.56168503  73.30770111
v  45.76919937  0.56168503  73.30770111
v  45.76919937  0.59833199  73.30770111
v  45.76919937  0.59833199  73.30770111
v  45.76919937  0.60997897  73.30770111
v  45.76919937  0.46155900  73.30770111
v  45.76919937  0.46156099  73.30770111
v  45.76919937  0.46156099  73.30770111
v  45.76919937  0.60997897  73.30770111
v  45.76919937  0.46155900  73.41259766
v  45.76919937  0.51588303  73.30770111
v  45.76919937  0.56168503  73.30770111
v  45.77970123  0.46156099  73.22810364
v  45.76919937  0.46156099  73.30770111
v  45.76919937  0.46156099  73.30770111
v  45.76919937  0.46155900  73.41259766
v  45.76919937  0.46155900  73.30770111
v  45.76919937  0.46155900  73.30770111
v  45.76919937  0.46155900  73.30770111
v  45.76919937  0.46155900  73.30770111
v  45.76919937  0.46155900  73.30770111
v  45.76919937  0.46155900  73.30770111
v  45.76919937  0.46155900  73.30770111
v  45.76919937  0.46155900  73.30770111
v  45.76919937  0.46155900  73.30770111
v  45.76919937  0.46155900  73.30770111
v  45.76919937  0.46155900  73.30770111
v  45.76919937  0.46155900  73.30770111
v  45.76919937  0.46156099  73.30770111
v  45.76919937  22.00000000  73.30770111
v  45.76919937  22.00000000  73.30770111
v  45.86830139  22.21680069  73.24960327
v  45.85940170  22.21759987  73.30770111
v  45.85940170  22.21759987  73.30770111
v  45.85940170  22.21759987  73.30770111
v  45.92309952  22.23080063  73.17449951
v  45.85940170  22.20050049  73.22810364
v  45.86830139  22.21680069  73.24960327
v  45.85940170  22.20050049  73.22810364
v  45.87929916  22.20170021  73.19120026
v  45.81959915  22.14859962  73.22810364
v  45.87929916  22.20170021  73.19120026
v  45.86930084  22.16329956  73.15380096
v  45.90069962  22.17630005  73.13140106
v  45.87689972  22.11549950  73.10759735
v  45.90069962  22.17630005  73.13140106
v  45.86930084  22.16329956  73.15380096
v  45.84619904  22.13319969  73.15380096
v  45.87689972  22.11549950  73.10759735
v  45.81949997  22.14859962  73.22810364
v  45.78990173  22.07690048  73.22810364
v  45.81949997  22.06900024  73.15380096
v  45.84619904  22.13319969  73.15380096
v  45.77970123  22.00000000  73.22810364
v  45.81050110  22.00000000  73.15390015
v  45.81050110  22.00000000  73.15380096
v  45.81050110  22.00000000  73.15390015
v  45.77970123  22.00000000  73.22810364
v  45.81949997  22.06900024  73.15380096
v  45.77970123  22.00000000  73.22810364
v  45.77970123  22.00000000  73.22810364
v  45.81050110  22.00000000  73.15380096
v  45.81050110  22.00000000  73.15380096
v  45.81050110  22.00000000  73.15380096
v  45.81050110  22.00000000  73.15380096
v  45.77970123  0.46156999  73.22810364
v  45.81050110  22.00000000  73.15380096
v  45.81050110  22.00000000  73.15380096
v  45.76919937  22.00000000  73.30770111
v  45.77970123  22.00000000  73.22810364
v  45.81050110  0.46156999  73.15390015
v  45.81050110  0.46156201  73.15380096
v  45.81050110  0.46155301  73.15380096
v  45.81050110  0.46156999  73.15390015
v  45.85940170  0.46156201  73.09010315
v  45.81050110  0.46156299  73.15390015
v  45.81949997  0.39259699  73.15380096
v  45.77970123  0.46156299  73.22810364
v  45.81949997  0.39258999  73.15380096
v  45.77970123  0.46156999  73.22810364
v  45.77970123  0.46156099  73.22810364
v  45.77970123  0.46155900  73.22810364
v  45.76919937  0.46156099  73.30770111
v  45.76919937  0.46156099  73.30770111
v  45.76919937  0.46155900  73.30770111
v  45.76919937  0.46155900  73.30770111
v  45.76919937  0.46155900  73.30770111
v  45.76919937  0.46155900  73.30770111
v  45.76919937  0.46155900  73.30770111
v  45.76919937  0.46155700  73.30770111
v  45.76919937  0.46155700  73.30770111
v  45.77970123  0.38192299  73.30770111
v  45.77970123  0.38192299  73.30770111
v  45.76919937  0.46155900  73.30770111
v  45.81050110  0.30771199  73.30770111
v  45.81050110  0.30771399  73.30770111
v  45.87689972  0.34605300  103.66200256
v  45.87689972  0.34605700  103.66200256
v  45.87689972  0.34605300  103.66200256
v  45.92309952  0.27313599  103.65000153
v  45.86360168  0.40440300  103.67500305
v  45.81959915  0.39258799  103.61499786
v  45.84619904  0.32832700  103.61499786
v  45.84619904  0.32832599  103.61499786
v  45.81949997  0.31295601  103.54100037
v  45.86930084  0.29820800  103.61499786
v  45.81949997  0.31295601  103.54100037
v  45.90069962  0.28530100  103.63800049
v  45.77970123  0.38192001  103.46199799
v  45.77970123  0.38192099  103.46199799
v  45.78990173  0.38463399  103.54100037
v  45.81050110  0.30771399  103.46199799
v  45.81050110  0.30771601  103.46199799
v  45.81050110  0.30771399  103.46199799
v  45.85940170  0.24398901  103.46199799
v  45.85940170  0.26106501  103.54100037
v  45.87929916  0.25986099  103.57800293
v  45.86830139  0.24475400  103.51999664
v  45.76919937  0.46155599  103.46199799
v  45.76919937  0.46155900  103.46199799
v  45.77970123  0.38192001  103.46199799
v  45.77970123  0.38192001  103.46199799
v  45.77970123  0.38192001  103.46199799
v  45.77970123  0.38192001  103.46199799
v  45.81050110  0.30771601  103.46199799
v  45.81050110  0.30771199  73.30770111
v  45.78990173  0.38463899  73.22810364
v  45.78990173  0.38463399  73.22810364
v  45.84619904  0.32832700  73.15380096
v  45.81949997  0.31295800  73.22810364
v  45.77970123  0.38192600  73.30770111
v  45.86360168  0.40440699  73.09439850
v  45.81949997  0.31295601  73.22810364
v  45.84619904  0.32832399  73.15380096
v  45.92309952  22.18840027  73.11930084
v  45.92309952  22.18840027  73.11930084
v  45.87689972  22.11549950  73.10759735
v  45.90069962  22.17630005  73.13140106
v  45.92309952  22.06900024  73.05030060
v  45.86360168  22.05719948  73.09439850
v  45.87689972  22.11549950  73.10759735
v  45.86360168  22.05719948  73.09439850
v  45.86360168  22.05719948  73.09439850
v  45.92309952  22.00000000  73.04119873
v  45.85940170  22.00000000  73.09010315
v  45.85940170  22.00000000  73.09010315
v  45.85940170  22.00000000  73.09010315
v  45.85940170  22.00000000  73.09010315
v  45.85940170  22.00000000  73.09010315
v  45.86360168  22.05719948  73.09439850
v  45.85940170  22.00000000  73.09010315
v  45.85940170  22.00000000  73.09010315
v  45.84619904  0.51525301  73.10729980
v  45.85940170  22.00000000  73.09010315
v  45.81050110  22.00000000  73.15380096
v  45.85940170  22.00000000  73.09010315
v  45.85940170  0.46155900  73.09010315
v  45.85940170  0.46155900  73.09010315
v  45.81050110  22.00000000  73.15380096
v  45.81050110  22.00000000  73.15380096
v  45.81050110  0.46156201  73.15380096
v  45.92309952  0.46155900  73.04119873
v  45.85940170  0.46156099  73.09010315
v  45.85940170  0.46156201  73.09010315
v  45.85940170  0.46156201  73.09010315
v  45.85940170  0.46156099  73.09010315
v  45.85940170  0.46156099  73.09010315
v  45.85940170  0.46155900  73.09010315
v  45.85940170  0.46156099  73.09010315
v  45.85940170  0.46155900  73.09010315
v  45.85940170  0.46155900  73.09010315
v  45.85940170  0.46155900  73.09010315
v  45.92309952  0.46155900  73.04119873
v  45.92309952  0.46155900  73.04119873
v  45.92309952  0.46155900  73.04119873
v  45.85940170  0.46155900  73.09010315
v  45.85940170  0.46155399  73.09010315
v  45.85940170  0.46155399  73.09010315
v  45.85940170  0.46155900  73.09010315
v  45.86360168  0.40439799  73.09439850
v  45.87689972  0.34605801  73.10759735
v  45.86360168  0.40439799  73.09439850
v  45.86360168  0.40440699  73.09439850
v  45.87689972  0.34605801  73.10759735
v  45.87689972  0.34604701  73.10769653
v  45.87689972  0.34604701  73.10769653
v  45.86930084  0.29821500  73.15380096
v  45.90069962  0.28530800  73.13140106
v  74.84609985  0.19509199  73.30770111
v  74.90989685  0.24398801  73.30770111
v  74.84609985  0.19508800  103.46199799
v  74.90989685  0.24398801  73.30770111
v  74.84609985  0.19509199  73.30770111
v  74.84609985  0.19509199  73.30770111
v  74.90989685  0.24398801  73.30770111
v  74.84609985  0.19509199  73.30770111
v  74.90989685  0.24399200  73.30770111
v  74.90989685  0.24398801  73.30770111
v  74.90989685  0.24398801  73.30770111
v  74.90989685  0.24398801  73.30770111
v  74.90989685  0.24399200  73.30770111
v  74.77189636  0.16435100  73.30770111
v  74.77189636  0.16435200  73.30770111
v  74.69229889  0.15386900  73.30770111
v  74.84609985  0.19509099  73.30770111
v  74.77189636  0.16435100  73.30770111
v  74.77189636  0.16435100  73.30770111
v  74.84609985  0.19509099  73.30770111
v  74.84609985  0.19508800  73.30770111
v  74.84609985  0.19508800  73.30770111
v  74.69229889  0.15386900  73.30770111
v  74.69229889  0.15386800  73.30770111
v  74.69229889  0.15386800  73.30770111
v  74.69229889  0.15386800  73.30770111
v  74.69229889  0.15386800  73.30770111
v  74.69229889  0.15386800  73.30770111
v  74.69229889  0.15386800  73.30770111
v  74.69229889  0.15386800  73.30770111
v  74.69229889  0.15386800  73.30770111
v  74.69229889  0.15386800  73.30770111
v  74.69229889  0.15386800  73.30770111
v  46.42509842  0.15386800  73.30770111
v  74.69229889  0.15386800  73.30770111
v  74.69229889  0.15386800  73.30770111
v  74.69229889  0.15386800  73.30770111
v  74.69229889  0.15386800  73.30770111
v  74.69229889  0.15386800  73.30770111
v  74.69229889  0.15386800  73.30770111
v  74.69229889  0.15386800  73.30770111
v  74.69229889  0.15386800  73.30770111
v  46.07690048  0.15386800  73.30770111
v  46.07690048  0.15386800  73.30770111
v  46.07690048  0.15386800  73.30770111
v  46.07690048  0.15386800  73.30770111
v  46.07690048  0.15386800  73.30770111
v  46.07690048  0.15386800  73.30770111
v  46.07690048  0.15386800  73.30770111
v  46.07690048  0.15386800  73.30770111
v  46.07690048  0.15386800  73.30770111
v  46.07690048  0.15386800  73.30770111
v  46.07690048  0.15386800  73.30770111
v  46.07690048  0.15386800  73.30770111
v  46.07690048  0.15386800  73.30770111
v  46.07690048  0.15386800  73.30770111
v  46.07690048  0.15386800  73.30770111
v  46.07690048  0.15386800  73.30770111
v  46.07690048  0.15386800  73.30770111
v  46.07690048  0.15386800  73.30770111
v  46.07690048  0.15386800  73.30770111
v  74.84609985  0.19508900  103.46199799
v  74.84609985  0.19509099  103.46199799
v  74.77189636  0.16435200  103.46199799
v  74.84609985  0.19509099  103.46199799
v  74.84609985  0.19508900  103.46199799
v  74.84609985  0.19508900  103.46199799
v  74.95880127  0.30771399  103.46199799
v  74.90989685  0.24398801  103.46199799
v  74.90989685  0.24398801  103.46199799
v  74.77189636  0.16435200  103.46199799
v  74.84609985  0.19508800  103.46199799
v  74.77189636  0.16435100  103.46199799
v  74.77189636  0.16435200  103.46199799
v  74.69229889  0.15386900  103.46199799
v  74.69229889  0.15386800  103.46199799
v  74.69229889  0.15386800  103.46199799
v  74.69229889  0.15386900  103.46199799
v  74.77189636  0.16435200  103.46199799
v  74.84609985  0.19509099  103.46199799
v  74.84609985  0.20417100  103.52999878
v  74.84609985  0.19508800  103.46199799
v  74.69229889  0.15386800  103.46199799
v  74.69229889  0.15386900  103.46199799
v  74.77189636  0.17447899  103.53800201
v  74.69229889  0.15386800  103.46199799
v  74.69229889  0.15386800  103.46199799
v  74.69229889  0.15386800  103.46199799
v  74.69229889  0.15386800  103.46199799
v  74.69229889  0.15386800  103.46199799
v  74.69229889  0.15386800  103.46199799
v  74.69229889  0.15386800  103.46199799
v  74.69229889  0.15386800  103.46199799
v  74.69229889  0.15386800  103.46199799
v  46.13130188  0.15386800  103.46199799
v  46.18190002  0.15386800  103.46199799
v  46.13130188  0.15386800  103.46199799
v  54.33470154  0.15386800  103.46199799
v  46.18190002  0.15386800  103.46199799
v  54.33470154  0.15386800  103.46199799
v  46.18190002  0.15386800  103.46199799
v  74.88990021  0.25985199  103.57800293
v  74.88990021  0.25985199  103.57800293
v  74.89990234  0.29821199  103.61499786
v  74.84609985  0.23079200  103.59500122
v  74.86859894  0.28533801  103.63800049
v  74.86859894  0.28533801  103.63800049
v  74.84609985  0.27313000  103.65000153
v  74.84609985  0.27313000  103.65000153
v  74.84609985  0.27313700  103.65000153
v  74.77189636  0.25140700  103.67199707
v  74.77189636  0.20417100  103.61000061
v  74.77189636  0.25140101  103.67199707
v  74.69229889  0.19509099  103.61499786
v  74.69229889  0.24398699  103.67900085
v  74.69229889  0.24398699  103.67900085
v  74.69229889  0.24398901  103.67900085
v  74.69229889  0.19509099  103.61499786
v  74.69229889  0.24398699  103.67900085
v  74.69229889  0.16435200  103.54100037
v  74.69229889  0.24398901  103.67900085
v  74.69229889  0.24398699  103.67900085
v  74.69229889  0.24398901  103.67900085
v  46.07690048  0.24398699  103.67900085
v  74.69229889  0.19509099  103.61499786
v  46.07690048  0.19509099  103.61499786
v  74.69229889  0.19509099  103.61499786
v  74.69229889  0.24398699  103.67900085
v  74.69229889  0.16435200  103.54100037
v  74.69229889  0.15386800  103.46199799
v  74.69229889  0.16435200  103.54100037
v  74.69229889  0.15386800  103.46199799
v  74.69229889  0.15386800  103.46199799
v  74.90090179  0.24475200  103.51999664
v  74.90989685  0.24398901  103.46199799
v  74.90090179  0.24475200  103.51999664
v  74.84609985  0.19509199  103.46199799
v  74.84609985  0.20417200  103.52999878
v  74.90989685  0.26105601  103.54100037
v  74.84609985  0.23079200  103.59500122
v  74.84609985  0.19509099  103.46199799
v  74.90989685  0.26105601  103.54100037
v  74.69229889  0.16435100  103.54100037
v  74.77189636  0.17447899  103.53800201
v  74.77189636  0.20417100  103.61000061
v  74.69229889  0.15386800  103.46199799
v  74.69229889  0.16435100  103.54100037
v  74.69229889  0.15386800  103.46199799
v  74.69229889  0.16435200  103.54100037
v  74.69229889  0.16435100  103.54100037
v  74.69229889  0.16435200  103.54100037
v  74.69229889  0.15386800  103.46199799
v  74.69229889  0.15386800  103.46199799
v  74.69229889  0.15386800  103.46199799
v  74.69229889  0.16435200  103.54100037
v  74.69229889  0.15386800  103.46199799
v  46.07690048  0.16435100  103.54100037
v  74.69229889  0.15386800  103.46199799
v  74.69229889  0.19509099  103.61499786
v  74.69229889  0.19509099  103.61499786
v  74.90989685  0.24397901  103.46199799
v  74.84609985  0.19509199  103.46199799
v  74.84609985  0.19509199  103.46199799
v  74.90989685  0.24397901  103.46199799
v  74.90989685  0.24397901  103.46199799
v  74.90989685  0.24397901  103.46199799
v  74.90989685  0.24397901  103.46199799
v  74.84609985  0.19509099  103.46199799
v  74.84609985  0.19508900  103.46199799
v  74.84609985  0.19508900  103.46199799
v  74.90989685  0.24398801  103.46199799
v  74.84609985  0.19508900  103.46199799
v  74.84609985  0.19508900  103.46199799
v  74.84609985  0.19508900  103.46199799
v  74.84609985  0.19509099  103.46199799
v  74.84609985  0.19508900  103.46199799
v  74.90989685  0.24398200  103.46199799
v  74.69229889  0.15386800  103.32499695
v  74.69229889  0.15386800  103.32499695
v  74.69229889  0.15386800  103.36100006
v  74.69229889  0.15386800  73.30770111
v  74.69229889  0.15386800  73.30770111
v  74.69229889  0.15386800  103.36100006
v  74.69229889  0.15386800  73.30770111
v  74.69229889  0.15386800  103.36100006
v  74.69229889  0.15386800  103.36100006
v  74.69229889  0.15386800  103.40699768
v  74.77189636  0.16435100  103.46199799
v  74.69229889  0.15386800  103.40699768
v  74.69229889  0.15386800  103.46199799
v  74.84609985  0.19508900  103.46199799
v  74.69229889  0.15386800  103.46199799
v  74.69229889  0.15386800  103.46199799
v  74.69229889  0.15386800  103.46199799
v  74.69229889  0.15386800  103.46199799
v  74.69229889  0.15386800  103.46199799
v  74.69229889  0.15386800  103.46199799
v  74.69229889  0.15386800  103.46199799
v  74.69229889  0.15386800  103.46199799
v  74.69229889  0.15386800  103.46199799
v  74.69229889  0.15386800  103.46199799
v  74.69229889  0.15386800  103.46199799
v  74.69229889  0.15386800  103.46199799
v  54.33470154  0.15386800  103.46199799
v  74.69229889  0.15386800  103.46199799
v  74.69229889  0.15386800  103.36100006
v  74.69229889  0.15386800  103.46199799
v  74.69229889  0.15386800  73.30770111
v  46.07690048  0.15386800  73.30770111
v  46.13130188  0.15386800  103.46199799
v  74.90989685  0.24399200  73.30770111
v  74.77189636  0.16435200  73.30770111
v  74.77189636  0.16435200  103.46199799
v  74.69229889  0.15386900  73.30770111
v  74.69229889  0.15386800  73.30770111
v  46.38460159  0.15386800  73.30770111
v  46.07690048  0.15386800  73.30770111
v  46.38460159  0.15386800  73.30770111
v  46.07690048  0.16435100  73.22810364
v  46.42509842  0.15386800  73.30770111
v  74.69229889  0.16435100  73.22810364
v  74.69229889  0.16435100  73.22810364
v  46.13130188  0.15386800  103.46199799
v  46.17710114  0.15386800  103.46199799
v  46.13130188  0.15386800  103.46199799
v  46.07690048  0.15386800  103.46199799
v  46.13130188  0.15386800  103.46199799
v  46.07690048  0.15386800  103.46199799
v  46.07690048  0.15386800  103.46199799
v  46.07690048  0.15386800  103.46199799
v  46.07690048  0.15386800  103.46199799
v  46.07690048  0.15386800  103.46199799
v  46.07690048  0.15386800  103.46199799
v  46.07690048  0.15386800  103.32499695
v  46.07690048  0.15386800  103.46199799
v  46.07690048  0.15386800  103.46199799
v  46.07690048  0.15386800  103.46199799
v  46.07690048  0.15386800  103.46199799
v  46.07690048  0.15386800  103.46199799
v  46.07690048  0.15386800  103.46199799
v  46.07690048  0.15386800  103.46199799
v  46.07690048  0.24398901  103.67900085
v  46.07690048  0.24398901  103.67900085
v  46.07690048  0.19509099  103.61499786
v  46.07690048  0.24398901  103.67900085
v  46.07690048  0.24398699  103.67900085
v  46.07690048  0.19509099  103.61499786
v  46.07690048  0.19509099  103.61499786
v  46.07690048  0.24398699  103.67900085
v  46.07690048  0.24398901  103.67900085
v  46.18190002  0.15386800  103.46199799
v  46.17710114  0.15386800  103.46199799
v  46.13130188  0.15386800  103.46199799
v  46.07690048  0.15386800  103.46199799
v  46.13130188  0.15386800  103.46199799
v  46.07690048  0.15386800  103.46199799
v  46.07690048  0.15386800  103.46199799
v  46.07690048  0.16435200  103.54100037
v  46.07690048  0.15386800  103.46199799
v  46.07690048  0.16435200  103.54100037
v  46.07690048  0.15386800  103.46199799
v  46.07690048  0.15386800  103.46199799
v  46.07690048  0.15386800  103.46199799
v  46.07690048  0.16435100  103.54100037
v  46.07690048  0.19509099  103.61499786
v  46.07690048  0.19509099  103.61499786
v  46.07690048  0.15386800  103.30799866
v  46.07690048  0.15386800  103.31300354
v  46.07690048  0.15386800  103.30799866
v  46.07690048  0.15386800  103.32499695
v  46.07690048  0.15386800  103.31300354
v  46.07690048  0.15386800  103.28500366
v  46.07690048  0.15386800  103.28500366
v  46.07690048  0.15386800  103.28500366
v  46.07690048  0.15386800  103.30799866
v  46.07690048  0.15386800  103.30799866
v  46.07690048  0.15386800  103.31300354
v  46.07690048  0.15386800  103.31300354
v  46.07690048  0.15386800  103.30799866
v  46.07690048  0.15386800  103.28500366
v  46.07690048  0.15386800  103.46199799
v  46.07690048  0.15386800  103.46199799
v  46.07690048  0.15386800  103.46199799
v  46.07690048  0.15386800  103.46199799
v  46.07690048  0.15386800  103.46199799
v  46.07690048  0.15386800  103.46199799
v  46.07690048  0.15386800  102.36399841
v  46.07690048  0.15386800  73.46150208
v  46.07690048  0.15386800  103.17199707
v  45.99729919  0.16435100  73.30770111
v  46.07690048  0.15386800  103.15399933
v  46.07690048  0.15386800  102.36399841
v  46.07690048  0.15386800  103.15399933
v  46.07690048  0.15386800  103.15399933
v  45.99729919  0.16435100  103.46199799
v  46.07690048  0.15386800  103.17199707
v  46.07690048  0.15386800  103.15399933
v  46.07690048  0.15386800  102.36399841
v  46.07690048  0.15386800  103.17199707
v  46.07690048  0.15386800  103.17199707
v  46.07690048  0.15386800  103.17199707
v  46.07690048  0.15386800  103.17199707
v  46.07690048  0.15386800  103.17199707
v  46.07690048  0.15386800  103.19400024
v  46.07690048  0.15386800  103.19400024
v  46.07690048  0.15386800  103.25900269
v  46.07690048  0.15386800  103.19400024
v  46.07690048  0.15386800  103.19400024
v  46.07690048  0.15386800  103.19400024
v  46.07690048  0.15386800  73.30770111
v  46.07690048  0.15386800  103.19400024
v  46.07690048  0.15386800  103.19400024
v  46.07690048  0.15386800  103.25900269
v  46.07690048  0.15386800  103.23500061
v  46.07690048  0.15386800  103.23500061
v  46.07690048  0.15386800  103.23500061
v  46.07690048  0.15386800  103.23500061
v  46.07690048  0.15386800  103.25900269
v  46.07690048  0.15386800  103.25900269
v  46.07690048  0.15386800  103.25900269
v  46.07690048  0.15386800  103.25900269
v  46.07690048  0.15386800  103.25900269
v  46.07690048  0.15386800  103.25900269
v  46.07690048  0.15386800  103.28500366
v  46.07690048  0.15386800  103.28500366
v  46.07690048  0.15386800  73.30770111
v  46.07690048  0.15386800  73.30770111
v  46.07690048  0.15386800  73.30770111
v  46.07690048  0.15386800  73.30770111
v  46.07690048  0.15386800  73.30770111
v  46.07690048  0.15386800  73.30770111
v  46.07690048  0.15386800  73.30770111
v  46.07690048  0.15386800  73.30770111
v  74.69229889  0.19509099  73.15380096
v  74.69229889  0.19509099  73.15380096
v  74.69229889  0.19509099  73.15380096
v  74.69229889  0.19509099  73.15380096
v  74.69229889  0.19509099  73.15380096
v  74.69229889  0.16435100  73.22810364
v  74.69229889  0.19508900  73.15380096
v  74.69229889  0.19509099  73.15380096
v  74.69229889  0.16435100  73.22810364
v  74.69229889  0.16435100  73.22810364
v  74.69229889  0.15386800  73.30770111
v  74.69229889  0.16435100  73.22810364
v  74.69229889  0.15386800  73.30770111
v  74.77189636  0.17447899  73.23079681
v  74.69229889  0.15386800  73.30770111
v  74.69229889  0.15386800  73.30770111
v  74.69229889  0.15386800  73.30770111
v  74.69229889  0.15386800  73.30770111
v  74.69229889  0.15386800  73.30770111
v  74.69229889  0.15386800  73.30770111
v  74.69229889  0.15386800  73.30770111
v  74.69229889  0.15386800  73.30770111
v  74.69229889  0.15386800  73.30770111
v  74.69229889  0.15386800  73.30770111
v  74.69229889  0.15386800  73.30770111
v  74.84619904  0.23079200  73.17449951
v  74.88990021  0.25985101  73.19120026
v  74.84619904  0.20417701  73.23870087
v  74.84619904  0.23079200  73.17449951
v  74.84609985  0.27314001  73.11930084
v  74.84609985  0.27314201  73.11930084
v  74.90989685  0.26105601  73.22810364
v  74.88990021  0.25985101  73.19120026
v  74.90989685  0.26105601  73.22810364
v  74.90090179  0.24475899  73.24960327
v  74.90090179  0.24475899  73.24960327
v  74.84609985  0.19509301  73.30770111
v  74.84609985  0.20417200  73.23870087
v  74.77189636  0.17447899  73.23079681
v  74.90989685  0.24399400  73.30770111
v  74.90989685  0.24399400  73.30770111
v  74.77189636  0.20416801  73.15910339
v  74.77189636  0.20417000  73.15910339
v  74.69229889  0.24398801  73.09010315
v  74.69229889  0.19509099  73.15380096
v  74.69229889  0.16435100  73.22810364
v  74.69229889  0.15386800  73.30770111
v  74.69229889  0.16435100  73.22810364
v  74.69229889  0.16435100  73.22810364
v  74.69229889  0.16435100  73.22810364
v  74.69229889  0.15386800  73.30770111
v  74.69229889  0.15386800  73.30770111
v  74.69229889  0.15386800  73.30770111
v  74.69229889  0.15386800  73.30770111
v  74.69229889  0.15386800  73.30770111
v  74.69229889  0.15386800  73.30770111
v  74.69229889  0.15386800  73.30770111
v  74.69229889  0.15386800  73.30770111
v  74.69229889  0.15386800  73.30770111
v  74.69229889  0.15386800  73.30770111
v  46.07690048  0.24398901  73.09010315
v  46.07690048  0.19509099  73.15380096
v  46.07690048  0.19509099  73.15380096
v  74.69229889  0.19509099  73.15380096
v  46.07690048  0.16435100  73.22810364
v  46.07690048  0.16435200  73.22810364
v  46.07690048  0.15386800  73.30770111
v  46.07690048  0.19509099  73.15380096
v  46.07690048  0.19509099  73.15380096
v  46.07690048  0.19509099  73.15380096
v  46.07690048  0.19509099  73.15380096
v  46.07690048  0.19509099  73.15380096
v  46.07690048  0.19509099  73.15380096
v  46.07690048  0.19509099  73.15380096
v  46.07690048  0.16435200  73.22810364
v  74.69229889  0.19508900  73.15380096
v  46.07690048  0.16435100  73.22810364
v  46.07690048  0.16435200  73.22810364
v  45.99729919  0.16435100  73.30770111
v  46.07690048  0.15386800  73.30770111
v  45.92309952  0.19509099  73.30770111
v  45.92309952  0.19509099  73.30770111
v  45.85940170  0.24398901  73.30770111
v  45.99729919  0.16435100  73.30770111
v  45.92309952  0.19509099  73.30770111
v  45.92309952  0.19509099  73.30770111
v  45.99729919  0.16435100  73.30770111
v  45.99729919  0.16435100  73.30770111
v  45.99729919  0.16435100  73.30770111
v  45.99729919  0.16435100  73.30770111
v  45.92309952  0.19509301  73.30770111
v  46.07690048  0.24398901  103.67900085
v  46.07690048  0.24398801  103.67900085
v  46.07690048  0.24398801  103.67900085
v  45.99729919  0.25140300  103.67199707
v  45.99729919  0.25140300  103.67199707
v  45.99729919  0.25140300  103.67199707
v  46.07690048  0.19509099  103.61499786
v  45.92309952  0.27313700  103.65000153
v  45.92309952  0.27313599  103.65000153
v  46.07690048  0.16435100  103.54100037
v  46.07690048  0.16435100  103.54100037
v  45.99729919  0.17447899  103.53800201
v  45.99729919  0.17447899  103.53800201
v  45.99729919  0.16435100  103.46199799
v  45.99729919  0.16435100  103.46199799
v  45.99729919  0.20417000  103.61000061
v  45.92309952  0.20417100  103.52999878
v  45.92309952  0.23078901  103.59500122
v  45.99729919  0.20417000  103.61000061
v  45.87929916  0.25986099  103.57800293
v  45.92309952  0.23079400  103.59500122
v  46.07690048  0.15386800  103.30799866
v  46.07690048  0.15386800  103.31300354
v  46.07690048  0.15386800  103.46199799
v  46.07690048  0.15386800  103.46199799
v  46.07690048  0.15386800  103.46199799
v  46.07690048  0.15386800  103.46199799
v  45.99729919  0.16435100  103.46199799
v  45.99729919  0.16435100  103.46199799
v  45.99729919  0.16435200  103.46199799
v  45.99729919  0.16435100  103.46199799
v  45.99729919  0.16435200  103.46199799
v  45.92309952  0.19509199  103.46199799
v  45.92309952  0.19509199  103.46199799
v  45.92309952  0.19509199  103.46199799
v  45.92309952  0.19509199  103.46199799
v  46.07690048  0.15386800  73.30770111
v  45.92309952  0.19509301  73.30770111
v  45.99729919  0.20417000  73.15910339
v  46.07690048  0.16435100  73.22810364
v  45.99729919  0.20416801  73.15910339
v  45.99729919  0.17447899  73.23079681
v  45.92309952  0.23078901  73.17449951
v  45.92309952  0.27313799  73.11930084
v  45.92309952  0.23078901  73.17449951
v  45.92309952  0.20417100  73.23870087
v  45.86930084  0.29821500  73.15380096
v  46.07690048  0.16435200  73.22810364
v  45.99729919  0.17447899  73.23079681
v  46.07690048  0.15386800  73.30770111
v  45.99729919  0.16435100  73.30770111
v  45.92309952  0.20417100  73.23870087
v  45.99729919  0.16435100  73.30770111
v  45.92309952  0.20417300  73.23870087
v  45.92309952  0.19509099  73.30770111
v  45.85940170  0.24398901  73.30770111
v  74.69229889  0.24398901  73.09010315
v  74.86849976  0.28529200  73.13140106
v  74.89990234  0.29820600  73.15380096
v  74.84609985  0.27314001  73.11930084
v  74.77189636  0.25140101  73.09750366
v  74.77189636  0.25140101  73.09750366
v  74.77189636  0.25140700  73.09750366
v  74.69229889  0.24398699  73.09010315
v  74.69229889  0.38192299  73.01049805
v  74.69229889  0.24398901  73.09010315
v  46.07690048  0.24398901  73.09010315
v  46.07690048  0.30771300  73.04119873
v  46.07690048  0.30771199  73.04119873
v  46.07690048  0.30770999  73.04119873
v  46.07690048  0.24398901  73.09010315
v  46.07690048  0.30770999  73.04119873
v  46.07690048  0.30771300  73.04119873
v  46.07690048  0.30770999  73.04119873
v  46.07690048  0.24399100  73.09010315
v  46.07690048  0.30771399  73.04119873
v  46.07690048  0.24398901  73.09010315
v  46.07690048  0.24398801  73.09010315
v  46.07690048  0.24398901  73.09010315
v  46.07690048  0.24398901  73.09010315
v  46.07690048  0.24398901  73.09010315
v  46.07690048  0.24398901  73.09010315
v  46.07690048  0.24398901  73.09010315
v  46.07690048  0.24398801  73.09010315
v  46.07690048  0.24398801  73.09010315
v  46.07690048  0.24398801  73.09010315
v  46.07690048  0.19509099  73.15380096
v  46.07690048  0.24398801  73.09010315
v  45.99729919  0.25140300  73.09750366
v  46.07690048  0.24398801  73.09010315
v  46.07690048  0.19509099  73.15380096
v  45.99729919  0.25140199  73.09750366
v  45.99729919  0.25140199  73.09750366
v  45.99729919  0.25140300  73.09750366
v  45.92309952  0.27313799  73.11930084
v  45.81050110  0.30771399  73.30770111
v  45.85940170  0.24399300  73.30770111
v  45.85940170  0.24398901  73.30770111
v  45.86830139  0.24475400  73.24960327
v  45.90069962  0.28530100  103.63800049
v  45.90069962  0.28530100  103.63800049
v  45.86930084  0.29820800  103.61499786
v  45.92309952  0.20417100  103.52999878
v  45.86830139  0.24475400  103.51999664
v  45.92309952  0.19509199  103.46199799
v  45.92309952  0.19509301  103.46199799
v  45.85940170  0.24398901  103.46199799
v  45.85940170  0.24398699  103.46199799
v  45.85940170  0.24398699  103.46199799
v  45.85940170  0.24398699  103.46199799
v  45.85940170  0.26106501  103.54100037
v  45.92309952  0.19509199  103.46199799
v  45.92309952  0.19509199  103.46199799
v  45.92309952  0.19509301  103.46199799
v  45.92309952  0.19509301  103.46199799
v  45.85940170  0.24398699  103.46199799
v  45.85940170  0.24398699  103.46199799
v  45.85940170  0.24398699  103.46199799
v  45.85940170  0.24398699  103.46199799
v  45.84619904  0.26117799  103.40799713
v  45.85940170  0.24398699  103.46199799
v  45.85940170  0.24398699  73.30770111
v  45.85940170  0.24398699  73.30770111
v  45.81050110  0.30771199  103.46199799
v  45.81050110  0.30771199  103.46199799
v  45.85940170  0.24398699  73.30770111
v  45.85940170  0.24399300  73.30770111
v  45.87929916  0.25985500  73.19120026
v  45.86830139  0.24475400  73.24960327
v  45.85940170  0.26105800  73.22810364
v  45.85940170  0.26105800  73.22810364
v  45.87929916  0.25985500  73.19120026
v  45.90069962  0.28530800  73.13140106
v  75.00000000  22.00000000  103.46199799
v  46.07690048  22.21759987  103.67900085
v  46.07690048  22.30769920  73.30770111
v  75.00000000  0.46158999  103.46199799
v  46.07690048  22.26650047  73.15390015
v  45.76919937  22.00000000  103.46199799
v  74.84609985  0.19508800  103.46199799
v  74.69229889  0.16435100  103.54100037
v  46.07690048  0.15386800  103.46199799
v  46.07690048  0.15386800  103.46199799
v  46.07690048  0.15386800  73.30770111
v  46.07690048  0.15386800  73.30770111
v  46.07690048  0.15386800  73.30770111
v  74.84619904  22.26639938  103.46199799
v  74.77189636  22.29719925  73.30770111
v  74.59100342  22.30769920  103.46199799
v  74.54170227  22.30769920  103.46199799
v  74.59100342  22.30769920  103.46199799
v  74.63800049  22.30769920  103.46199799
v  46.07690048  22.30769920  103.46199799
v  46.07690048  22.30769920  103.46199799
v  74.54170227  22.30769920  103.46199799
v  74.89240265  22.11549950  103.66200256
v  74.84649658  22.18829918  103.65000153
v  74.84609985  22.13319969  103.69200134
v  74.77189636  22.21019936  103.67199707
v  74.77200317  22.14850044  103.71900177
v  74.69229889  22.21750069  103.67900085
v  74.69229889  22.15379906  103.72799683
v  74.77189636  22.21019936  103.67199707
v  74.69229889  22.26650047  103.61499786
v  74.69229889  22.21750069  103.67900085
v  74.77189636  22.25740051  103.61000061
v  74.69229889  22.21750069  103.67900085
v  74.69229889  22.26650047  103.61499786
v  46.07690048  22.29719925  103.54100037
v  46.07690048  22.21759987  103.67900085
v  74.90000153  22.16340065  103.61499786
v  74.84649658  22.18829918  103.65000153
v  74.89240265  22.11549950  103.66200256
v  74.88999939  22.20159912  103.57800293
v  74.84629822  22.23060036  103.59500122
v  74.84649658  22.18829918  103.65000153
v  74.77189636  22.28709984  103.53800201
v  74.90329742  22.21260071  103.52899933
v  74.88999939  22.20159912  103.57800293
v  74.94969940  22.14850044  103.54100037
v  74.90329742  22.21260071  103.52899933
v  74.84619904  22.25729942  103.52999878
v  74.84619904  22.26639938  103.46199799
v  74.90979767  22.21759987  103.46199799
v  74.90979767  22.21759987  103.46199799
v  74.95860291  22.15410042  103.46199799
v  74.92310333  22.13319969  103.61499786
v  74.69229889  22.29719925  103.54100037
v  74.77189636  22.29719925  103.46199799
v  74.69229889  22.29719925  103.54100037
v  74.69229889  22.30769920  103.29599762
v  74.69229889  22.30769920  103.36100006
v  74.69229889  22.30769920  103.46199799
v  74.69229889  22.30769920  103.46199799
v  74.95860291  22.15410042  103.46199799
v  74.90979767  22.21759987  103.46199799
v  74.54170227  22.30769920  103.46199799
v  74.69229889  22.30769920  103.46199799
v  74.69229889  22.30769920  73.36199951
v  74.69229889  22.30769920  73.57489777
v  74.90979767  22.21759987  103.46199799
v  74.98950195  22.07970047  103.46199799
v  74.69229889  22.00000000  103.76899719
v  74.53849792  22.00000000  103.76899719
v  74.69229889  21.82349968  103.76899719
v  74.38459778  22.00000000  103.76899719
v  73.87850189  0.46155900  103.76899719
v  74.90989685  22.00000000  103.67900085
v  74.90550232  22.05699921  103.67500305
v  74.84609985  22.06900024  103.71900177
v  74.90550232  22.05699921  103.67500305
v  74.94969940  22.06900024  103.61499786
v  74.95880127  22.00000000  103.61499786
v  74.84609985  21.99990082  103.72799683
v  74.77189636  22.00000000  103.75900269
v  74.77189636  22.07690048  103.74900055
v  74.69229889  22.07959938  103.75900269
v  74.69229889  22.00000000  103.76899719
v  74.69229889  22.07959938  103.75900269
v  46.07690048  22.07959938  103.75900269
v  46.07690048  22.15379906  103.72799683
v  74.97940063  22.07690048  103.54100037
v  75.00000000  22.00000000  103.46199799
v  74.98950195  22.00000000  103.54100037
v  74.90989685  22.00000000  103.67900085
v  75.00000000  22.00000000  103.46199799
v  74.98950195  22.07970047  103.46199799
v  74.98950195  22.07970047  73.30770111
v  74.95880127  22.15379906  73.30770111
v  74.69229889  22.00000000  103.76899719
v  74.95880127  22.00000000  103.61499786
v  74.90989685  22.00000000  103.67900085
v  74.90989685  0.46156099  103.67900085
v  74.90989685  22.00000000  103.67900085
v  74.84609985  21.99990082  103.72799683
v  74.84619904  0.46155801  103.72799683
v  74.77189636  22.00000000  103.75900269
v  74.69229889  21.79039955  103.76899719
v  74.77189636  0.46155801  103.75900269
v  75.00000000  22.00000000  103.46199799
v  74.98950195  22.00000000  103.54100037
v  74.69229889  21.79039955  103.76899719
v  74.69229889  0.46155900  103.76899719
v  46.07690048  21.79730034  103.76899719
v  46.07690048  22.00000000  103.76899719
v  74.69229889  21.79039955  103.76899719
v  74.69229889  0.46155900  103.76899719
v  74.69229889  22.30769920  73.30770111
v  74.91000366  22.21750069  73.30770111
v  74.84609985  22.26650047  73.30770111
v  74.91000366  22.21750069  73.30770111
v  74.69229889  22.30769920  73.30770111
v  74.69229889  22.29719925  73.22810364
v  46.07690048  22.29719925  73.22810364
v  74.69229889  22.30769920  73.30770111
v  74.98950195  22.07970047  73.30770111
v  75.00000000  22.00000000  73.30770111
v  74.98950195  22.00000000  73.22799683
v  75.00000000  22.00000000  73.30770111
v  75.00000000  22.00000000  73.30770111
v  74.98950195  22.00000000  73.22799683
v  75.00000000  0.46156600  73.30770111
v  75.00000000  22.00000000  73.30770111
v  75.00000000  22.00000000  103.46199799
v  75.00000000  0.46156600  73.30770111
v  75.00000000  0.46156099  103.46199799
v  46.07690048  22.30769920  103.46199799
v  46.07690048  22.21759987  103.67900085
v  74.69229889  22.15379906  103.72799683
v  74.69229889  22.21750069  103.67900085
v  46.07690048  22.26650047  103.61499786
v  46.07690048  22.00000000  103.76899719
v  45.99729919  22.00000000  103.75900269
v  46.07690048  22.00000000  103.76899719
v  45.99729919  22.07690048  103.74900055
v  45.99729919  22.00000000  103.75900269
v  46.07690048  0.46156099  103.76899719
v  46.07690048  22.30769920  73.30770111
v  46.07690048  22.30769920  73.30770111
v  74.69229889  0.46155900  103.76899719
v  74.90989685  0.46156099  103.67900085
v  74.95880127  0.46153301  103.61499786
v  74.84619904  0.46155801  103.72799683
v  74.77189636  0.46155801  103.75900269
v  74.84609985  0.39250901  103.71900177
v  74.69229889  0.46155900  103.76899719
v  73.87850189  0.46155900  103.76899719
v  74.98950195  0.46155500  103.54100037
v  75.00000000  0.46156099  103.46199799
v  75.00000000  0.46156600  73.30770111
v  74.98950195  0.38187701  73.30770111
v  75.00000000  0.46156099  103.46199799
v  74.98950195  0.46156099  73.22810364
v  46.07690048  0.46156099  103.76899719
v  74.69229889  22.26650047  73.15380096
v  74.90509796  22.20919991  73.23490143
v  74.91000366  22.21750069  73.30770111
v  74.95880127  22.15379906  73.30770111
v  74.91000366  22.21750069  73.30770111
v  74.90509796  22.20919991  73.23490143
v  74.84609985  22.26650047  73.30770111
v  74.84619904  22.25740051  73.23870087
v  74.77189636  22.29719925  73.30770111
v  74.84619904  22.23080063  73.17449951
v  74.88990021  22.20159912  73.19100189
v  74.77189636  22.25740051  73.15910339
v  74.94960022  22.14879990  73.22810364
v  74.69229889  22.30769920  73.30770111
v  74.77189636  22.28709984  73.23079681
v  74.69229889  22.29719925  73.22810364
v  74.69229889  22.26650047  73.15380096
v  74.84700012  22.18759918  73.11910248
v  74.69229889  22.21759987  73.09010315
v  46.07690048  22.21759987  73.09010315
v  74.94960022  22.06879997  73.15370178
v  74.97940063  22.07679939  73.22820282
v  74.92289734  22.13330078  73.15360260
v  74.95870209  22.00000000  73.15380096
v  74.90979767  22.00000000  73.09010315
v  46.07690048  22.30769920  73.30770111
v  46.07690048  22.26650047  73.15380096
v  46.07690048  22.29719925  73.22810364
v  45.99729919  22.25740051  73.15910339
v  45.99729919  22.28709984  73.23079681
v  46.07690048  22.26650047  73.15380096
v  74.95870209  0.46155500  73.15380096
v  45.99729919  22.29719925  73.30770111
v  45.92309952  22.26650047  73.30770111
v  46.07690048  22.15379906  103.72799683
v  46.07690048  22.21759987  103.67900085
v  45.99729919  22.21019936  103.67199707
v  45.92309952  22.18840027  103.65000153
v  45.99729919  22.21019936  103.67199707
v  45.99729919  22.25740051  103.61000061
v  45.92309952  22.18840027  103.65000153
v  45.99729919  22.14859962  103.71900177
v  46.07690048  22.26650047  103.61499786
v  46.07690048  22.21759987  103.67900085
v  45.92309952  22.23080063  103.59500122
v  45.86930084  22.16340065  103.61499786
v  45.99729919  22.28709984  103.53800201
v  46.07690048  22.29719925  103.54100037
v  46.07690048  22.30769920  103.46199799
v  45.92300034  22.25740051  103.53099823
v  45.99729919  22.29719925  103.46199799
v  45.92309952  22.26650047  103.46199799
v  45.86589813  22.21249962  103.52899933
v  46.07690048  22.30769920  103.46199799
v  46.07690048  22.30769920  73.30770111
v  45.99729919  22.29719925  103.46199799
v  45.92309952  22.26650047  103.46199799
v  45.85940170  22.21759987  103.46199799
v  46.07690048  22.07959938  103.75900269
v  45.92309952  22.06900024  103.71900177
v  45.92309952  22.00000000  103.72799683
v  45.92309952  22.13319969  103.69200134
v  45.87689972  22.11549950  103.66200256
v  46.07690048  22.00000000  103.76899719
v  46.07690048  22.30769920  73.44450378
v  46.07690048  22.30769920  73.40779877
v  45.99729919  0.46156201  103.75900269
v  45.92309952  0.46155801  103.72799683
v  45.92309952  22.00000000  103.72799683
v  45.99729919  0.46156201  103.75900269
v  45.92309952  0.46155801  103.72799683
v  45.92309952  0.39257699  103.71900177
v  45.99729919  22.29719925  73.30770111
v  46.07690048  22.30769920  73.30770111
v  45.92309952  22.25740051  73.23880005
v  45.92309952  22.26650047  73.30770111
v  45.92309952  22.23080063  73.17440033
v  74.69229889  0.46155900  103.76899719
v  46.07690048  0.46156099  103.76899719
v  74.90989685  0.46156099  103.67900085
v  74.89250183  0.34612700  103.66100311
v  74.84609985  0.32830700  103.69200134
v  74.84639740  0.27335200  103.65000153
v  74.90540314  0.40471199  103.67500305
v  74.89250183  0.34612700  103.66100311
v  74.94960022  0.39275599  103.61599731
v  74.90540314  0.40471199  103.67500305
v  74.91690063  0.32040799  103.61799622
v  74.95880127  0.46153301  103.61499786
v  74.77200317  0.31294501  103.71900177
v  74.77189636  0.38467801  103.74900055
v  74.77189636  0.25139400  103.67199707
v  74.69229889  0.24397200  103.67900085
v  74.69229889  0.30770200  103.72799683
v  74.69229889  0.38192201  103.75900269
v  74.69229889  0.30770200  103.72799683
v  74.69229889  0.38192201  103.75900269
v  46.07690048  0.38192800  103.75900269
v  74.69229889  0.46155900  103.76899719
v  74.98950195  0.46155500  103.54100037
v  74.94969940  0.31299701  103.54100037
v  74.97940063  0.38469899  103.54100037
v  74.98950195  0.38190100  103.46199799
v  74.95870209  0.30767900  103.46199799
v  75.00000000  0.46156099  103.46199799
v  74.98950195  0.38190100  103.46199799
v  74.95880127  0.30776700  73.30770111
v  74.95870209  0.30767900  103.46199799
v  46.07690048  0.30765200  103.72799683
v  74.97940063  0.38464200  73.22810364
v  74.94960022  0.31289700  73.22810364
v  74.92030334  0.32161200  73.15489960
v  74.98950195  0.38187701  73.30770111
v  75.00000000  0.46156600  73.30770111
v  74.98950195  0.46156099  73.22810364
v  74.94969940  0.39267299  73.15380096
v  46.07690048  0.30765200  103.72799683
v  45.99729919  0.31296599  103.71900177
v  45.99729919  0.25140300  103.67199707
v  45.92300034  0.32832599  103.69200134
v  45.99729919  0.38464299  103.74900055
v  45.92309952  0.27316999  103.65000153
v  45.87680054  0.34603101  103.66200256
v  46.07690048  0.38192800  103.75900269
v  45.86360168  0.40436301  103.67500305
v  46.07690048  22.00000000  73.00000000
v  74.69229889  22.00000000  73.00000000
v  74.69229889  22.00000000  73.00000000
v  74.69229889  22.00000000  73.00000000
v  74.77189636  22.00000000  73.01049805
v  74.90039825  22.16300011  73.15399933
v  74.88990021  22.20159912  73.19100189
v  74.90039825  22.16300011  73.15399933
v  74.84700012  22.18759918  73.11910248
v  74.69229889  22.21759987  73.09010315
v  74.77189636  22.21010017  73.09750366
v  74.69229889  22.21759987  73.09010315
v  74.77189636  22.21010017  73.09750366
v  74.69229889  22.15379906  73.04119873
v  74.77189636  22.14859962  73.05030060
v  74.89260101  22.11560059  73.10800171
v  74.84700012  22.18759918  73.11910248
v  74.89260101  22.11560059  73.10800171
v  74.84609985  22.13319969  73.07689667
v  74.90570068  22.05710030  73.09449768
v  74.90979767  22.00000000  73.09010315
v  74.90570068  22.05710030  73.09449768
v  74.90979767  22.00000000  73.09010315
v  74.84609985  22.00000000  73.04119873
v  74.95870209  22.00000000  73.15380096
v  74.84609985  22.06889915  73.05030060
v  74.77200317  22.07690048  73.02059937
v  74.77189636  22.00000000  73.01049805
v  74.69229889  22.07959938  73.01049805
v  74.69229889  22.21759987  73.09010315
v  74.69229889  22.15379906  73.04119873
v  46.07699966  22.15379906  73.04119873
v  74.69229889  22.07959938  73.01049805
v  46.07690048  22.07959938  73.01049805
v  74.84609985  22.00000000  73.04119873
v  74.77189636  0.46155900  73.01049805
v  74.69229889  0.46155900  73.00000000
v  46.07690048  0.46155900  73.00000000
v  46.07690048  0.46155900  73.00000000
v  46.07690048  22.21759987  73.09010315
v  46.07699966  22.15379906  73.04119873
v  46.07690048  22.07959938  73.01049805
v  45.99729919  22.14859962  73.05030060
v  74.69229889  0.46155900  73.00000000
v  74.90979767  0.46156099  73.09010315
v  74.90979767  22.00000000  73.09010315
v  74.84619904  0.46153799  73.04129791
v  74.90979767  0.46156099  73.09010315
v  74.77189636  0.46155900  73.01049805
v  74.84619904  0.46153799  73.04129791
v  74.84609985  0.39256701  73.05030060
v  74.77189636  0.38462400  73.02059937
v  74.69229889  0.46155900  73.00000000
v  45.99729919  22.00000000  73.01049805
v  46.07690048  0.46155900  73.00000000
v  45.99729919  22.21019936  73.09750366
v  45.92309952  22.18840027  73.11920166
v  45.92309952  22.18840027  73.11920166
v  45.99729919  22.21019936  73.09750366
v  46.07690048  22.21759987  73.09010315
v  45.92309952  22.13330078  73.07689667
v  45.99729919  22.07690048  73.02059937
v  45.92309952  22.06900024  73.05030060
v  45.99729919  22.00000000  73.01049805
v  45.92309952  22.00000000  73.04119873
v  45.92309952  0.54826897  73.04119873
v  45.92309952  0.46155801  73.04119873
v  45.99729919  0.46156299  73.01049805
v  74.69229889  0.38191801  73.01049805
v  74.90979767  0.46156099  73.09010315
v  74.90570068  0.40443900  73.09449768
v  74.90979767  0.46156099  73.09010315
v  74.95870209  0.46155500  73.15380096
v  74.90570068  0.40443900  73.09449768
v  74.89250183  0.34608799  73.10769653
v  74.84600067  0.32822499  73.07689667
v  74.84690094  0.27371100  73.11920166
v  74.77189636  0.31299800  73.05030060
v  74.77189636  0.25143301  73.09750366
v  74.89250183  0.34608799  73.10769653
v  74.69229889  0.30770701  73.04119873
v  74.69229889  0.24398200  73.09010315
v  74.69229889  0.46155900  73.00000000
v  46.07690048  0.46155900  73.00000000
v  74.69229889  0.38191801  73.01049805
v  46.07690048  0.38193300  73.01049805
v  45.99729919  0.38463601  73.02059937
v  46.07690048  0.46155900  73.00000000
v  46.07690048  0.38193300  73.01049805
v  45.99729919  0.46156299  73.01049805
v  74.69229889  0.30770701  73.04119873
v  45.99729919  0.31297001  73.05030060
v  45.92309952  0.39258701  73.05030060
v  45.92309952  0.46155801  73.04119873
v  46.07690048  0.30771399  73.04119873
v  45.92309952  0.32831901  73.07689667
v  45.92309952  0.27316999  73.11920166
v  45.89419937  0.28880200  73.13500214
v  45.76919937  22.00000000  73.30770111
v  45.90029907  22.17600060  103.63800049
v  45.90029907  22.17600060  103.63800049
v  45.87950134  22.20179939  103.57800293
v  45.90029907  22.17600060  103.63800049
v  45.86930084  22.16340065  103.61499786
v  45.84609985  22.13319969  103.61499786
v  45.87950134  22.20179939  103.57800293
v  45.81949997  22.14859962  103.54100037
v  45.86589813  22.21249962  103.52899933
v  45.85940170  22.21759987  103.46199799
v  45.81050110  22.15390015  103.46199799
v  45.85940170  22.21759987  103.46199799
v  45.81039810  22.15379906  73.30770111
v  45.86370087  22.05719948  103.67500305
v  45.85940170  22.00000000  103.67900085
v  45.86370087  22.05719948  103.67500305
v  45.81050110  22.00000000  103.61499786
v  45.85940170  22.00000000  103.67900085
v  45.87689972  22.11549950  103.66200256
v  45.81949997  22.06900024  103.61499786
v  45.77970123  22.00000000  103.54100037
v  45.81050110  22.15390015  103.46199799
v  45.85940170  22.21759987  103.46199799
v  45.77970123  22.07970047  103.46199799
v  45.78990173  22.07690048  103.54100037
v  45.76919937  22.00000000  103.46199799
v  45.77970123  22.07970047  103.46199799
v  45.85940170  0.46155900  103.67900085
v  45.76919937  22.00000000  103.46199799
v  45.76919937  0.46155900  73.41259766
v  45.76919937  0.61441201  73.30770111
v  45.76919937  0.46155900  103.46199799
v  45.76919937  22.00000000  73.30770111
v  45.77970123  22.00000000  73.22810364
v  45.85940170  22.21759987  73.30770111
v  45.85940170  22.21759987  73.30770111
v  45.77970123  22.07959938  73.30770111
v  45.77970123  22.00000000  73.22810364
v  45.78990173  22.07690048  73.22799683
v  45.77970123  22.07959938  73.30770111
v  45.76919937  22.00000000  73.30770111
v  45.76919937  22.00000000  103.46199799
v  45.76919937  0.70327699  73.30770111
v  45.76919937  0.61441201  73.30770111
v  45.76919937  0.61441201  73.30770111
v  45.76919937  22.00000000  103.46199799
v  45.76919937  0.46155900  103.46199799
v  45.77970123  22.00000000  103.54100037
v  45.76919937  0.46155900  103.46199799
v  45.85940170  22.00000000  103.67900085
v  45.85940170  0.46155900  103.67900085
v  45.85940170  22.00000000  103.67900085
v  45.81050110  22.00000000  103.61499786
v  45.85940170  0.46155900  103.67900085
v  45.81039810  0.46155900  103.61499786
v  45.81050110  0.50860500  103.61499786
v  45.77980042  0.46156099  103.54100037
v  45.77980042  0.46156099  103.54100037
v  45.76919937  0.46155900  103.46199799
v  45.78990173  0.38462400  103.54100037
v  45.81039810  0.46155900  103.61499786
v  45.81949997  0.39260900  103.61499786
v  45.85940170  0.46155900  103.67900085
v  45.86360168  0.40436301  103.67500305
v  45.77970123  0.38193601  73.30770111
v  45.76919937  0.46155900  73.41259766
v  45.76919937  0.56168503  73.30770111
v  45.76919937  0.46155900  73.30770111
v  45.76919937  0.56168503  73.30770111
v  45.76919937  0.46155900  73.30770111
v  45.76919937  0.56168503  73.30770111
v  45.77970123  0.46155399  73.22810364
v  45.76919937  0.46155900  73.41259766
v  45.76919937  0.46155900  73.30770111
v  45.85940170  22.21759987  73.30770111
v  45.86539841  22.21159935  73.23919678
v  45.85940170  22.21759987  73.30770111
v  45.86539841  22.21159935  73.23919678
v  45.81039810  22.15379906  73.30770111
v  45.87929916  22.20170021  73.19129944
v  45.81949997  22.14859962  73.22810364
v  45.87929916  22.20170021  73.19129944
v  45.86920166  22.16329956  73.15380096
v  45.89709854  22.17449951  73.13369751
v  45.87680054  22.11549950  73.10769653
v  45.89709854  22.17449951  73.13369751
v  45.86920166  22.16329956  73.15380096
v  45.84619904  22.13330078  73.15390015
v  45.81949997  22.06900024  73.15380096
v  45.81050110  22.00000000  73.15380096
v  45.81050110  0.46154600  73.15380096
v  45.77970123  0.46155399  73.22810364
v  45.81050110  0.46154600  73.15380096
v  45.81959915  0.39262900  73.15380096
v  45.76919937  0.46155900  73.30770111
v  45.87680054  0.34603101  103.66200256
v  45.84889984  0.32030499  103.61299896
v  45.77970123  0.38187701  103.46199799
v  45.81050110  0.30762100  103.46199799
v  45.81959915  0.31294000  103.54100037
v  45.86550140  0.24936201  103.52799988
v  45.87939835  0.25988099  103.57800293
v  45.76919937  0.46155900  103.46199799
v  45.77970123  0.38187701  103.46199799
v  45.81050110  0.30762100  103.46199799
v  45.81050110  0.30770299  73.30770111
v  45.76919937  0.46155900  73.30770111
v  45.78990173  0.38463801  73.22810364
v  45.85300064  0.31942499  73.15070343
v  45.77970123  0.38193601  73.30770111
v  45.86360168  0.40439501  73.09439850
v  45.81959915  0.31288499  73.22810364
v  45.87680054  22.11549950  73.10769653
v  45.89709854  22.17449951  73.13369751
v  45.86360168  22.05710030  73.09439850
v  45.92309952  22.00000000  73.04119873
v  45.85940170  22.00000000  73.09010315
v  45.86360168  22.05710030  73.09439850
v  45.85940170  22.00000000  73.09010315
v  45.81050110  22.00000000  73.15380096
v  45.85940170  0.46156099  73.09010315
v  45.85940170  22.00000000  73.09010315
v  45.85940170  0.46156099  73.09010315
v  45.85940170  0.46156099  73.09010315
v  45.86360168  0.40439501  73.09439850
v  45.85940170  0.46156099  73.09010315
v  45.87670135  0.34601301  73.10780334
v  45.87670135  0.34601301  73.10780334
v  45.89419937  0.28880200  73.13500214
v  74.84609985  0.19507600  73.30770111
v  74.90979767  0.24394201  73.30770111
v  74.84619904  0.19512799  103.46199799
v  74.77189636  0.16434801  103.46199799
v  74.84619904  0.19512799  103.46199799
v  74.84619904  0.20418800  103.53099823
v  46.18000031  0.15386800  103.46199799
v  46.13130188  0.15386800  103.46199799
v  74.88980103  0.25978100  103.57800293
v  74.88980103  0.25978100  103.57800293
v  74.91690063  0.32040799  103.61799622
v  74.84609985  0.23073800  103.59500122
v  74.84639740  0.27335200  103.65000153
v  74.84639740  0.27335200  103.65000153
v  74.77189636  0.25139400  103.67199707
v  74.77189636  0.20416100  103.61000061
v  74.69229889  0.19510400  103.61499786
v  74.69229889  0.24397200  103.67900085
v  46.07690048  0.19509700  103.61499786
v  74.69229889  0.19510400  103.61499786
v  74.69229889  0.24397200  103.67900085
v  74.69229889  0.24397200  103.67900085
v  46.07690048  0.24400400  103.67900085
v  74.69229889  0.16435100  103.54100037
v  74.77200317  0.17448400  103.53800201
v  74.90390015  0.25010800  103.52999878
v  74.90989685  0.24398801  103.46199799
v  74.90989685  0.24398801  103.46199799
v  74.90390015  0.25010800  103.52999878
v  46.18000031  0.15386800  103.46199799
v  74.69229889  0.16435100  103.54100037
v  46.07690048  0.16435200  103.54100037
v  74.90989685  0.24398801  103.46199799
v  74.90989685  0.24398801  103.46199799
v  74.69229889  0.15386800  103.36100006
v  74.69229889  0.15386800  73.30770111
v  74.77189636  0.16434801  103.46199799
v  74.69229889  0.15386800  103.46199799
v  74.69229889  0.15386800  103.36100006
v  74.69229889  0.15386800  73.30770111
v  46.07690048  0.15386800  73.30770111
v  46.13130188  0.15386800  103.46199799
v  74.90979767  0.24394201  73.30770111
v  74.77200317  0.16436601  73.30770111
v  46.42509842  0.15386800  73.30770111
v  74.69229889  0.15386800  73.30770111
v  46.07690048  0.16435100  73.22810364
v  74.69229889  0.16435200  73.22810364
v  46.07690048  0.24400400  103.67900085
v  46.13130188  0.15386800  103.46199799
v  46.07690048  0.15386800  103.46199799
v  45.99729919  0.16435599  73.30770111
v  45.99729919  0.16435200  103.46199799
v  46.07690048  0.15386800  103.46199799
v  46.07690048  0.15386800  103.28500366
v  46.07690048  0.15386800  103.46199799
v  46.07690048  0.15386800  103.23500061
v  74.69229889  0.15386800  73.30770111
v  74.69229889  0.16435200  73.22810364
v  74.77189636  0.17447400  73.23079681
v  74.84619904  0.23081400  73.17440033
v  74.88980103  0.25986099  73.19120026
v  74.84619904  0.20417599  73.23870087
v  74.84690094  0.27371100  73.11920166
v  74.90329742  0.24899000  73.24030304
v  74.88980103  0.25986099  73.19120026
v  74.90329742  0.24899000  73.24030304
v  74.84609985  0.19507600  73.30770111
v  74.77200317  0.16436601  73.30770111
v  74.90979767  0.24394201  73.30770111
v  74.95880127  0.30776700  73.30770111
v  74.77189636  0.20418200  73.15899658
v  74.69229889  0.19508800  73.15380096
v  46.07690048  0.19509301  73.15380096
v  46.07690048  0.24398500  73.09010315
v  74.69229889  0.19508800  73.15380096
v  46.07690048  0.19509700  103.61499786
v  46.07690048  0.24400400  103.67900085
v  45.99729919  0.25140300  103.67199707
v  46.07690048  0.15386800  103.46199799
v  46.07690048  0.16435200  103.54100037
v  45.99729919  0.17447899  103.53800201
v  45.99729919  0.16435200  103.46199799
v  45.99729919  0.20414300  103.61000061
v  45.92309952  0.20418100  103.52999878
v  45.92309952  0.23077101  103.59500122
v  45.87939835  0.25988099  103.57800293
v  45.92309952  0.27316999  103.65000153
v  45.92309952  0.19509600  103.46199799
v  45.99729919  0.20416200  73.15910339
v  46.07690048  0.19509301  73.15380096
v  46.07690048  0.16435100  73.22810364
v  45.92309952  0.23076899  73.17449951
v  45.99729919  0.17447799  73.23079681
v  45.92309952  0.27316999  73.11920166
v  45.92309952  0.20413700  73.23870087
v  45.99729919  0.16435599  73.30770111
v  45.92309952  0.19510099  73.30770111
v  74.69229889  0.24398200  73.09010315
v  74.92030334  0.32161200  73.15489960
v  74.69229889  0.24398200  73.09010315
v  74.77189636  0.25143301  73.09750366
v  74.69229889  0.24398200  73.09010315
v  46.07690048  0.24398500  73.09010315
v  46.07690048  0.30771399  73.04119873
v  46.07690048  0.24398500  73.09010315
v  45.99729919  0.25138900  73.09750366
v  46.07690048  0.24398500  73.09010315
v  45.99729919  0.25138900  73.09750366
v  45.85300064  0.31942499  73.15070343
v  45.81050110  0.30770299  73.30770111
v  45.85940170  0.24398901  73.30770111
v  45.86529922  0.25008601  73.23919678
v  45.90129852  0.28500900  103.63800049
v  45.90129852  0.28500900  103.63800049
v  45.84889984  0.32030499  103.61299896
v  45.90129852  0.28500900  103.63800049
v  45.92309952  0.19509600  103.46199799
v  45.86550140  0.24936201  103.52799988
v  45.85929871  0.24400800  103.46199799
v  45.85929871  0.24400800  103.46199799
v  45.92309952  0.19510099  73.30770111
v  45.85929871  0.24400800  103.46199799
v  45.85940170  0.24398901  73.30770111
v  45.85929871  0.24400800  103.46199799
v  45.85940170  0.24398901  73.30770111
v  45.87919998  0.25989199  73.19139862
v  45.86529922  0.25008601  73.23919678
v  45.87919998  0.25989199  73.19139862
v  45.85940170  0.24398901  73.30770111
v  45.89419937  0.28880200  73.13500214
v  74.90000153  22.16340065  103.61499786
v  74.69229889  22.30769920  103.29599762
v  74.69229889  22.30769920  73.30770111
v  46.07690048  22.30769920  73.30770111
v  46.07690048  22.21759987  73.09010315
v  74.90989685  0.46156099  103.67900085
v  46.07690048  0.46156099  103.76899719
v  46.07690048  0.24400400  103.67900085
v  45.85940170  22.00000000  73.09010315
v  74.84690094  0.27371100  73.11920166
v  74.90979767  0.24394201  73.30770111
v  84.53859711  14.30780029  88.23079681
v  84.07019806  14.30780029  84.86540222
v  84.53859711  18.92309952  88.23079681
v  84.07019806  18.92309952  84.86540222
v  84.07019806  14.30780029  91.59619904
v  84.07019806  18.92309952  91.59619904
v  82.70120239  14.30780029  94.72299957
v  82.70120239  18.92309952  94.72299957
v  80.51740265  14.30780029  97.41660309
v  81.21150208  14.30780029  96.56060028
v  80.51740265  18.92309952  97.41660309
v  82.70120239  18.92309952  81.73860168
v  82.70120239  18.92309952  94.72299957
v  84.07019806  18.92309952  84.86540222
v  84.07019806  18.92309952  91.59619904
v  84.53859711  18.92309952  88.23079681
v  82.70120239  14.30780029  81.73860168
v  84.07019806  14.30780029  84.86540222
v  82.70120239  14.30780029  94.72299957
v  84.53859711  14.30780029  88.23079681
v  84.07019806  14.30780029  91.59619904
v  82.70120239  14.30780029  81.73860168
v  82.70120239  18.92309952  81.73860168
v  80.51740265  14.30780029  79.04499817
v  80.51740265  18.92309952  79.04499817
v  80.51740265  14.30780029  79.04499817
v  77.67060089  14.30780029  76.97889709
v  80.51740265  18.92309952  79.04499817
v  77.67060089  18.92309952  76.97889709
v  78.09980011  18.92309952  77.29029846
v  78.57959747  18.92309952  77.63860321
v  78.98459625  14.30780029  80.49539948
v  78.98459625  18.92309952  80.49539948
v  76.58719635  14.30780029  78.75550079
v  76.58719635  18.92309952  78.75550079
v  80.82350159  18.92309952  82.76370239
v  78.57959747  18.92309952  77.63860321
v  78.98459625  18.92309952  80.49539948
v  78.98459625  14.30780029  80.49539948
v  80.51740265  14.30780029  79.04499817
v  80.82350159  14.30780029  82.76370239
v  80.82350159  14.30780029  82.76370239
v  80.82350159  18.92309952  82.76370239
v  78.98459625  14.30780029  80.49539948
v  78.98459625  18.92309952  80.49539948
v  80.51740265  18.92309952  79.04499817
v  81.97630310  18.92309952  85.39679718
v  81.97630310  14.30780029  85.39679718
v  81.97630310  14.30780029  85.39679718
v  81.97630310  18.92309952  85.39679718
v  82.37069702  18.92309952  88.23079681
v  82.37069702  14.30780029  88.23079681
v  82.37069702  14.30780029  88.23079681
v  82.37069702  18.92309952  88.23079681
v  81.97630310  18.92309952  91.06479645
v  81.97630310  14.30780029  91.06479645
v  81.21150208  14.30780029  96.56060028
v  81.97630310  14.30780029  91.06479645
v  81.97630310  18.92309952  91.06479645
v  80.82350159  18.92309952  93.69789886
v  80.51740265  18.92309952  97.41660309
v  80.82350159  14.30780029  93.69789886
v  80.51740265  14.30780029  97.41660309
v  80.82350159  14.30780029  93.69789886
v  80.82350159  18.92309952  93.69789886
v  78.98459625  14.30780029  95.96620178
v  78.98459625  14.30780029  95.96620178
v  78.98459625  18.92309952  95.96620178
v  76.58719635  14.30780029  97.70610046
v  76.58719635  18.92309952  97.70610046
v  78.98459625  14.30780029  95.96620178
v  78.98459625  18.92309952  95.96620178
v  78.98459625  18.92309952  95.96620178
v  77.67060089  14.30780029  99.48269653
v  78.09980011  14.30780029  99.17130280
v  77.67060089  18.92309952  99.48269653
v  80.51740265  14.30780029  97.41660309
v  80.51740265  18.92309952  97.41660309
v  75.00009918  14.30780029  98.32820129
v  75.00009918  14.30780029  100.52899933
v  75.00009918  18.92309952  98.32820129
v  75.00009918  18.92309952  100.52899933
v  75.00009918  14.30780029  75.93219757
v  75.00009918  14.30780029  78.13339996
v  75.00009918  18.92309952  75.93219757
v  75.00009918  18.92309952  78.13339996
v  75.00009918  18.92309952  98.32820129
v  75.00009918  14.30780029  98.32820129
v  75.00140381  14.30780029  98.32769775
v  75.00009918  14.30780029  78.13339996
v  75.00009918  18.92309952  78.13339996
v  75.00140381  18.92309952  78.13390350
v  75.00009918  18.92309952  75.93219757
v  75.00009918  18.92309952  78.13339996
v  75.00140381  18.92309952  78.13390350
v  75.00009918  14.30780029  75.93219757
v  75.00140381  14.30780029  75.93260193
v  75.00009918  14.30780029  78.13339996
v  75.00009918  18.92309952  98.32820129
v  75.00009918  18.92309952  100.52899933
v  75.00140381  18.92309952  100.52899933
v  75.00009918  18.92309952  75.93219757
v  75.00140381  14.30780029  75.93260193
v  75.00009918  14.30780029  75.93219757
v  75.00140381  18.92309952  100.52899933
v  75.00009918  14.30780029  100.52899933
v  75.00009918  18.92309952  100.52899933
v  76.58719635  18.92309952  97.70610046
v  75.00009918  14.30780029  98.32820129
v  75.00140381  14.30780029  98.32769775
v  76.58719635  14.30780029  97.70610046
v  76.58719635  14.30780029  78.75550079
v  75.00009918  14.30780029  100.52899933
v  76.58719635  18.92309952  78.75550079
v  77.67060089  14.30780029  99.48269653
v  78.09980011  14.30780029  99.17130280
v  77.67060089  18.92309952  99.48269653
v  77.67060089  18.92309952  76.97889709
v  78.09980011  18.92309952  77.29029846
v  77.67060089  14.30780029  76.97889709
v  65.20970154  6.83073997  104.17199707
v  63.80400085  6.83073997  104.52300262
v  65.20970154  6.09227991  104.17199707
v  63.80400085  6.09227991  104.52300262
v  62.17210007  6.83073997  104.74199677
v  62.17210007  6.09227991  104.74199677
v  60.41569901  6.83073997  104.81800079
v  60.41569901  6.09227991  104.81800079
v  58.65940094  6.83073997  104.74199677
v  58.65940094  6.09227991  104.74199677
v  57.02750015  6.83073997  104.52300262
v  57.02750015  6.09227991  104.52300262
v  55.62179947  6.83073997  104.17199707
v  55.62179947  6.09227991  104.17199707
v  54.67539978  6.09227991  103.77100372
v  54.67539978  6.83073997  103.77100372
v  66.15609741  6.09227991  103.77100372
v  66.15609741  6.83073997  103.77100372
v  55.62179947  6.83073997  104.17199707
v  54.67539978  6.83073997  103.77100372
v  55.62179947  6.09227991  104.17199707
v  54.67539978  6.09227991  103.77100372
v  65.20970154  6.09227991  104.17199707
v  66.15609741  6.09227991  103.77100372
v  65.20970154  6.83073997  104.17199707
v  66.15609741  6.83073997  103.77100372
v  58.65940094  6.09227991  104.74199677
v  57.02750015  6.09227991  104.52300262
v  60.41569901  6.09227991  104.81800079
v  55.62179947  6.09227991  104.17199707
v  54.67539978  6.09227991  103.77100372
v  66.15609741  6.09227991  103.77100372
v  65.20970154  6.09227991  104.17199707
v  63.80400085  6.09227991  104.52300262
v  62.17210007  6.09227991  104.74199677
v  57.02750015  6.83073997  104.52300262
v  58.65940094  6.83073997  104.74199677
v  55.62179947  6.83073997  104.17199707
v  60.41569901  6.83073997  104.81800079
v  62.17210007  6.83073997  104.74199677
v  63.80400085  6.83073997  104.52300262
v  65.20970154  6.83073997  104.17199707
v  66.15609741  6.83073997  103.77100372
v  54.67539978  6.83073997  103.77100372
v  74.23100281  0.15386400  96.81549835
v  74.23100281  0.15386400  100.41500092
v  74.23100281  0.00001752  96.81549835
v  74.23100281  0.00001752  100.41500092
v  73.64640045  0.15386400  100.41500092
v  74.23100281  0.15386400  100.41500092
v  73.64640045  0.15386400  96.81549835
v  74.23100281  0.15386400  96.81549835
v  74.23100281  0.15386400  100.41500092
v  73.64640045  0.15386400  100.41500092
v  74.23100281  0.00001752  100.41500092
v  73.64640045  0.00001752  100.41500092
v  73.64640045  0.15386400  100.41500092
v  73.64640045  0.15386400  96.81549835
v  73.64640045  0.00001752  100.41500092
v  73.64640045  0.00001752  96.81549835
v  73.64640045  0.00001752  96.81549835
v  74.23100281  0.00001752  96.81549835
v  73.64640045  0.00001752  100.41500092
v  74.23100281  0.00001752  100.41500092
v  73.64640045  0.15386400  96.81549835
v  74.23100281  0.15386400  96.81549835
v  73.64640045  0.00001752  96.81549835
v  74.23100281  0.00001752  96.81549835
v  46.66149902 -0.00000036  99.30780029
v  46.66149902  0.15384600  99.30780029
v  46.07690048 -0.00000036  99.30780029
v  46.07690048  0.15384600  99.30780029
v  46.66149902  0.15384600  97.92310333
v  46.66149902  0.15384600  99.30780029
v  46.66149902 -0.00000036  97.92310333
v  46.66149902 -0.00000036  99.30780029
v  46.07690048  0.15384600  97.92310333
v  46.07690048  0.15384600  99.30780029
v  46.66149902  0.15384600  97.92310333
v  46.66149902  0.15384600  99.30780029
v  46.07690048 -0.00000036  97.92310333
v  46.07690048 -0.00000036  99.30780029
v  46.07690048  0.15384600  97.92310333
v  46.07690048  0.15384600  99.30780029
v  46.66149902 -0.00000036  97.92310333
v  46.66149902 -0.00000036  99.30780029
v  46.07690048 -0.00000036  97.92310333
v  46.07690048 -0.00000036  99.30780029
v  46.07690048 -0.00000024  99.30780029
v  46.07690048  1.53846002  99.30780029
v  45.46149826 -0.00000024  99.30780029
v  45.46149826  1.53846002  99.30780029
v  46.07690048  1.53846002  97.92310333
v  46.07690048  1.53846002  99.30780029
v  46.07690048 -0.00000024  97.92310333
v  46.07690048 -0.00000024  99.30780029
v  45.46149826  1.53846002  97.92310333
v  45.46149826  1.53846002  99.30780029
v  46.07690048  1.53846002  97.92310333
v  46.07690048  1.53846002  99.30780029
v  45.46149826 -0.00000024  97.92310333
v  45.46149826 -0.00000024  99.30780029
v  45.46149826  1.53846002  97.92310333
v  45.46149826  1.53846002  99.30780029
v  46.07690048 -0.00000024  97.92310333
v  46.07690048 -0.00000024  99.30780029
v  45.46149826 -0.00000024  97.92310333
v  45.46149826 -0.00000024  99.30780029
v  46.07690048 -0.00000036  97.92310333
v  46.07690048  0.15384600  97.92310333
v  46.66149902 -0.00000036  97.92310333
v  46.66149902  0.15384600  97.92310333
v  45.46149826 -0.00000024  97.92310333
v  45.46149826  1.53846002  97.92310333
v  46.07690048 -0.00000024  97.92310333
v  46.07690048  1.53846002  97.92310333

vt  0.33259720  0.78362530
vt  0.33259720  0.73824650
vt  0.31868193  0.78362530
vt  0.31868193  0.73824650
vt  0.30370569  0.78362530
vt  0.28872877  0.78362530
vt  0.30370569  0.73824650
vt  0.28872877  0.73824650
vt  0.27481350  0.78362530
vt  0.27481350  0.73824650
vt  0.26282692  0.78362530
vt  0.45403263  0.69450283
vt  0.45403263  0.73988163
vt  0.35613549  0.69450283
vt  0.35613549  0.73988163
vt  0.25475687  0.78362530
vt  0.25475687  0.73824650
vt  0.26282692  0.73824650
vt  0.34458384  0.73824650
vt  0.35265392  0.73824650
vt  0.35265392  0.78362530
vt  0.34458384  0.78362530
vt  0.36817247  0.72969699
vt  0.38208771  0.74319798
vt  0.39407429  0.76473027
vt  0.40214437  0.78936547
vt  0.30424729  0.78936547
vt  0.31231746  0.76473027
vt  0.32430395  0.74319798
vt  0.33821923  0.72969699
vt  0.35319552  0.72507626
vt  0.43397591  0.79088134
vt  0.42006063  0.80438215
vt  0.40508372  0.80900300
vt  0.39010745  0.80438215
vt  0.44596246  0.76934886
vt  0.37619221  0.79088134
vt  0.36420557  0.76934886
vt  0.35613549  0.74471378
vt  0.45403263  0.74471378
vt  0.29575771  0.93770903
vt  0.28297696  0.93770903
vt  0.28297696  0.88833362
vt  0.33904007  0.93770903
vt  0.31028444  0.93770903
vt  0.31028444  0.88833362
vt  0.28297696  0.98598677
vt  0.28297696  0.94154936
vt  0.29575771  0.94154936
vt  0.29575771  0.98598677
vt  0.28059137  0.88833362
vt  0.28059137  0.93770903
vt  0.25183570  0.93770903
vt  0.28297696  0.84005594
vt  0.29575771  0.88449329
vt  0.28297696  0.88449329
vt  0.30789888  0.88833362
vt  0.30789888  0.89327115
vt  0.29575771  0.88833362
vt  0.29575771  0.89327115
vt  0.33904007  0.89327115
vt  0.31028444  0.89327115
vt  0.33904007  0.88833362
vt  0.30789888  0.98598677
vt  0.30789888  0.94154936
vt  0.25183570  0.88833362
vt  0.25183570  0.89327115
vt  0.28059137  0.89327115
vt  0.30789888  0.84005594
vt  0.30789888  0.88449329
vt  0.29575771  0.84005594
vt  0.36634761  0.88833362
vt  0.36634761  0.93770903
vt  0.35356668  0.93770903
vt  0.35356668  0.88833362
vt  0.35356668  0.89327115
vt  0.34142569  0.88833362
vt  0.34142569  0.89327115
vt  0.01139680  0.76246178
vt  0.23908338  0.76246178
vt  0.01139680  0.78115213
vt  0.23908338  0.78115213
vt  0.01139680  0.81347704
vt  0.01139680  0.79851800
vt  0.23908338  0.79851800
vt  0.23908338  0.81347704
vt  0.01139680  0.82495207
vt  0.23908338  0.82495207
vt  0.01139680  0.69277906
vt  0.23908338  0.69277906
vt  0.01139680  0.69997263
vt  0.23908338  0.71144736
vt  0.23908338  0.69997263
vt  0.01139680  0.71144736
vt  0.01139680  0.74377203
vt  0.01139680  0.72640663
vt  0.23908338  0.72640663
vt  0.23908338  0.74377203
vt  0.01139680  0.83214456
vt  0.23908338  0.83214456
vt  0.23955828  0.98602843
vt  0.05283090  0.89519465
vt  0.05402648  0.87782925
vt  0.05593206  0.86286998
vt  0.05841694  0.85139525
vt  0.06130189  0.84420168
vt  0.06440596  0.84174061
vt  0.01186963  0.84174061
vt  0.01186963  0.91388440
vt  0.06440596  0.98602843
vt  0.01186963  0.98602843
vt  0.06130189  0.98356718
vt  0.05841694  0.97637469
vt  0.05593206  0.96489966
vt  0.05242285  0.91388440
vt  0.05402648  0.94994062
vt  0.05283090  0.93257475
vt  0.22520298  0.85139525
vt  0.22231802  0.84420168
vt  0.22768781  0.86286998
vt  0.22959344  0.87782925
vt  0.23078899  0.89519465
vt  0.23119704  0.91388440
vt  0.23078899  0.93257475
vt  0.22959344  0.94994062
vt  0.22768781  0.96489966
vt  0.22520298  0.97637469
vt  0.22231802  0.98356718
vt  0.21921396  0.98602843
vt  0.23955828  0.84420168
vt  0.21921396  0.84174061
vt  0.23955828  0.84174061
vt  0.51040560  0.72937363
vt  0.51312166  0.72937363
vt  0.51040560  0.85269094
vt  0.51312166  0.85269094
vt  0.58021635  0.76737720
vt  0.58366537  0.76737720
vt  0.58366537  0.87067252
vt  0.58021635  0.87067252
vt  0.54237366  0.90538847
vt  0.54237366  0.90234298
vt  0.47310588  0.90538847
vt  0.47310588  0.90234298
vt  0.45827910  0.90943223
vt  0.45827910  0.98069686
vt  0.46952742  0.90943223
vt  0.46952742  0.98069686
vt  0.46952742  0.90538847
vt  0.46952742  0.90234298
vt  0.45827910  0.90538847
vt  0.45827910  0.90234298
vt  0.45470062  0.90538847
vt  0.45470062  0.90234298
vt  0.38543281  0.90538847
vt  0.38543281  0.90234298
vt  0.45827910  0.82703459
vt  0.46952742  0.82703459
vt  0.45827910  0.89829922
vt  0.46952742  0.89829922
vt  0.55720055  0.90538847
vt  0.54595214  0.90538847
vt  0.55720055  0.90234298
vt  0.54595214  0.90234298
vt  0.99172026  0.28347936
vt  0.99172026  0.28063276
vt  0.68875831  0.57389969
vt  0.68875831  0.57390088
vt  0.68844205  0.57300174
vt  0.30855146  0.31545967
vt  0.30899864  0.31545967
vt  0.30952114  0.31545967
vt  0.01524259  0.31545967
vt  0.64912295  0.28174388
vt  0.64903343  0.28201622
vt  0.65862709  0.67593902
vt  0.64880270  0.28216270
vt  0.64880162  0.28216270
vt  0.67837828  0.28168094
vt  0.67886263  0.28242648
vt  0.67828554  0.28174388
vt  0.31008068  0.31283331
vt  0.31008068  0.31360793
vt  0.31090063  0.31291801
vt  0.64721704  0.28174388
vt  0.64721704  0.28174511
vt  0.32162988  0.28084591
vt  0.35237890  0.28174511
vt  0.67879057  0.28251606
vt  0.67944998  0.28310791
vt  0.01524259  0.31283331
vt  0.01580320  0.31360793
vt  0.67921281  0.28201622
vt  0.31189710  0.31332958
vt  0.31221950  0.31360793
vt  0.68991840  0.57483166
vt  0.68946832  0.57447946
vt  0.68991959  0.57483166
vt  0.31166637  0.31384996
vt  0.31090063  0.31366834
vt  0.31090063  0.31453979
vt  0.31166533  0.31384996
vt  0.31166637  0.31318423
vt  0.67983109  0.28232369
vt  0.31166533  0.31462449
vt  0.31232253  0.31545967
vt  0.31222978  0.31475767
vt  0.31166533  0.31545967
vt  0.68021238  0.28168094
vt  0.31166533  0.31463665
vt  0.31927016  0.28299773
vt  0.31928053  0.28299773
vt  0.31856951  0.28310791
vt  0.68021238  0.28347936
vt  0.30849582  0.31450343
vt  0.31008068  0.31450343
vt  0.31008068  0.31726307
vt  0.68256152  0.28360662
vt  0.68261296  0.28360662
vt  0.68278813  0.28360662
vt  0.68206692  0.28360662
vt  0.30904919  0.31545967
vt  0.31008068  0.31545967
vt  0.31008068  0.31668213
vt  0.68159294  0.28360662
vt  0.68102622  0.28251606
vt  0.68102622  0.28360662
vt  0.30849582  0.31545967
vt  0.31008068  0.31752929
vt  0.31008068  0.31732357
vt  0.31008068  0.31612530
vt  0.30822387  0.31545967
vt  0.30799106  0.31545967
vt  0.31090063  0.68042564
vt  0.68378758  0.28360662
vt  0.31008068  0.31870335
vt  0.68311781  0.28360662
vt  0.31232253  0.31918746
vt  0.31008068  0.31791657
vt  0.68103659  0.27988234
vt  0.68102622  0.28174511
vt  0.67786318  0.27988234
vt  0.64880162  0.28071746
vt  0.64941466  0.28057474
vt  0.64941466  0.28057343
vt  0.64927870  0.28128022
vt  0.67896557  0.28128022
vt  0.67912006  0.28174388
vt  0.64880162  0.28149462
vt  0.67944998  0.28149462
vt  0.64945889  0.27988234
vt  0.67806923  0.28081316
vt  0.64803702  0.28081316
vt  0.64721704  0.27988234
vt  0.64803702  0.28168094
vt  0.64803702  0.28242648
vt  0.67796612  0.28084591
vt  0.64563215  0.27988234
vt  0.35237890  0.28174388
vt  0.64721704  0.28084591
vt  0.64404649  0.27988234
vt  0.40425894  0.27988234
vt  0.67944998  0.28071746
vt  0.68021238  0.28230909
vt  0.96450466  0.27988234
vt  0.67944998  0.27988234
vt  0.64880162  0.27988234
vt  0.67821336  0.27929661
vt  0.64803702  0.27988234
vt  0.64721704  0.27922520
vt  0.67796612  0.01919682
vt  0.64803702  0.01919657
vt  0.64721704  0.08936805
vt  0.67786318  0.27922520
vt  0.68021238  0.27988234
vt  0.67786318  0.02105866
vt  0.64721704  0.27742904
vt  0.64721704  0.27774620
vt  0.35237890  0.27742904
vt  0.67786318  0.01985406
vt  0.67786318  0.27713618
vt  0.67786318  0.27774620
vt  0.67786318  0.08936805
vt  0.64721704  0.27713618
vt  0.31008068  0.67691934
vt  0.98873526  0.28360662
vt  0.98896724  0.28360662
vt  0.31008068  0.67719162
vt  0.01524259  0.67862952
vt  0.99116093  0.28360662
vt  0.99172026  0.28360662
vt  0.64880162  0.28310791
vt  0.64945889  0.28251606
vt  0.64880270  0.28310791
vt  0.99172026  0.28251606
vt  0.68419975  0.28251606
vt  0.01524259  0.67876989
vt  0.30822283  0.68042564
vt  0.30952114  0.68042564
vt  0.30799106  0.68042564
vt  0.31008068  0.67976850
vt  0.68833363  0.57203811
vt  0.68841833  0.57278854
vt  0.64996284  0.28174388
vt  0.65027910  0.28084591
vt  0.64996284  0.28174511
vt  0.68102622  0.28084591
vt  0.99172026  0.01919682
vt  0.67828554  0.28174511
vt  0.35237890  0.28251606
vt  0.64721704  0.28251606
vt  0.01524259  0.31360793
vt  0.35237890  0.28084591
vt  0.63883209  0.01919657
vt  0.35155877  0.27988234
vt  0.67786318  0.27742904
vt  0.35237890  0.27713618
vt  0.67796612  0.27988234
vt  0.99019128  0.28360662
vt  0.99031067  0.28360662
vt  0.01524259  0.67921418
vt  0.01524259  0.67976850
vt  0.99068892  0.28360662
vt  0.68102622  0.01919657
vt  0.68102622  0.01919682
vt  0.64563215  0.01919657
vt  0.64721704  0.01985406
vt  0.64404649  0.01919657
vt  0.64880162  0.01919657
vt  0.64880162  0.01919629
vt  0.67879057  0.27988234
vt  0.67879057  0.01919669
vt  0.67828554  0.01919629
vt  0.67796612  0.01919669
vt  0.67828554  0.01919657
vt  0.67828554  0.01919669
vt  0.68991959  0.31135264
vt  0.69010508  0.57145238
vt  0.67828554  0.01919682
vt  0.64861631  0.27929661
vt  0.64880162  0.01919669
vt  0.64803702  0.01919669
vt  0.64880162  0.01919682
vt  0.67786318  0.01919657
vt  0.68021238  0.01919669
vt  0.67944998  0.01919669
vt  0.67944998  0.01919645
vt  0.68103659  0.01919710
vt  0.99172026  0.01919669
vt  0.99172026  0.27795431
vt  0.65038735  0.01919657
vt  0.35237890  0.01919657
vt  0.67796612  0.01823260
vt  0.98716223  0.31321448
vt  0.00628992  0.28310791
vt  0.00629095  0.28310791
vt  0.00705546  0.28347936
vt  0.31232253  0.68042564
vt  0.31222978  0.68112880
vt  0.31232253  0.68138909
vt  0.31166533  0.68042564
vt  0.31166533  0.68126076
vt  0.31166637  0.68126076
vt  0.31166637  0.68203777
vt  0.99231887  0.28250644
vt  0.31008068  0.68042564
vt  0.31090063  0.68135643
vt  0.99251252  0.28335717
vt  0.99292058  0.28232369
vt  0.31008068  0.68138909
vt  0.99330598  0.28310791
vt  0.31211662  0.68183565
vt  0.31166533  0.68270582
vt  0.31008068  0.68228716
vt  0.01524259  0.68305928
vt  0.99254030  0.28081316
vt  0.99254030  0.28168094
vt  0.99172026  0.28174511
vt  0.99330485  0.27988234
vt  0.01524259  0.68042564
vt  0.01682824  0.68228716
vt  0.01524259  0.68228716
vt  0.01524259  0.68228835
vt  0.01524362  0.68228835
vt  0.01524259  0.68138909
vt  0.01442248  0.68222427
vt  0.99396211  0.01919669
vt  0.99330485  0.01919669
vt  0.31282651  0.68228835
vt  0.31232253  0.68305928
vt  0.68844205  0.31135237
vt  0.31282651  0.68228716
vt  0.31314278  0.68138909
vt  0.65027910  0.01919657
vt  0.99330485  0.01919657
vt  0.68833363  0.31135237
vt  0.01365796  0.68042564
vt  0.99172026  0.28310791
vt  0.32131013  0.28174511
vt  0.32131013  0.28174388
vt  0.01365796  0.31318423
vt  0.67882121  0.28174511
vt  0.35079429  0.28216270
vt  0.35155877  0.28242648
vt  0.67908913  0.28216270
vt  0.01442248  0.31291801
vt  0.67950130  0.28299773
vt  0.01524259  0.31450343
vt  0.68024325  0.28335717
vt  0.68042862  0.28250644
vt  0.67965603  0.28267589
vt  0.01442248  0.31545967
vt  0.01365796  0.31463665
vt  0.68102622  0.28347936
vt  0.99039614  0.28310791
vt  0.68102622  0.28310791
vt  0.01365796  0.31545967
vt  0.01300148  0.67670149
vt  0.01300148  0.31545967
vt  0.35237890  0.27988234
vt  0.67837828  0.28071746
vt  0.35155877  0.28081316
vt  0.35155877  0.28168094
vt  0.35079429  0.28174511
vt  0.67865646  0.28149462
vt  0.35079429  0.28149462
vt  0.67796612  0.01919657
vt  0.67796612  0.02105866
vt  0.35155877  0.02105866
vt  0.35155877  0.01919657
vt  0.01442248  0.68042564
vt  0.99325132  0.28299773
vt  0.01442248  0.68135643
vt  0.01365796  0.68126076
vt  0.01442248  0.68228835
vt  0.68102622  0.01919629
vt  0.68875831  0.30949044
vt  0.64945889  0.01656320
vt  0.64996284  0.01733448
vt  0.68844205  0.31038874
vt  0.68833363  0.31135198
vt  0.68102622  0.01823288
vt  0.64996284  0.01733460
vt  0.68102622  0.01919617
vt  0.65038735  0.01919617
vt  0.65027910  0.01823276
vt  0.65038735  0.01919629
vt  0.65038735  0.01919645
vt  0.65027910  0.01823288
vt  0.40695754  0.01919657
vt  0.45818108  0.01919657
vt  0.64945889  0.01919629
vt  0.64945889  0.01919657
vt  0.64927870  0.01779805
vt  0.64880162  0.01733448
vt  0.65862614  0.67644733
vt  0.65910316  0.67608428
vt  0.67896557  0.01779854
vt  0.64927870  0.01779854
vt  0.64941466  0.01850493
vt  0.64941466  0.01850505
vt  0.64880270  0.01836204
vt  0.67883152  0.01850493
vt  0.67944998  0.01836204
vt  0.64959389  0.01758391
vt  0.64959490  0.01758404
vt  0.64996284  0.01919645
vt  0.64986908  0.01836204
vt  0.64986908  0.01836179
vt  0.67806923  0.01826544
vt  0.64880162  0.01836179
vt  0.67837828  0.01836179
vt  0.67865646  0.01758391
vt  0.67882121  0.01733448
vt  0.67908913  0.01691608
vt  0.64880162  0.01758391
vt  0.32073325  0.01665307
vt  0.32121766  0.01739798
vt  0.64803702  0.01665307
vt  0.64880162  0.01691608
vt  0.32152671  0.01826544
vt  0.64803702  0.01739798
vt  0.64721704  0.01733460
vt  0.64721704  0.01656320
vt  0.65862614  0.67677420
vt  0.65862709  0.67677420
vt  0.65786141  0.67713726
vt  0.32162988  0.01919657
vt  0.64803702  0.01826544
vt  0.64721704  0.01919657
vt  0.67828554  0.01733448
vt  0.32162988  0.01823276
vt  0.32173276  0.01919657
vt  0.64721704  0.01823260
vt  0.64721704  0.01823276
vt  0.64986908  0.01739798
vt  0.67944998  0.01758391
vt  0.68021238  0.01739810
vt  0.65969348  0.67461962
vt  0.65941942  0.67551535
vt  0.65941834  0.67551535
vt  0.68844205  0.31038857
vt  0.68833363  0.31135231
vt  0.68844205  0.31038842
vt  0.68102622  0.01823276
vt  0.68021238  0.01826544
vt  0.64986908  0.01739810
vt  0.65017509  0.01826544
vt  0.65017509  0.01826557
vt  0.68021238  0.01739798
vt  0.68021238  0.01826557
vt  0.67944998  0.01836179
vt  0.68102622  0.01919645
vt  0.93945074  0.01919657
vt  0.65027910  0.01823260
vt  0.64945889  0.01656333
vt  0.99172026  0.01733460
vt  0.99172026  0.01823276
vt  0.99254030  0.01826557
vt  0.99172026  0.01823260
vt  0.32173276  0.01919645
vt  0.67828554  0.01733460
vt  0.32162988  0.01823260
vt  0.67796612  0.01823276
vt  0.68885207  0.30955371
vt  0.68885207  0.30955380
vt  0.68854594  0.31042141
vt  0.99254030  0.01739798
vt  0.99330598  0.01758391
vt  0.35155877  0.01733448
vt  0.35237890  0.01733448
vt  0.35155877  0.01739798
vt  0.67865646  0.01758404
vt  0.35079429  0.01691608
vt  0.35237890  0.01823276
vt  0.35155877  0.01826557
vt  0.67806923  0.01826557
vt  0.67837828  0.01739798
vt  0.35079429  0.01758404
vt  0.35079429  0.01836179
vt  0.35079429  0.01919657
vt  0.91394591  0.57203811
vt  0.99489039  0.27802092
vt  0.99489039  0.13863827
vt  0.69150430  0.57203811
vt  0.99396211  0.28251606
vt  0.31221950  0.68228835
vt  0.31189710  0.68255949
vt  0.99330598  0.28186011
vt  0.99254030  0.28230909
vt  0.99330598  0.28149462
vt  0.99254030  0.28347936
vt  0.31008068  0.68305928
vt  0.99309355  0.28267589
vt  0.31166533  0.68203902
vt  0.31090063  0.68296975
vt  0.31008068  0.68228835
vt  0.99353677  0.28201622
vt  0.31214240  0.68284643
vt  0.31214240  0.68284756
vt  0.31166533  0.68321902
vt  0.68944252  0.57343602
vt  0.99366146  0.28216270
vt  0.99409842  0.28149462
vt  0.68968755  0.57417202
vt  0.68926221  0.57203811
vt  0.99330598  0.28071746
vt  0.99378109  0.28128022
vt  0.69068408  0.57383674
vt  0.69068408  0.57458228
vt  0.68991959  0.57431847
vt  0.99467826  0.28081316
vt  0.68991959  0.57365042
vt  0.69068408  0.57296896
vt  0.68991959  0.57203811
vt  0.68991959  0.57287323
vt  0.68930632  0.57273054
vt  0.99391782  0.28057474
vt  0.99396211  0.27988234
vt  0.99478251  0.27988234
vt  0.69068408  0.57203811
vt  0.69150430  0.57017672
vt  0.69150430  0.31135237
vt  0.99330485  0.02049113
vt  0.99446607  0.27988234
vt  0.98634213  0.31135237
vt  0.98634213  0.44360536
vt  0.99489039  0.14822888
vt  0.99489039  0.15144956
vt  0.69150430  0.57467186
vt  0.99446607  0.28174388
vt  0.98634213  0.57300174
vt  0.98634213  0.57389969
vt  0.69150430  0.57389969
vt  0.99478251  0.28084591
vt  0.69150430  0.57300174
vt  0.99489039  0.27988234
vt  0.99489039  0.12698862
vt  0.69150430  0.43079409
vt  0.00629095  0.02049113
vt  0.00563367  0.01919669
vt  0.68926221  0.31135237
vt  0.99396211  0.01919657
vt  0.99396211  0.01919645
vt  0.68991959  0.31135255
vt  0.68991959  0.31135237
vt  0.99446607  0.01919669
vt  0.69068408  0.31135237
vt  0.69068408  0.31135255
vt  0.99478251  0.01919669
vt  0.99489039  0.01919657
vt  0.99467826  0.01826557
vt  0.69068408  0.31042141
vt  0.99478251  0.01919657
vt  0.98634213  0.44038469
vt  0.98634213  0.41914445
vt  0.98716223  0.31198755
vt  0.98634213  0.57203811
vt  0.99388587  0.28242648
vt  0.99330598  0.28294939
vt  0.01442248  0.68296975
vt  0.01365796  0.68270582
vt  0.98716223  0.57458228
vt  0.98634213  0.57467186
vt  0.99437237  0.28168094
vt  0.98716223  0.57383674
vt  0.98716223  0.57296896
vt  0.98716223  0.57203811
vt  0.99446607  0.02024598
vt  0.99446607  0.01976603
vt  0.98792678  0.31135237
vt  0.98792678  0.31192183
vt  0.98792678  0.31240180
vt  0.00512975  0.01919657
vt  0.00522348  0.01836179
vt  0.98716223  0.31135237
vt  0.68991959  0.31135231
vt  0.99446607  0.01919657
vt  0.00563367  0.01919645
vt  0.00563367  0.01919629
vt  0.00567792  0.01850493
vt  0.99396211  0.01919629
vt  0.99391782  0.01850481
vt  0.68930632  0.31066066
vt  0.68991959  0.31051776
vt  0.68944252  0.30995435
vt  0.99446607  0.01919645
vt  0.99437237  0.01836192
vt  0.68944353  0.30995426
vt  0.65910316  0.30627564
vt  0.65910208  0.30627564
vt  0.65862614  0.30558214
vt  0.99409842  0.01758391
vt  0.68991959  0.30973971
vt  0.99330598  0.01758404
vt  0.99330598  0.01836204
vt  0.99378198  0.01779854
vt  0.99391782  0.01850493
vt  0.68885207  0.31051776
vt  0.68885207  0.31051785
vt  0.68875831  0.31135213
vt  0.68912613  0.30973989
vt  0.99330598  0.01836192
vt  0.69068408  0.30955380
vt  0.69068408  0.30880892
vt  0.69150430  0.30871901
vt  0.72909832  0.31135237
vt  0.69150430  0.31038842
vt  0.99489039  0.01919645
vt  0.98634213  0.31038857
vt  0.00470530  0.01919657
vt  0.00470530  0.01919645
vt  0.00481342  0.01823276
vt  0.99478251  0.01823276
vt  0.00481342  0.01823260
vt  0.98716223  0.31042141
vt  0.00491752  0.01826557
vt  0.00522348  0.01739798
vt  0.99437237  0.01739798
vt  0.98716223  0.30955380
vt  0.98792678  0.30973971
vt  0.98792678  0.30907190
vt  0.99353677  0.01706333
vt  0.99172026  0.01985406
vt  0.02673914  0.27988234
vt  0.97285652  0.27988234
vt  0.01342705  0.31332958
vt  0.35056338  0.28201622
vt  0.01310353  0.31360793
vt  0.01320670  0.31405562
vt  0.32014596  0.28185880
vt  0.68032551  0.28299773
vt  0.01365796  0.31384996
vt  0.31976488  0.28232369
vt  0.31856951  0.28251606
vt  0.01104605  0.28251606
vt  0.00787558  0.28174388
vt  0.68103659  0.28174388
vt  0.68102622  0.28174388
vt  0.67883152  0.28057474
vt  0.35018125  0.28057474
vt  0.35031828  0.28128022
vt  0.32038289  0.28201622
vt  0.67944998  0.28185880
vt  0.32014596  0.28071746
vt  0.32063034  0.28128022
vt  0.31916708  0.28250644
vt  0.31938365  0.28230909
vt  0.31856951  0.28174388
vt  0.31856951  0.28084591
vt  0.32014596  0.28149462
vt  0.31938365  0.28168094
vt  0.68021238  0.28081316
vt  0.31938365  0.28081316
vt  0.31855920  0.28174388
vt  0.68102622  0.27988234
vt  0.35079429  0.27988234
vt  0.67828554  0.27988234
vt  0.99172026  0.02790094
vt  0.99172026  0.02478268
vt  0.00787558  0.02385054
vt  0.00787558  0.02212217
vt  0.01104605  0.01919657
vt  0.99172026  0.02385054
vt  0.00787558  0.02144137
vt  0.00787558  0.02112420
vt  0.01365483  0.01919657
vt  0.00787558  0.02790094
vt  0.00787558  0.27988234
vt  0.98854989  0.28251606
vt  0.01300148  0.68042564
vt  0.99172026  0.28174388
vt  0.00787558  0.02478268
vt  0.99172026  0.02319293
vt  0.00787558  0.02319293
vt  0.99172026  0.02212217
vt  0.00705546  0.27988234
vt  0.99172026  0.02144137
vt  0.99172026  0.02112420
vt  0.99172026  0.02105866
vt  0.99172026  0.02085191
vt  0.31856951  0.01919657
vt  0.98854989  0.01919657
vt  0.98594093  0.01919657
vt  0.69084543  0.01919657
vt  0.35013780  0.27988234
vt  0.35013780  0.01919657
vt  0.32080543  0.27988234
vt  0.32014596  0.27988234
vt  0.67879057  0.01919657
vt  0.67944998  0.01976603
vt  0.67944998  0.01919657
vt  0.31938365  0.27988234
vt  0.67996502  0.01981073
vt  0.68021238  0.01919657
vt  0.31938365  0.01919669
vt  0.32014596  0.01919669
vt  0.32014596  0.01976603
vt  0.32014596  0.01919657
vt  0.31938365  0.01919657
vt  0.32080543  0.01919657
vt  0.30875048  0.01919657
vt  0.98896724  0.01919657
vt  0.01062865  0.01919657
vt  0.00787558  0.01823260
vt  0.00787558  0.02085191
vt  0.00895642  0.01919657
vt  0.00787558  0.02040839
vt  0.99172026  0.02040839
vt  0.00787558  0.02105866
vt  0.00787558  0.02099296
vt  0.99172026  0.02099296
vt  0.99063921  0.01919657
vt  0.00787558  0.01985406
vt  0.99172026  0.27988234
vt  0.01309325  0.68112880
vt  0.99243122  0.28299773
vt  0.00787558  0.28251606
vt  0.00727703  0.28250644
vt  0.99309272  0.28267589
vt  0.00705546  0.28230909
vt  0.00667526  0.28232369
vt  0.01300148  0.68138909
vt  0.01365796  0.68203777
vt  0.00605910  0.28201622
vt  0.01310353  0.68228835
vt  0.00628992  0.28185880
vt  0.01320670  0.68183565
vt  0.00705546  0.28168094
vt  0.00581389  0.28128022
vt  0.01286551  0.68228835
vt  0.01259058  0.68138909
vt  0.01259142  0.68138909
vt  0.01249779  0.68042564
vt  0.00705546  0.28081316
vt  0.00628992  0.28149462
vt  0.01218052  0.68138909
vt  0.01249779  0.68228716
vt  0.01249779  0.68228835
vt  0.00628992  0.28071746
vt  0.99254030  0.27988234
vt  0.99254030  0.01919657
vt  0.00628992  0.01919657
vt  0.00628992  0.01919645
vt  0.00629095  0.01919657
vt  0.00705546  0.01919669
vt  0.99254030  0.01919669
vt  0.00787558  0.01919657
vt  0.00705546  0.01919657
vt  0.98899436  0.31051761
vt  0.98908681  0.31135237
vt  0.98899436  0.31051776
vt  0.98908681  0.30949029
vt  0.35079429  0.01758391
vt  0.35031828  0.01779854
vt  0.35018125  0.01850469
vt  0.35018125  0.01850481
vt  0.32076415  0.01850469
vt  0.35955220  0.67551535
vt  0.36000574  0.67624158
vt  0.35955137  0.67551535
vt  0.32063034  0.01779854
vt  0.31938365  0.01739798
vt  0.35000187  0.01758404
vt  0.34972775  0.01836179
vt  0.34972695  0.01836179
vt  0.32014596  0.01721939
vt  0.32038289  0.01706321
vt  0.34920865  0.01919657
vt  0.34931687  0.01823260
vt  0.31856951  0.01823260
vt  0.34972695  0.01739798
vt  0.32014596  0.01836179
vt  0.98908681  0.30949044
vt  0.31856951  0.01733448
vt  0.31938365  0.01826544
vt  0.67944998  0.01758404
vt  0.31938365  0.01676996
vt  0.31916708  0.01657250
vt  0.68102622  0.01823260
vt  0.31856951  0.01733460
vt  0.99172026  0.01919657
vt  0.00705546  0.01826544
vt  0.00628992  0.01758404
vt  0.34942186  0.01826557
vt  0.34942186  0.01826544
vt  0.34931687  0.01919657
vt  0.00705546  0.01826557
vt  0.00787558  0.01823276
vt  0.98951250  0.31135237
vt  0.98940444  0.31038857
vt  0.98940444  0.31038842
vt  0.00705546  0.01739798
vt  0.98899436  0.30955380
vt  0.98929918  0.31042141
vt  0.00628992  0.01758391
vt  0.01342705  0.68255949
vt  0.99330598  0.28185880
vt  0.98792678  0.57365042
vt  0.98792678  0.57431847
vt  0.98815763  0.57417202
vt  0.99437237  0.28071746
vt  0.98792678  0.57287323
vt  0.98840284  0.57343602
vt  0.98792678  0.57203811
vt  0.98858315  0.57203811
vt  0.00563367  0.27988234
vt  0.00581076  0.01984644
vt  0.99378198  0.28128022
vt  0.00567792  0.28057474
vt  0.00629095  0.27988234
vt  0.99330598  0.27988234
vt  0.99330598  0.01919657
vt  0.99478251  0.01983168
vt  0.99378520  0.01984644
vt  0.98858315  0.31135231
vt  0.98858315  0.31135237
vt  0.99437237  0.01836179
vt  0.00563367  0.01919657
vt  0.00628992  0.27988234
vt  0.00567792  0.01850469
vt  0.98853976  0.31066051
vt  0.00549761  0.01758404
vt  0.00549761  0.01758391
vt  0.00605910  0.01706333
vt  0.98792678  0.31051761
vt  0.98792678  0.30973989
vt  0.98840284  0.30995435
vt  0.98815763  0.30921918
vt  0.00581389  0.01779854
vt  0.00628992  0.01836179
vt  0.00628992  0.01836192
vt  0.00567792  0.01850481
vt  0.00581487  0.01779842
vt  0.99172026  0.01656320
vt  0.45341849  0.01458208
vt  0.45394757  0.01495406
vt  0.69068408  0.30775520
vt  0.45285118  0.01445520
vt  0.69150430  0.30762836
vt  0.69068408  0.30787781
vt  0.67983109  0.01675521
vt  0.65907735  0.67506760
vt  0.67921281  0.01706374
vt  0.67944998  0.01721955
vt  0.67897588  0.01779805
vt  0.65885782  0.67579377
vt  0.64880162  0.01691591
vt  0.64903343  0.01706374
vt  0.65918028  0.67551535
vt  0.65862614  0.67593902
vt  0.32050663  0.01691591
vt  0.32077453  0.01733448
vt  0.67950130  0.01608130
vt  0.32050663  0.01691608
vt  0.31993991  0.01640352
vt  0.65704149  0.67551535
vt  0.65786141  0.67620522
vt  0.65786141  0.67545480
vt  0.64721704  0.01733448
vt  0.64803702  0.01665291
vt  0.67944998  0.01597138
vt  0.35237890  0.01656320
vt  0.67879057  0.01656320
vt  0.32014596  0.01597138
vt  0.65704149  0.67461962
vt  0.65862614  0.67366350
vt  0.65919060  0.67436546
vt  0.65928340  0.67461962
vt  0.68032551  0.01608130
vt  0.68042862  0.01657250
vt  0.68021238  0.01676980
vt  0.65862614  0.67448652
vt  0.67965603  0.01640352
vt  0.68875831  0.30949029
vt  0.68926221  0.30871901
vt  0.68102622  0.01733448
vt  0.65786141  0.67458344
vt  0.65862614  0.67527336
vt  0.45341849  0.01470463
vt  0.45285118  0.01458208
vt  0.24885318  0.01495406
vt  0.36328536  0.67366350
vt  0.36220333  0.67461962
vt  0.65928340  0.67366350
vt  0.68102622  0.01656308
vt  0.68102622  0.01597138
vt  0.64880162  0.01597138
vt  0.64945889  0.01656308
vt  0.47696379  0.01445520
vt  0.65704149  0.67244112
vt  0.65704149  0.67200536
vt  0.65704149  0.67299783
vt  0.65704149  0.67366350
vt  0.47663578  0.01445520
vt  0.47722045  0.01445520
vt  0.44728744  0.67366350
vt  0.99172026  0.01656333
vt  0.65786141  0.67366350
vt  0.36579108  0.30869758
vt  0.32080543  0.01656320
vt  0.32131013  0.01733460
vt  0.65704149  0.67628998
vt  0.36220333  0.67628998
vt  0.35237890  0.01733460
vt  0.36323568  0.67366350
vt  0.36220333  0.67366350
vt  0.22546048  0.01445520
vt  0.22602378  0.01458208
vt  0.22655126  0.01495406
vt  0.47568059  0.01458208
vt  0.47734156  0.01445520
vt  0.47730595  0.01445520
vt  0.48407140  0.01445520
vt  0.47831103  0.01445520
vt  0.36220333  0.66037416
vt  0.69011599  0.01445520
vt  0.36220333  0.66993570
vt  0.36220333  0.67015356
vt  0.47843948  0.01445520
vt  0.47815424  0.01445520
vt  0.36276397  0.67366350
vt  0.47786206  0.01445520
vt  0.47769088  0.01445520
vt  0.36220333  0.67120665
vt  0.36220333  0.67152131
vt  0.47750553  0.01445520
vt  0.36537397  0.30869758
vt  0.69121242  0.01445520
vt  0.69230950  0.01495406
vt  0.65907735  0.30728748
vt  0.99292058  0.01675521
vt  0.99309272  0.01640352
vt  0.99243122  0.01608142
vt  0.00650322  0.01640352
vt  0.00593449  0.01691608
vt  0.99254030  0.01676980
vt  0.99231887  0.01657262
vt  0.65928340  0.30773416
vt  0.65862709  0.30786246
vt  0.65862614  0.30786246
vt  0.65786141  0.30869758
vt  0.99172026  0.01733448
vt  0.68926221  0.30871919
vt  0.99254030  0.01739786
vt  0.65786141  0.30776677
vt  0.68991840  0.30855933
vt  0.69068408  0.30823711
vt  0.00943260  0.01506398
vt  0.00994369  0.01470463
vt  0.65862709  0.30708539
vt  0.65704149  0.30773416
vt  0.65704149  0.30869758
vt  0.68991959  0.30812722
vt  0.69177985  0.01458208
vt  0.69150430  0.30775520
vt  0.98634213  0.30775520
vt  0.36220333  0.30773416
vt  0.01049189  0.01445520
vt  0.24828574  0.01458208
vt  0.24775678  0.01495406
vt  0.35155877  0.01665291
vt  0.67841953  0.01733448
vt  0.36138326  0.67458344
vt  0.47570199  0.01470463
vt  0.47515309  0.01495406
vt  0.47518861  0.01506398
vt  0.36220333  0.67551535
vt  0.36138326  0.67545480
vt  0.36138326  0.67620522
vt  0.47575888  0.01506398
vt  0.32073325  0.01665291
vt  0.35079429  0.01640352
vt  0.35034302  0.01675533
vt  0.36061877  0.67593902
vt  0.36220333  0.67179960
vt  0.36138326  0.67366350
vt  0.36220333  0.67186022
vt  0.22546048  0.01458208
vt  0.98716223  0.30775520
vt  0.36220333  0.31055909
vt  0.69227177  0.01506398
vt  0.98716223  0.30823711
vt  0.98792678  0.30855933
vt  0.36138326  0.30689898
vt  0.99330598  0.01721955
vt  0.00992445  0.01458208
vt  0.00939478  0.01495406
vt  0.69176054  0.01470463
vt  0.36061877  0.30786246
vt  0.36138326  0.30776677
vt  0.36061877  0.30708539
vt  0.69170433  0.01506398
vt  0.99243122  0.01608130
vt  0.00716471  0.01608130
vt  0.69121242  0.01458208
vt  0.36220333  0.30869758
vt  0.36138326  0.30869758
vt  0.01000004  0.01506398
vt  0.01049189  0.01495406
vt  0.99172026  0.01597138
vt  0.00563367  0.01656320
vt  0.65704149  0.30683491
vt  0.36220333  0.30606389
vt  0.69150430  0.30812722
vt  0.98634213  0.30812722
vt  0.65885675  0.30656371
vt  0.65918028  0.30683491
vt  0.68968868  0.30921894
vt  0.68991959  0.30907190
vt  0.99330598  0.01721939
vt  0.99353677  0.01706308
vt  0.69068408  0.30880874
vt  0.99388587  0.01665291
vt  0.99388587  0.01665307
vt  0.99325132  0.01608130
vt  0.65704149  0.30606389
vt  0.65786141  0.30615345
vt  0.00628992  0.01597138
vt  0.99396211  0.01656320
vt  0.99478251  0.01823260
vt  0.98634213  0.30871901
vt  0.99446607  0.01733448
vt  0.98634213  0.30949029
vt  0.00512975  0.01733448
vt  0.00563367  0.01656333
vt  0.98634213  0.31038842
vt  0.99396211  0.01656333
vt  0.69150430  0.30949029
vt  0.99330598  0.01597138
vt  0.00570984  0.01665291
vt  0.00634459  0.01608130
vt  0.98716223  0.30880874
vt  0.99366146  0.01691608
vt  0.35079429  0.01597138
vt  0.00787558  0.01733448
vt  0.35013780  0.01656333
vt  0.35056338  0.01706321
vt  0.36038780  0.67579377
vt  0.36006433  0.67551535
vt  0.36061877  0.67527336
vt  0.36016750  0.67506760
vt  0.22546048  0.01495406
vt  0.22594529  0.01506398
vt  0.36061877  0.67366350
vt  0.31856951  0.01656320
vt  0.68102622  0.01656320
vt  0.35996225  0.67461962
vt  0.36005405  0.67436546
vt  0.31976488  0.01675533
vt  0.35013780  0.01656320
vt  0.01049189  0.01458208
vt  0.35996225  0.67366350
vt  0.68158281  0.01677123
vt  0.00787558  0.01656320
vt  0.35996225  0.30869758
vt  0.68102622  0.01733460
vt  0.34963411  0.01733448
vt  0.31801319  0.01677123
vt  0.36016750  0.30728748
vt  0.36005405  0.30799437
vt  0.00705546  0.01676980
vt  0.35996225  0.30773416
vt  0.36061877  0.30869758
vt  0.00727703  0.01657250
vt  0.00628992  0.01721955
vt  0.00667526  0.01675533
vt  0.36038780  0.30656371
vt  0.36006433  0.30683491
vt  0.68031543  0.28299773
vt  0.31211662  0.31405562
vt  0.67883152  0.28057343
vt  0.67944998  0.28186011
vt  0.31232253  0.31450343
vt  0.31090063  0.31545967
vt  0.64803702  0.01919682
vt  0.68021238  0.27429673
vt  0.68102622  0.05993724
vt  0.68991840  0.57526374
vt  0.68926221  0.57467186
vt  0.68991959  0.57526374
vt  0.99172026  0.28084591
vt  0.68102622  0.01919694
vt  0.68926221  0.31135213
vt  0.68021238  0.01919645
vt  0.31090063  0.68222427
vt  0.65978730  0.30683491
vt  0.66010356  0.30773416
vt  0.65978730  0.30683604
vt  0.65928340  0.30606389
vt  0.99254030  0.02096337
vt  0.99330485  0.28310791
vt  0.99330598  0.01919629
vt  0.01442248  0.31366834
vt  0.01442248  0.31453979
vt  0.01309325  0.31475767
vt  0.01300148  0.31450343
vt  0.35079429  0.28071746
vt  0.01365796  0.67887038
vt  0.65910316  0.67607218
vt  0.65969348  0.67551535
vt  0.67886263  0.01665307
vt  0.67886263  0.01665291
vt  0.35237890  0.01919645
vt  0.35237890  0.01823260
vt  0.98578179  0.57203811
vt  0.89342755  0.57203811
vt  0.68926221  0.31135231
vt  0.98853976  0.57273054
vt  0.68930632  0.31066075
vt  0.65862614  0.30641732
vt  0.31856951  0.27988234
vt  0.32076415  0.28057474
vt  0.00787558  0.28084591
vt  0.31963089  0.01981073
vt  0.00629095  0.01919669
vt  0.32014596  0.01758404
vt  0.69121242  0.01495406
vt  0.47624367  0.01495406
vt  0.47624367  0.01458208
vt  0.47624367  0.01445520
vt  0.65919060  0.30799437
vt  0.65928340  0.30869758
vt  0.65862614  0.30869758
vt  0.65786141  0.30689898
vt  0.36220333  0.30683491
vt  0.98858315  0.30871901
vt  0.98792678  0.30812722
vt  0.36061877  0.67448652
vt  0.36061877  0.30641732
vt  0.36138326  0.30615345
vt  0.00787558  0.01656333
vt  0.88470888  0.65705699
vt  0.89825684  0.65705699
vt  0.88470888  0.60042179
vt  0.87116140  0.65705699
vt  0.87116140  0.60042179
vt  0.84773093  0.60042179
vt  0.84773093  0.65705699
vt  0.85117692  0.60042179
vt  0.85857397  0.60042179
vt  0.85857397  0.65705699
vt  0.68041134  0.87959552
vt  0.68041134  0.79938310
vt  0.68890452  0.83948928
vt  0.85098249  0.79599154
vt  0.85947585  0.83609772
vt  0.85098249  0.87620395
vt  0.89825684  0.60042179
vt  0.91084385  0.60042179
vt  0.91084385  0.65705699
vt  0.92168725  0.65705699
vt  0.92168725  0.60042179
vt  0.95651293  0.60042179
vt  0.96797276  0.60042179
vt  0.73493773  0.70200640
vt  0.74271971  0.70571744
vt  0.96797276  0.65705699
vt  0.95651293  0.65705699
vt  0.57214856  0.96986961
vt  0.80673647  0.60042179
vt  0.80673647  0.65705699
vt  0.79708523  0.60042179
vt  0.62153739  0.90464181
vt  0.58819354  0.93167365
vt  0.78655887  0.72662854
vt  0.79210877  0.77094513
vt  0.71307367  0.65705699
vt  0.70394230  0.65705699
vt  0.70394230  0.60042179
vt  0.61598766  0.94895852
vt  0.82615769  0.75872880
vt  0.81301451  0.80232430
vt  0.71307367  0.60042179
vt  0.72367352  0.65705699
vt  0.64244330  0.87326276
vt  0.82615769  0.91346669
vt  0.73508173  0.65705699
vt  0.72367352  0.60042179
vt  0.65558654  0.91685826
vt  0.64959413  0.83948928
vt  0.65558654  0.76212025
vt  0.79914463  0.93536574
vt  0.82016528  0.83609772
vt  0.73508173  0.60042179
vt  0.64244330  0.80571592
vt  0.62153739  0.77433670
vt  0.79210877  0.90125036
vt  0.81301451  0.86987108
vt  0.75708985  0.65705699
vt  0.74649054  0.60042179
vt  0.74649054  0.65705699
vt  0.78655887  0.94556695
vt  0.75876486  0.92828220
vt  0.76622123  0.60042179
vt  0.76622123  0.65705699
vt  0.75708985  0.60042179
vt  0.97233403  0.60042179
vt  0.96268308  0.60042179
vt  0.97233403  0.65705699
vt  0.96268308  0.65705699
vt  0.80144697  0.60042179
vt  0.80317456  0.60042179
vt  0.80144697  0.65705699
vt  0.81290674  0.65705699
vt  0.81290674  0.60042179
vt  0.77572954  0.60042179
vt  0.77572954  0.65705699
vt  0.78458935  0.65705699
vt  0.78458935  0.60042179
vt  0.68557280  0.60042179
vt  0.69443399  0.60042179
vt  0.68557280  0.65705699
vt  0.69443399  0.65705699
vt  0.97872329  0.60042179
vt  0.97871804  0.60042179
vt  0.79069638  0.65705699
vt  0.79070169  0.65705699
vt  0.79708523  0.65705699
vt  0.51594031  0.98605436
vt  0.51594031  0.95982218
vt  0.68651146  0.68953258
vt  0.51594031  0.69292903
vt  0.97872329  0.65705699
vt  0.79069638  0.60042179
vt  0.51594031  0.71915632
vt  0.51596409  0.71916229
vt  0.54471904  0.72657001
vt  0.68653524  0.68953747
vt  0.71529019  0.72317857
vt  0.68651146  0.71576488
vt  0.58819354  0.74730480
vt  0.68651146  0.98265803
vt  0.71529019  0.94901693
vt  0.68651146  0.95643073
vt  0.58084756  0.96571875
vt  0.51596409  0.95981616
vt  0.54471904  0.95240843
vt  0.73493773  0.97018909
vt  0.74271971  0.96647817
vt  0.56436652  0.70539802
vt  0.51596409  0.69292903
vt  0.61598766  0.73002005
vt  0.56436652  0.97358066
vt  0.75876486  0.74391323
vt  0.33658993  0.69543052
vt  0.32502589  0.75319600
vt  0.31160054  0.75319600
vt  0.32502589  0.69543052
vt  0.31160054  0.69543052
vt  0.29715142  0.75319600
vt  0.29715142  0.69543052
vt  0.28270325  0.75319600
vt  0.28270325  0.69543052
vt  0.26927826  0.75319600
vt  0.25771376  0.75319600
vt  0.26927826  0.69543052
vt  0.45659706  0.69543052
vt  0.45659706  0.75319600
vt  0.36214972  0.75319600
vt  0.36214972  0.69543052
vt  0.24992839  0.75319600
vt  0.25771376  0.69543052
vt  0.24992839  0.69543052
vt  0.34437579  0.69543052
vt  0.33658993  0.75319600
vt  0.34437579  0.75319600
vt  0.39294496  0.81351787
vt  0.38074040  0.80300593
vt  0.37022722  0.78615719
vt  0.36314961  0.76690900
vt  0.44901088  0.76690900
vt  0.44193289  0.78615719
vt  0.43142009  0.80300593
vt  0.41921517  0.81351787
vt  0.40607968  0.81716621
vt  0.26868185  0.78237355
vt  0.28210682  0.77238065
vt  0.29655498  0.76891249
vt  0.25711736  0.79839021
vt  0.31100410  0.77238065
vt  0.32442948  0.78237355
vt  0.33599353  0.79839021
vt  0.34377939  0.81668782
vt  0.24933197  0.81668782
vt  0.53679347  0.90304655
vt  0.53679347  0.89959836
vt  0.47122136  0.90304655
vt  0.47122136  0.89959836
vt  0.45718402  0.90762436
vt  0.46783346  0.90762436
vt  0.45718402  0.98830110
vt  0.46783346  0.98830110
vt  0.46783346  0.90304655
vt  0.46783346  0.89959836
vt  0.45718402  0.90304655
vt  0.45718402  0.89959836
vt  0.45379606  0.90304655
vt  0.38822401  0.90304655
vt  0.45379606  0.89959836
vt  0.38822401  0.89959836
vt  0.45718402  0.81434381
vt  0.45718402  0.89502054
vt  0.46783346  0.81434381
vt  0.46783346  0.89502054
vt  0.55083084  0.90304655
vt  0.54018104  0.90304655
vt  0.55083084  0.89959836
vt  0.54018104  0.89959836
vt  0.31129834  0.88766259
vt  0.29733664  0.88766259
vt  0.31129834  0.89263266
vt  0.29733664  0.89263266
vt  0.34711194  0.89263266
vt  0.31404194  0.89263266
vt  0.29733664  0.98596132
vt  0.31129834  0.98596132
vt  0.31129834  0.94122851
vt  0.24682598  0.88766259
vt  0.27989593  0.88766259
vt  0.27989593  0.89263266
vt  0.24682598  0.89263266
vt  0.31129834  0.83906406
vt  0.31129834  0.88379687
vt  0.29733664  0.83906406
vt  0.29733664  0.93736279
vt  0.28263935  0.93736279
vt  0.28263935  0.88766259
vt  0.34711194  0.93736279
vt  0.31404194  0.93736279
vt  0.31404194  0.88766259
vt  0.34711194  0.88766259
vt  0.28263935  0.98596132
vt  0.28263935  0.94122851
vt  0.29733664  0.94122851
vt  0.24682598  0.93736279
vt  0.27989593  0.93736279
vt  0.28263935  0.83906406
vt  0.29733664  0.88379687
vt  0.28263935  0.88379687
vt  0.36381704  0.88766259
vt  0.34985533  0.88766259
vt  0.36381704  0.89263266
vt  0.34985533  0.89263266
vt  0.37851435  0.88766259
vt  0.37851435  0.93736279
vt  0.36381704  0.93736279

vn -0.70866102  0.00000000 -0.70866102
vn -0.49606299  0.00000000 -0.86614197
vn -0.70866102  0.00000000 -0.70866102
vn -0.49606299  0.00000000 -0.86614197
vn -0.25984299  0.00000000 -0.96850401
vn -0.25984299  0.00000000 -0.96850401
vn  0.00000000  0.00000000 -1.00000000
vn  0.00000000  0.00000000 -1.00000000
vn  0.25984299  0.00000000 -0.96850401
vn  0.25984299  0.00000000 -0.96850401
vn  0.49606299  0.00000000 -0.86614197
vn  0.49606299  0.00000000 -0.86614197
vn  0.70866102  0.00000000 -0.70866102
vn  0.70866102  0.00000000 -0.70866102
vn  0.00000000  0.00000000  1.00000000
vn  0.00000000  0.00000000  1.00000000
vn  0.00000000  0.00000000  1.00000000
vn  0.00000000  0.00000000  1.00000000
vn  0.70866102  0.00000000 -0.70866102
vn  0.85039401  0.00000000 -0.52755898
vn  0.70866102  0.00000000 -0.70866102
vn  0.85039401  0.00000000 -0.52755898
vn -0.70866102  0.00000000 -0.70866102
vn -0.85039401  0.00000000 -0.52755898
vn -0.70866102  0.00000000 -0.70866102
vn -0.85039401  0.00000000 -0.52755898
vn  0.00000000 -1.00000000  0.00000000
vn  0.00000000 -1.00000000  0.00000000
vn  0.00000000 -1.00000000  0.00000000
vn  0.00000000 -1.00000000  0.00000000
vn  0.00000000 -1.00000000  0.00000000
vn  0.00000000 -1.00000000  0.00000000
vn  0.00000000 -1.00000000  0.00000000
vn  0.00000000 -1.00000000  0.00000000
vn  0.00000000 -1.00000000  0.00000000
vn  0.00000000  1.00000000  0.00000000
vn  0.00000000  1.00000000  0.00000000
vn  0.00000000  1.00000000  0.00000000
vn  0.00000000  1.00000000  0.00000000
vn  0.00000000  1.00000000  0.00000000
vn  0.00000000  1.00000000  0.00000000
vn  0.00000000  1.00000000  0.00000000
vn  0.00000000  1.00000000  0.00000000
vn  0.00000000  1.00000000  0.00000000
vn  0.00000000  0.00000000  1.00000000
vn  0.00000000  0.00000000  1.00000000
vn  0.00000000  0.00000000  1.00000000
vn  0.00000000  0.00000000  1.00000000
vn  1.00000000  0.00000000  0.00000000
vn  1.00000000  0.00000000  0.00000000
vn  1.00000000  0.00000000  0.00000000
vn  1.00000000  0.00000000  0.00000000
vn  0.00000000  1.00000000  0.00000000
vn  0.00000000  1.00000000  0.00000000
vn  0.00000000  1.00000000  0.00000000
vn  0.00000000  1.00000000  0.00000000
vn -1.00000000  0.00000000  0.00000000
vn -1.00000000  0.00000000  0.00000000
vn -1.00000000  0.00000000  0.00000000
vn -1.00000000  0.00000000  0.00000000
vn  0.00000000 -1.00000000  0.00000000
vn  0.00000000 -1.00000000  0.00000000
vn  0.00000000 -1.00000000  0.00000000
vn  0.00000000 -1.00000000  0.00000000
vn  0.00000000  0.00000000  1.00000000
vn  0.00000000  0.00000000  1.00000000
vn  0.00000000  0.00000000  1.00000000
vn  0.00000000  0.00000000  1.00000000
vn  1.00000000  0.00000000  0.00000000
vn  1.00000000  0.00000000  0.00000000
vn  1.00000000  0.00000000  0.00000000
vn  1.00000000  0.00000000  0.00000000
vn  0.00000000  1.00000000  0.00000000
vn  0.00000000  1.00000000  0.00000000
vn  0.00000000  1.00000000  0.00000000
vn  0.00000000  1.00000000  0.00000000
vn -1.00000000  0.00000000  0.00000000
vn -1.00000000  0.00000000  0.00000000
vn -1.00000000  0.00000000  0.00000000
vn -1.00000000  0.00000000  0.00000000
vn  0.00000000 -1.00000000  0.00000000
vn  0.00000000 -1.00000000  0.00000000
vn  0.00000000 -1.00000000  0.00000000
vn  0.00000000 -1.00000000  0.00000000
vn  0.00000000  0.00000000 -1.00000000
vn  0.00000000  0.00000000 -1.00000000
vn  0.00000000  0.00000000 -1.00000000
vn  0.00000000  0.00000000 -1.00000000
vn  0.00000000  0.00000000 -1.00000000
vn  0.00000000  0.00000000 -1.00000000
vn  0.00000000  0.00000000 -1.00000000
vn  0.00000000  0.00000000 -1.00000000
vn -1.00000000  0.00000000  0.00000000
vn -0.96850401 -0.25984299  0.00000000
vn -1.00000000  0.00000000  0.00000000
vn -0.96850401 -0.25984299  0.00000000
vn -0.96850401  0.25984299  0.00000000
vn -0.96850401  0.25984299  0.00000000
vn -0.86614197  0.49606299  0.00000000
vn -0.86614197  0.49606299  0.00000000
vn -0.70866102  0.70866102  0.00000000
vn -0.70866102  0.70866102  0.00000000
vn -0.49606299  0.86614197  0.00000000
vn -0.70866102  0.70866102  0.00000000
vn -0.49606299  0.86614197  0.00000000
vn -0.70866102  0.70866102  0.00000000
vn -0.49606299 -0.86614197  0.00000000
vn -0.25984299 -0.96850401  0.00000000
vn -0.49606299 -0.86614197  0.00000000
vn -0.25984299 -0.96850401  0.00000000
vn -0.70866102 -0.70866102  0.00000000
vn -0.70866102 -0.70866102  0.00000000
vn -0.86614197 -0.49606299  0.00000000
vn -0.70866102 -0.70866102  0.00000000
vn -0.86614197 -0.49606299  0.00000000
vn -0.70866102 -0.70866102  0.00000000
vn -0.25984299  0.96850401  0.00000000
vn -0.25984299  0.96850401  0.00000000
vn  1.00000000  0.00000000  0.00000000
vn  1.00000000  0.00000000  0.00000000
vn  1.00000000  0.00000000  0.00000000
vn  1.00000000  0.00000000  0.00000000
vn  0.00000000 -1.00000000  0.00000000
vn  0.00000000 -1.00000000  0.00000000
vn  0.00000000 -1.00000000  0.00000000
vn  0.00000000 -1.00000000  0.00000000
vn  0.00000000  1.00000000  0.00000000
vn  0.00000000  1.00000000  0.00000000
vn  0.00000000  1.00000000  0.00000000
vn  0.00000000  1.00000000  0.00000000
vn  0.00000000  0.00000000  1.00000000
vn  0.00000000  0.00000000  1.00000000
vn  0.00000000  0.00000000  1.00000000
vn  0.00000000  0.00000000  1.00000000
vn  0.00000000  0.00000000  1.00000000
vn  0.00000000  0.00000000  1.00000000
vn  0.00000000  0.00000000  1.00000000
vn  0.00000000  0.00000000  1.00000000
vn  0.00000000  0.00000000  1.00000000
vn  0.00000000  0.00000000  1.00000000
vn  0.00000000  0.00000000  1.00000000
vn  0.00000000  0.00000000  1.00000000
vn  0.00000000  0.00000000  1.00000000
vn  0.00000000  0.00000000  1.00000000
vn  0.00000000  0.00000000  1.00000000
vn  0.00000000  0.00000000 -1.00000000
vn  0.00000000  0.00000000 -1.00000000
vn  0.00000000  0.00000000 -1.00000000
vn  0.00000000  0.00000000 -1.00000000
vn  0.00000000  0.00000000 -1.00000000
vn  0.00000000  0.00000000 -1.00000000
vn  0.00000000  0.00000000 -1.00000000
vn  0.00000000  0.00000000 -1.00000000
vn  0.00000000  0.00000000 -1.00000000
vn  0.00000000  0.00000000 -1.00000000
vn  0.00000000  0.00000000 -1.00000000
vn  0.00000000  0.00000000 -1.00000000
vn  0.00000000  0.00000000 -1.00000000
vn  0.00000000  0.00000000 -1.00000000
vn  0.00000000  0.00000000 -1.00000000
vn  1.00000000  0.00000000  0.00000000
vn  1.00000000  0.00000000  0.00000000
vn  1.00000000  0.00000000  0.00000000
vn  1.00000000  0.00000000  0.00000000
vn  0.00000000  1.00000000  0.00000000
vn  0.00000000  1.00000000  0.00000000
vn  0.00000000  1.00000000  0.00000000
vn  0.00000000  1.00000000  0.00000000
vn  0.00000000  0.00000000  1.00000000
vn  0.00000000  0.00000000  1.00000000
vn  0.00000000  0.00000000  1.00000000
vn  0.00000000  0.00000000  1.00000000
vn -1.00000000  0.00000000  0.00000000
vn -1.00000000  0.00000000  0.00000000
vn -1.00000000  0.00000000  0.00000000
vn -1.00000000  0.00000000  0.00000000
vn  0.00000000 -1.00000000  0.00000000
vn  0.00000000 -1.00000000  0.00000000
vn  0.00000000 -1.00000000  0.00000000
vn  0.00000000 -1.00000000  0.00000000
vn  0.00000000  0.00000000 -1.00000000
vn  0.00000000  0.00000000 -1.00000000
vn  0.00000000  0.00000000 -1.00000000
vn  0.00000000  0.00000000 -1.00000000
vn  0.70866102  0.70866102  0.00000000
vn  0.50393701  0.86614197  0.00000000
vn  0.50393701  0.86614197  0.00000000
vn  0.00000000  0.00000000 -1.00000000
vn  0.00000000  0.00000000 -1.00000000
vn  0.00000000  0.00000000 -1.00000000
vn  0.70866102  0.70866102  0.00000000
vn  0.70866102  0.70866102  0.00000000
vn  0.70866102  0.70866102  0.00000000
vn  0.50393701  0.86614197  0.00000000
vn  0.70866102  0.70866102  0.00000000
vn  0.50393701  0.86614197  0.00000000
vn  0.00000000  0.00000000 -1.00000000
vn  0.00000000  0.00000000 -1.00000000
vn  0.00000000  0.00000000 -1.00000000
vn  0.50393701  0.86614197  0.00000000
vn  0.00000000  0.00000000 -1.00000000
vn  0.00000000  0.00000000 -1.00000000
vn  0.00000000  0.00000000 -1.00000000
vn  0.25984299  0.96850401  0.00000000
vn  0.25984299  0.96850401  0.00000000
vn  0.00000000  1.00000000  0.00000000
vn  0.00000000  0.00000000 -1.00000000
vn  0.00000000  1.00000000  0.00000000
vn  0.25984299  0.96850401  0.00000000
vn  0.25984299  0.96850401  0.00000000
vn  0.00000000  0.00000000 -1.00000000
vn  0.00000000  0.00000000 -1.00000000
vn  0.00000000  0.00000000 -1.00000000
vn  0.00000000  1.00000000  0.00000000
vn  0.00000000  1.00000000  0.00000000
vn  0.00000000  1.00000000  0.00000000
vn  0.00000000  1.00000000  0.00000000
vn  1.00000000  0.00000000  0.00000000
vn  1.00000000  0.00000000  0.00000000
vn  0.00000000  0.00000000 -1.00000000
vn  0.00000000  0.00000000 -1.00000000
vn  0.00000000  1.00000000  0.00000000
vn  0.00000000  1.00000000  0.00000000
vn  0.00000000  1.00000000  0.00000000
vn  0.00000000  0.00000000 -1.00000000
vn  0.00000000  0.00000000 -1.00000000
vn  0.00000000  1.00000000  0.00000000
vn  0.00000000  1.00000000  0.00000000
vn  0.00000000  1.00000000  0.00000000
vn  0.00000000  1.00000000  0.00000000
vn  0.00000000  1.00000000  0.00000000
vn  0.00000000  0.00000000 -1.00000000
vn  0.00000000  1.00000000  0.00000000
vn  0.00000000  0.00000000 -1.00000000
vn  0.00000000  0.00000000 -1.00000000
vn  0.00000000  1.00000000  0.00000000
vn  0.00000000  1.00000000  0.00000000
vn  0.00000000  1.00000000  0.00000000
vn  0.00000000  0.00000000 -1.00000000
vn  0.97637802  0.20472400  0.00000000
vn  0.96850401  0.25984299  0.00000000
vn  0.00000000  0.00000000 -1.00000000
vn  0.00000000  0.00000000 -1.00000000
vn  0.00000000  0.00000000 -1.00000000
vn  0.96850401  0.25984299  0.00000000
vn  1.00000000  0.00000000  0.00000000
vn  1.00000000  0.00000000  0.00000000
vn  1.00000000  0.00000000  0.00000000
vn  0.00000000  0.00000000 -1.00000000
vn  0.00000000  0.00000000 -1.00000000
vn  0.00000000  0.00000000 -1.00000000
vn  0.00000000  0.00000000 -1.00000000
vn  1.00000000  0.00000000  0.00000000
vn  0.00000000  0.00000000 -1.00000000
vn  0.00000000  0.00000000 -1.00000000
vn  0.00000000  0.00000000 -1.00000000
vn  0.00000000  0.00000000 -1.00000000
vn  0.00000000  1.00000000  0.00000000
vn  0.00000000  1.00000000  0.00000000
vn  0.00000000  1.00000000  0.00000000
vn  0.00000000  1.00000000  0.00000000
vn  0.00000000  1.00000000  0.00000000
vn  0.00000000  0.00000000 -1.00000000
vn  0.00000000  1.00000000  0.00000000
vn  0.00000000  1.00000000  0.00000000
vn  0.00000000  1.00000000  0.00000000
vn  0.70866102  0.70866102  0.00000000
vn  0.70866102  0.70866102  0.00000000
vn  0.70866102  0.70866102  0.00000000
vn  0.00000000  0.00000000  1.00000000
vn  0.00000000  0.00000000  1.00000000
vn  0.00000000  0.00000000  1.00000000
vn  0.00000000  0.00000000  1.00000000
vn  0.00000000  0.00000000  1.00000000
vn  0.00000000  0.00000000  1.00000000
vn  0.00000000  0.00000000  1.00000000
vn  0.86614197  0.50393701  0.00000000
vn  0.86614197  0.49606299  0.00000000
vn  0.86614197  0.50393701  0.00000000
vn  0.00000000  0.00000000  1.00000000
vn  0.00000000  0.00000000  1.00000000
vn  0.50393701  0.86614197  0.00000000
vn  0.49606299  0.86614197  0.00000000
vn  0.49606299  0.86614197  0.00000000
vn  0.25984299  0.96850401  0.00000000
vn  0.49606299  0.86614197  0.00000000
vn  0.25984299  0.96850401  0.00000000
vn  0.25984299  0.96850401  0.00000000
vn  0.00000000  0.00000000  1.00000000
vn  0.25984299  0.96850401  0.00000000
vn  0.25984299  0.96850401  0.00000000
vn  0.00000000  0.00000000  1.00000000
vn  0.00000000  0.00000000  1.00000000
vn  0.00000000  0.00000000  1.00000000
vn  0.00000000  0.00000000  1.00000000
vn  0.00000000  0.00000000  1.00000000
vn  0.00000000  0.00000000  1.00000000
vn  0.00000000  1.00000000  0.00000000
vn  0.00000000  1.00000000  0.00000000
vn  0.00000000  1.00000000  0.00000000
vn  0.00000000  1.00000000  0.00000000
vn  0.00000000  1.00000000  0.00000000
vn  0.00000000  0.96850401  0.25984299
vn  0.00000000  1.00000000  0.00000000
vn  0.00000000  0.00000000  1.00000000
vn  0.00000000  0.00000000  1.00000000
vn  0.00000000  0.00000000  1.00000000
vn  0.00000000  1.00000000  0.00000000
vn  0.00000000  1.00000000  0.00000000
vn  0.00000000  1.00000000  0.00000000
vn  1.00000000  0.00000000  0.00000000
vn  1.00000000  0.00000000  0.00000000
vn  0.00000000  1.00000000  0.00000000
vn  0.00000000  1.00000000  0.00000000
vn  0.00000000  0.00000000  1.00000000
vn  0.00000000  1.00000000  0.00000000
vn  0.00000000  1.00000000  0.00000000
vn  0.00000000  0.00000000  1.00000000
vn  0.00000000  0.00000000  1.00000000
vn  0.00000000  0.00000000  1.00000000
vn  0.00000000  1.00000000  0.00000000
vn  0.00000000  1.00000000  0.00000000
vn  0.00000000  1.00000000  0.00000000
vn  0.00000000  1.00000000  0.00000000
vn  0.00000000  1.00000000  0.00000000
vn  0.00000000  0.00000000  1.00000000
vn  0.00000000  1.00000000  0.00000000
vn  0.00000000  1.00000000  0.00000000
vn  0.00000000  0.00000000  1.00000000
vn  0.00000000  0.00000000  1.00000000
vn  0.00000000  1.00000000  0.00000000
vn  0.00000000  1.00000000  0.00000000
vn  0.00000000  1.00000000  0.00000000
vn  0.00000000  0.00000000  1.00000000
vn  0.00000000  0.00000000  1.00000000
vn  0.00000000  1.00000000  0.00000000
vn  1.00000000  0.00000000  0.00000000
vn  1.00000000  0.00000000  0.00000000
vn  1.00000000  0.00000000  0.00000000
vn  0.00000000  0.50393701  0.86614197
vn  0.00000000  0.50393701  0.86614197
vn  0.00000000  0.50393701  0.86614197
vn  0.00000000  0.70866102  0.70866102
vn  0.00000000  0.70866102  0.70866102
vn  0.00000000  0.70866102  0.70866102
vn  1.00000000  0.00000000  0.00000000
vn  1.00000000  0.00000000  0.00000000
vn  1.00000000  0.00000000  0.00000000
vn  0.00000000  0.86614197  0.50393701
vn  0.00000000  0.86614197  0.50393701
vn  0.00000000  0.96850401  0.25984299
vn  1.00000000  0.00000000  0.00000000
vn  1.00000000  0.00000000  0.00000000
vn  1.00000000  0.00000000  0.00000000
vn  0.00000000  0.86614197  0.50393701
vn  0.00000000  0.86614197  0.50393701
vn  0.00000000  0.86614197  0.50393701
vn  0.00000000  0.86614197  0.50393701
vn  0.00000000  0.86614197  0.50393701
vn  1.00000000  0.00000000  0.00000000
vn  1.00000000  0.00000000  0.00000000
vn  0.50393701  0.61417300  0.61417300
vn  0.60629898  0.50393701  0.60629898
vn  0.57480299  0.57480299  0.57480299
vn  0.49606299  0.43307099  0.74803102
vn  0.49606299  0.61417300  0.61417300
vn  0.50393701  0.61417300  0.61417300
vn  0.25984299  0.68503898  0.68503898
vn  0.49606299  0.61417300  0.61417300
vn  0.49606299  0.43307099  0.74803102
vn  0.25984299  0.68503898  0.68503898
vn  0.25984299  0.48031500  0.83464599
vn  0.25984299  0.48031500  0.83464599
vn  0.00000000  0.70866102  0.70866102
vn  0.00000000  0.50393701  0.86614197
vn  0.25984299  0.68503898  0.68503898
vn  0.00000000  0.50393701  0.86614197
vn  0.25984299  0.68503898  0.68503898
vn  0.00000000  0.70866102  0.70866102
vn  0.25984299  0.83464599  0.48031500
vn  0.00000000  0.86614197  0.50393701
vn  0.00000000  0.50393701  0.86614197
vn  0.00000000  0.50393701  0.86614197
vn  0.00000000  0.50393701  0.86614197
vn  0.00000000  0.25984299  0.96850401
vn  0.00000000  0.50393701  0.86614197
vn  0.00000000  0.50393701  0.86614197
vn  0.00000000  0.25984299  0.96850401
vn  0.00000000  0.25984299  0.96850401
vn  0.00000000  0.50393701  0.86614197
vn  0.00000000  0.49606299  0.86614197
vn  0.00000000  0.70866102  0.70866102
vn  0.00000000  0.70866102  0.70866102
vn  0.00000000  0.70866102  0.70866102
vn  0.00000000  0.70866102  0.70866102
vn  0.00000000  0.70866102  0.70866102
vn  0.00000000  0.86614197  0.50393701
vn  0.00000000  0.50393701  0.86614197
vn  0.00000000  0.49606299  0.86614197
vn  0.00000000  0.86614197  0.50393701
vn  0.00000000  0.86614197  0.50393701
vn  0.00000000  0.86614197  0.50393701
vn  0.00000000  0.86614197  0.50393701
vn  0.00000000  0.86614197  0.49606299
vn  0.00000000  0.86614197  0.49606299
vn  0.00000000  0.86614197  0.50393701
vn  0.00000000  0.96850401  0.25984299
vn  0.00000000  0.96850401  0.25984299
vn  0.00000000  0.96850401  0.25984299
vn  0.00000000  0.70866102  0.70866102
vn  0.00000000  0.96850401  0.25984299
vn  0.00000000  0.96850401  0.25984299
vn  0.00000000  0.96850401  0.25984299
vn  1.00000000  0.00000000  0.00000000
vn  0.67716497  0.53543299  0.50393701
vn  0.57480299  0.57480299  0.57480299
vn  0.60629898  0.50393701  0.60629898
vn  0.57480299  0.57480299  0.57480299
vn  0.67716497  0.53543299  0.50393701
vn  0.50393701  0.74803102  0.43307099
vn  0.64566898  0.66141701  0.37795299
vn  0.50393701  0.74803102  0.43307099
vn  0.25984299  0.83464599  0.48031500
vn  0.25984299  0.92913401  0.25196901
vn  0.70866102  0.65354300  0.25984299
vn  0.64566898  0.66141701  0.37795299
vn  0.83464599  0.48031500  0.25984299
vn  0.70866102  0.65354300  0.25984299
vn  0.50393701  0.83464599  0.22047199
vn  0.67716497  0.70866102  0.18897600
vn  0.70866102  0.70866102  0.00000000
vn  0.70866102  0.70866102  0.00000000
vn  0.67716497  0.70866102  0.18897600
vn  0.86614197  0.50393701  0.00000000
vn  0.70866102  0.70866102  0.00000000
vn  0.74803102  0.43307099  0.49606299
vn  0.83464599  0.48031500  0.25984299
vn  0.49606299  0.83464599  0.22047199
vn  0.25984299  0.92913401  0.25196901
vn  0.00000000  1.00000000  0.00000000
vn  0.00000000  0.96850401  0.25984299
vn  0.25984299  0.96850401  0.00000000
vn  0.25984299  0.96850401  0.00000000
vn  0.00000000  1.00000000  0.00000000
vn  0.00000000  0.86614197  0.50393701
vn  0.00000000  0.96850401  0.25984299
vn  0.00000000  0.96850401  0.25984299
vn  0.00000000  0.96850401  0.25984299
vn  0.00000000  0.96850401  0.25984299
vn  0.00000000  1.00000000  0.00000000
vn  0.00000000  1.00000000  0.00000000
vn  1.00000000  0.00000000  0.00000000
vn  1.00000000  0.00000000  0.00000000
vn  1.00000000  0.00000000  0.00000000
vn  0.00000000  1.00000000  0.00000000
vn  0.00000000  1.00000000  0.00000000
vn  0.00000000  1.00000000  0.00000000
vn  1.00000000  0.00000000  0.00000000
vn  1.00000000  0.00000000  0.00000000
vn  0.00000000  1.00000000  0.00000000
vn  1.00000000  0.00000000  0.00000000
vn  0.00000000  1.00000000  0.00000000
vn  1.00000000  0.00000000  0.00000000
vn  0.00000000  1.00000000  0.00000000
vn  0.70866102  0.70866102  0.00000000
vn  0.70866102  0.70866102  0.00000000
vn  0.70866102  0.70866102  0.00000000
vn  0.70866102  0.70866102  0.00000000
vn  0.70866102  0.70866102  0.00000000
vn  0.70866102  0.70866102  0.00000000
vn  0.70866102  0.70866102  0.00000000
vn  0.86614197  0.50393701  0.00000000
vn  0.86614197  0.50393701  0.00000000
vn  0.25984299  0.96850401  0.00000000
vn  0.25984299  0.96850401  0.00000000
vn  0.25984299  0.96850401  0.00000000
vn  0.00000000  1.00000000  0.00000000
vn  0.00000000  1.00000000  0.00000000
vn  0.00000000  1.00000000  0.00000000
vn  0.00000000  1.00000000  0.00000000
vn  0.00000000  1.00000000  0.00000000
vn  0.00000000  1.00000000  0.00000000
vn  0.00000000  1.00000000  0.00000000
vn  0.00000000  1.00000000  0.00000000
vn  1.00000000  0.00000000  0.00000000
vn  1.00000000  0.00000000  0.00000000
vn  1.00000000  0.00000000  0.00000000
vn  0.00000000  1.00000000  0.00000000
vn  1.00000000  0.00000000  0.00000000
vn  1.00000000  0.00000000  0.00000000
vn  0.00000000  1.00000000  0.00000000
vn  0.70866102  0.70866102  0.00000000
vn  0.70866102  0.70866102  0.00000000
vn  0.00000000  0.00000000  1.00000000
vn  0.00000000  0.00000000  1.00000000
vn  0.00000000  0.00000000  1.00000000
vn  1.00000000  0.00000000  0.00000000
vn  1.00000000  0.00000000  0.00000000
vn  1.00000000  0.00000000  0.00000000
vn  0.00000000  0.00000000  1.00000000
vn  1.00000000  0.00000000  0.00000000
vn  0.96850401  0.25984299  0.00000000
vn  1.00000000  0.00000000  0.00000000
vn  0.00000000  0.00000000  1.00000000
vn  0.00000000  0.00000000  1.00000000
vn  0.00000000  0.00000000  1.00000000
vn  0.00000000  0.00000000  1.00000000
vn  0.00000000  0.00000000  1.00000000
vn  0.00000000  0.00000000  1.00000000
vn  0.00000000  0.00000000  1.00000000
vn  0.00000000  0.00000000  1.00000000
vn  0.00000000  0.00000000  1.00000000
vn  0.00000000  1.00000000  0.00000000
vn  0.00000000  1.00000000  0.00000000
vn  0.00000000  0.00000000  1.00000000
vn  0.00000000  0.00000000  1.00000000
vn  0.00000000  0.00000000  1.00000000
vn  1.00000000  0.00000000  0.00000000
vn  1.00000000  0.00000000  0.00000000
vn  1.00000000  0.00000000  0.00000000
vn  0.00000000  0.00000000  1.00000000
vn  0.00000000  0.00000000  1.00000000
vn  0.00000000  0.00000000  1.00000000
vn  0.00000000  1.00000000  0.00000000
vn  0.00000000  1.00000000  0.00000000
vn  0.00000000  1.00000000  0.00000000
vn  0.00000000  0.25984299  0.96850401
vn  1.00000000  0.00000000  0.00000000
vn  1.00000000  0.00000000  0.00000000
vn  0.00000000  0.50393701  0.86614197
vn  0.00000000  0.25984299  0.96850401
vn  1.00000000  0.00000000  0.00000000
vn  0.00000000  0.00000000  1.00000000
vn  0.00000000  0.00000000  1.00000000
vn  0.00000000  0.00000000  1.00000000
vn  1.00000000  0.00000000  0.00000000
vn  1.00000000  0.00000000  0.00000000
vn  0.70866102  0.00000000  0.70866102
vn  0.69291300  0.18897600  0.69291300
vn  0.50393701  0.22047199  0.83464599
vn  0.69291300  0.18897600  0.69291300
vn  0.70866102  0.00000000  0.70866102
vn  0.69291300  0.18897600  0.69291300
vn  0.69291300  0.18897600  0.69291300
vn  0.65354300  0.37795299  0.65354300
vn  0.65354300  0.37795299  0.65354300
vn  0.83464599  0.22047199  0.49606299
vn  0.74803102  0.43307099  0.50393701
vn  0.86614197  0.00000000  0.50393701
vn  0.70866102  0.00000000  0.70866102
vn  0.70866102  0.00000000  0.70866102
vn  0.00000000  1.00000000  0.00000000
vn  0.00000000  1.00000000  0.00000000
vn  0.00000000  1.00000000  0.00000000
vn  0.86614197  0.00000000  0.50393701
vn  0.86614197  0.00000000  0.50393701
vn  0.86614197  0.00000000  0.50393701
vn  0.70866102  0.00000000  0.70866102
vn  0.70866102  0.00000000  0.70866102
vn  0.70866102  0.00000000  0.70866102
vn  0.00000000  1.00000000  0.00000000
vn  0.70866102  0.00000000  0.70866102
vn  0.70866102  0.00000000  0.70866102
vn  0.50393701  0.00000000  0.86614197
vn  0.49606299  0.00000000  0.86614197
vn  0.49606299  0.22047199  0.83464599
vn  0.25984299  0.00000000  0.96850401
vn  0.25984299  0.00000000  0.96850401
vn  0.25984299  0.25196901  0.92913401
vn  0.25984299  0.25196901  0.92913401
vn  0.00000000  0.25984299  0.96850401
vn  0.00000000  0.00000000  1.00000000
vn  0.00000000  0.25984299  0.96850401
vn  0.50393701  0.00000000  0.86614197
vn  0.49606299  0.00000000  0.86614197
vn  0.49606299  0.00000000  0.86614197
vn  0.25984299  0.00000000  0.96850401
vn  0.25984299  0.00000000  0.96850401
vn  0.25984299  0.00000000  0.96850401
vn  0.00000000  0.25984299  0.96850401
vn  0.00000000  0.25984299  0.96850401
vn  0.00000000  0.25984299  0.96850401
vn  0.00000000  0.25984299  0.96850401
vn  0.00000000  0.25984299  0.96850401
vn  0.00000000  0.49606299  0.86614197
vn  0.00000000  0.00000000  1.00000000
vn  0.00000000  0.00000000  1.00000000
vn  0.00000000  1.00000000  0.00000000
vn  0.00000000  0.00000000  1.00000000
vn  0.00000000  0.00000000  1.00000000
vn  0.00000000  1.00000000  0.00000000
vn  0.92913401  0.25196901  0.25984299
vn  0.92913401  0.25196901  0.25984299
vn  0.96850401  0.00000000  0.25984299
vn  0.83464599  0.22047199  0.49606299
vn  0.86614197  0.00000000  0.49606299
vn  0.74803102  0.43307099  0.49606299
vn  1.00000000  0.00000000  0.00000000
vn  0.96850401  0.25984299  0.00000000
vn  1.00000000  0.00000000  0.00000000
vn  0.96850401  0.25984299  0.00000000
vn  0.86614197  0.49606299  0.00000000
vn  1.00000000  0.00000000  0.00000000
vn  0.00000000  0.00000000  1.00000000
vn  0.00000000  0.00000000  1.00000000
vn  0.00000000  0.00000000  1.00000000
vn  1.00000000  0.00000000  0.00000000
vn  1.00000000  0.00000000  0.00000000
vn  1.00000000  0.00000000  0.00000000
vn  1.00000000  0.00000000  0.00000000
vn  0.00000000  0.00000000  1.00000000
vn  0.00000000  0.00000000  1.00000000
vn  0.00000000  0.00000000  1.00000000
vn  0.00000000  0.00000000  1.00000000
vn  0.70866102  0.00000000  0.70866102
vn  0.70866102  0.00000000  0.70866102
vn  0.70866102  0.00000000  0.70866102
vn  0.70866102  0.00000000  0.70866102
vn  0.70866102  0.00000000  0.70866102
vn  0.70866102  0.00000000  0.70866102
vn  0.70866102  0.00000000  0.70866102
vn  0.70866102  0.00000000  0.70866102
vn  0.86614197  0.00000000  0.50393701
vn  0.70866102  0.00000000  0.70866102
vn  0.86614197  0.00000000  0.50393701
vn  0.86614197  0.00000000  0.50393701
vn  0.86614197  0.00000000  0.50393701
vn  0.86614197  0.00000000  0.50393701
vn  0.86614197  0.00000000  0.50393701
vn  0.86614197  0.00000000  0.50393701
vn  0.70866102  0.00000000  0.70866102
vn  0.49606299  0.00000000  0.86614197
vn  0.50393701  0.00000000  0.86614197
vn  0.25984299  0.00000000  0.96850401
vn  0.44094500  0.00000000  0.89763802
vn  0.50393701  0.00000000  0.86614197
vn  0.25984299  0.00000000  0.96850401
vn  0.00000000  0.00000000  1.00000000
vn  0.00000000  0.00000000  1.00000000
vn  0.25984299  0.00000000  0.96850401
vn  0.25984299  0.00000000  0.96850401
vn  0.25984299  0.00000000  0.96850401
vn  0.00000000  0.00000000  1.00000000
vn  0.25984299  0.00000000  0.96850401
vn  0.00000000  0.00000000  1.00000000
vn  0.00000000  0.00000000  1.00000000
vn  0.00000000  0.00000000  1.00000000
vn  0.96850401  0.00000000  0.25984299
vn  1.00000000  0.00000000  0.00000000
vn  1.00000000  0.00000000  0.00000000
vn  0.96850401  0.00000000  0.25984299
vn  0.96850401  0.00000000  0.25984299
vn  1.00000000  0.00000000  0.00000000
vn  0.96850401  0.00000000  0.25984299
vn  0.96850401  0.00000000  0.25984299
vn  0.96850401  0.00000000  0.25984299
vn  1.00000000  0.00000000  0.00000000
vn  1.00000000  0.00000000  0.00000000
vn  1.00000000  0.00000000  0.00000000
vn  1.00000000  0.00000000  0.00000000
vn  0.00000000  0.00000000  1.00000000
vn  0.00000000  0.00000000  1.00000000
vn  0.00000000  0.00000000  1.00000000
vn  0.00000000  0.00000000  1.00000000
vn  1.00000000  0.00000000  0.00000000
vn  1.00000000  0.00000000  0.00000000
vn  1.00000000  0.00000000  0.00000000
vn  0.00000000  0.00000000  1.00000000
vn  1.00000000  0.00000000  0.00000000
vn  1.00000000  0.00000000  0.00000000
vn  1.00000000  0.00000000  0.00000000
vn  0.00000000  0.00000000  1.00000000
vn  0.00000000  0.00000000  1.00000000
vn  0.00000000  0.00000000  1.00000000
vn  1.00000000  0.00000000  0.00000000
vn  1.00000000  0.00000000  0.00000000
vn  0.00000000  0.00000000  1.00000000
vn  0.00000000  0.00000000  1.00000000
vn  1.00000000  0.00000000  0.00000000
vn  1.00000000  0.00000000  0.00000000
vn  0.00000000  1.00000000  0.00000000
vn  0.00000000  1.00000000  0.00000000
vn  0.00000000  1.00000000  0.00000000
vn  1.00000000  0.00000000  0.00000000
vn  0.00000000  1.00000000  0.00000000
vn  0.00000000  1.00000000  0.00000000
vn  0.00000000  1.00000000  0.00000000
vn  0.00000000  1.00000000  0.00000000
vn  1.00000000  0.00000000  0.00000000
vn  1.00000000  0.00000000  0.00000000
vn  1.00000000  0.00000000  0.00000000
vn  1.00000000  0.00000000  0.00000000
vn  0.00000000  1.00000000  0.00000000
vn  0.00000000  1.00000000  0.00000000
vn  1.00000000  0.00000000  0.00000000
vn  0.00000000  0.00000000 -1.00000000
vn  0.00000000  0.00000000 -1.00000000
vn  0.00000000  0.00000000 -1.00000000
vn  0.00000000  1.00000000  0.00000000
vn  0.00000000  1.00000000  0.00000000
vn  0.70866102  0.70866102  0.00000000
vn  0.50393701  0.86614197  0.00000000
vn  0.50393701  0.86614197  0.00000000
vn  0.70866102  0.70866102  0.00000000
vn  0.50393701  0.86614197  0.00000000
vn  0.70866102  0.70866102  0.00000000
vn  0.70866102  0.70866102  0.00000000
vn  0.70866102  0.70866102  0.00000000
vn  0.70866102  0.70866102  0.00000000
vn  0.50393701  0.86614197  0.00000000
vn  0.70866102  0.70866102  0.00000000
vn  0.49606299  0.86614197  0.00000000
vn  0.50393701  0.86614197  0.00000000
vn  0.49606299  0.86614197  0.00000000
vn  0.50393701  0.86614197  0.00000000
vn  0.70866102  0.70866102  0.00000000
vn  0.70866102  0.70866102  0.00000000
vn  0.70866102  0.70866102  0.00000000
vn  0.70866102  0.70866102  0.00000000
vn  0.86614197  0.50393701  0.00000000
vn  0.86614197  0.50393701  0.00000000
vn  0.86614197  0.49606299  0.00000000
vn  0.86614197  0.50393701  0.00000000
vn  0.70866102  0.70866102  0.00000000
vn  0.86614197  0.50393701  0.00000000
vn  0.00000000  1.00000000  0.00000000
vn  0.00000000  0.00000000 -1.00000000
vn  0.00000000  0.00000000 -1.00000000
vn  0.00000000  1.00000000  0.00000000
vn  0.00000000  0.00000000 -1.00000000
vn  0.00000000  1.00000000  0.00000000
vn  0.00000000  1.00000000  0.00000000
vn  0.00000000  1.00000000  0.00000000
vn  0.00000000  0.96850401 -0.25984299
vn  0.00000000  0.00000000 -1.00000000
vn  0.00000000  1.00000000  0.00000000
vn  0.00000000  1.00000000  0.00000000
vn  0.00000000  0.96850401 -0.25984299
vn  0.00000000  0.96850401 -0.25984299
vn  0.00000000  0.96850401 -0.25984299
vn  0.00000000  0.00000000 -1.00000000
vn  0.00000000  0.00000000 -1.00000000
vn  0.00000000  0.00000000 -1.00000000
vn  0.00000000  1.00000000  0.00000000
vn  0.00000000  1.00000000  0.00000000
vn  0.96850401  0.25984299  0.00000000
vn  0.96850401  0.25984299  0.00000000
vn  1.00000000  0.00000000  0.00000000
vn  0.96850401  0.25984299  0.00000000
vn  0.96850401  0.25984299  0.00000000
vn  0.92913401  0.25196901 -0.25984299
vn  0.97637802  0.20472400  0.00000000
vn  0.96850401  0.00000000 -0.25984299
vn  1.00000000  0.00000000  0.00000000
vn  1.00000000  0.00000000  0.00000000
vn  1.00000000  0.00000000  0.00000000
vn  1.00000000  0.00000000  0.00000000
vn  1.00000000  0.00000000  0.00000000
vn  0.96850401  0.25984299  0.00000000
vn  0.96850401  0.25984299  0.00000000
vn  0.96850401  0.25984299  0.00000000
vn  1.00000000  0.00000000  0.00000000
vn  1.00000000  0.00000000  0.00000000
vn  1.00000000  0.00000000  0.00000000
vn  1.00000000  0.00000000  0.00000000
vn  0.96850401  0.00000000 -0.25984299
vn  1.00000000  0.00000000  0.00000000
vn  1.00000000  0.00000000  0.00000000
vn  1.00000000  0.00000000  0.00000000
vn  1.00000000  0.00000000  0.00000000
vn  1.00000000  0.00000000  0.00000000
vn  1.00000000  0.00000000  0.00000000
vn  1.00000000  0.00000000  0.00000000
vn  1.00000000  0.00000000  0.00000000
vn  1.00000000  0.00000000  0.00000000
vn  1.00000000  0.00000000  0.00000000
vn  0.96850401  0.00000000 -0.25984299
vn  1.00000000  0.00000000  0.00000000
vn  1.00000000  0.00000000  0.00000000
vn  1.00000000  0.00000000  0.00000000
vn  1.00000000  0.00000000  0.00000000
vn  1.00000000  0.00000000  0.00000000
vn  1.00000000  0.00000000  0.00000000
vn  0.00000000  1.00000000  0.00000000
vn -1.00000000  0.00000000  0.00000000
vn -1.00000000  0.00000000  0.00000000
vn -1.00000000  0.00000000  0.00000000
vn  0.00000000  0.00000000  1.00000000
vn  0.00000000  1.00000000  0.00000000
vn  0.00000000  1.00000000  0.00000000
vn  0.00000000  1.00000000  0.00000000
vn  0.00000000  0.00000000  1.00000000
vn  0.00000000  0.00000000  1.00000000
vn  0.00000000  1.00000000  0.00000000
vn  0.00000000  1.00000000  0.00000000
vn  0.00000000  0.50393701  0.86614197
vn  0.00000000  0.50393701  0.86614197
vn  0.00000000  0.50393701  0.86614197
vn -1.00000000  0.00000000  0.00000000
vn -1.00000000  0.00000000  0.00000000
vn -1.00000000  0.00000000  0.00000000
vn -1.00000000  0.00000000  0.00000000
vn -1.00000000  0.00000000  0.00000000
vn -1.00000000  0.00000000  0.00000000
vn -1.00000000  0.00000000  0.00000000
vn  0.00000000  0.70866102  0.70866102
vn  0.00000000  0.70866102  0.70866102
vn  0.00000000  0.70866102  0.70866102
vn  0.00000000  0.70866102  0.70866102
vn  0.00000000  0.86614197  0.50393701
vn -1.00000000  0.00000000  0.00000000
vn  0.00000000  0.70866102  0.70866102
vn  0.00000000  0.70866102  0.70866102
vn  0.00000000  0.86614197  0.49606299
vn  0.00000000  0.86614197  0.50393701
vn  0.00000000  0.70866102  0.70866102
vn  0.00000000  0.86614197  0.49606299
vn -1.00000000  0.00000000  0.00000000
vn  0.00000000  0.86614197  0.49606299
vn  0.00000000  0.86614197  0.49606299
vn  0.00000000  0.86614197  0.49606299
vn  0.00000000  0.86614197  0.49606299
vn  0.00000000  0.96850401  0.25984299
vn  0.00000000  0.96850401  0.25984299
vn  0.00000000  0.86614197  0.49606299
vn  0.00000000  0.96850401  0.25984299
vn  0.00000000  0.96850401  0.25984299
vn  0.00000000  0.96850401  0.25984299
vn  0.00000000  1.00000000  0.00000000
vn -1.00000000  0.00000000  0.00000000
vn -1.00000000  0.00000000  0.00000000
vn -1.00000000  0.00000000  0.00000000
vn  0.00000000  1.00000000  0.00000000
vn  0.00000000  1.00000000  0.00000000
vn  0.00000000  1.00000000  0.00000000
vn  0.00000000  0.96850401  0.25984299
vn  0.00000000  1.00000000  0.00000000
vn -0.25984299  0.96850401  0.00000000
vn -1.00000000  0.00000000  0.00000000
vn -1.00000000  0.00000000  0.00000000
vn -1.00000000  0.00000000  0.00000000
vn -1.00000000  0.00000000  0.00000000
vn  0.00000000  1.00000000  0.00000000
vn  0.00000000  0.00000000  1.00000000
vn  0.00000000  0.00000000  1.00000000
vn  0.00000000  0.00000000  1.00000000
vn -1.00000000  0.00000000  0.00000000
vn -1.00000000  0.00000000  0.00000000
vn -1.00000000  0.00000000  0.00000000
vn -1.00000000  0.00000000  0.00000000
vn -1.00000000  0.00000000  0.00000000
vn -1.00000000  0.00000000  0.00000000
vn -1.00000000  0.00000000  0.00000000
vn -1.00000000  0.00000000  0.00000000
vn -1.00000000  0.00000000  0.00000000
vn  0.00000000  0.00000000  1.00000000
vn  0.00000000  0.25984299  0.96850401
vn  0.00000000  0.25984299  0.96850401
vn  0.00000000  0.00000000  1.00000000
vn -0.25984299  0.00000000  0.96850401
vn  0.00000000  1.00000000  0.00000000
vn  0.00000000  1.00000000  0.00000000
vn -0.25984299  0.25196901  0.92913401
vn  0.00000000  0.00000000  1.00000000
vn  0.00000000  0.00000000  1.00000000
vn -0.25984299  0.00000000  0.96850401
vn -1.00000000  0.00000000  0.00000000
vn -1.00000000  0.00000000  0.00000000
vn -1.00000000  0.00000000  0.00000000
vn -1.00000000  0.00000000  0.00000000
vn  0.00000000  0.00000000  1.00000000
vn  0.00000000  0.00000000  1.00000000
vn  0.00000000  0.00000000  1.00000000
vn  0.00000000  0.00000000  1.00000000
vn  0.00000000  0.00000000  1.00000000
vn  0.00000000  0.00000000  1.00000000
vn  0.00000000  0.00000000  1.00000000
vn  0.00000000  0.00000000  1.00000000
vn -1.00000000  0.00000000  0.00000000
vn -1.00000000  0.00000000  0.00000000
vn -1.00000000  0.00000000  0.00000000
vn -0.25984299  0.00000000  0.96850401
vn -0.25984299  0.00000000  0.96850401
vn  0.00000000  0.00000000  1.00000000
vn -1.00000000  0.00000000  0.00000000
vn -1.00000000  0.00000000  0.00000000
vn  0.00000000  0.00000000  1.00000000
vn -0.25984299  0.00000000  0.96850401
vn  0.00000000  1.00000000  0.00000000
vn -1.00000000  0.00000000  0.00000000
vn -1.00000000  0.00000000  0.00000000
vn -1.00000000  0.00000000  0.00000000
vn  0.00000000  1.00000000  0.00000000
vn -1.00000000  0.00000000  0.00000000
vn  0.00000000  1.00000000  0.00000000
vn -1.00000000  0.00000000  0.00000000
vn -1.00000000  0.00000000  0.00000000
vn  0.00000000  1.00000000  0.00000000
vn  0.00000000  1.00000000  0.00000000
vn -1.00000000  0.00000000  0.00000000
vn -1.00000000  0.00000000  0.00000000
vn -1.00000000  0.00000000  0.00000000
vn  0.00000000  1.00000000  0.00000000
vn  0.00000000  1.00000000  0.00000000
vn  0.00000000  1.00000000  0.00000000
vn -1.00000000  0.00000000  0.00000000
vn  0.00000000  1.00000000  0.00000000
vn  0.00000000  1.00000000  0.00000000
vn  0.00000000  1.00000000  0.00000000
vn  0.00000000  1.00000000  0.00000000
vn  0.00000000  1.00000000  0.00000000
vn  0.00000000  1.00000000  0.00000000
vn  0.00000000  1.00000000  0.00000000
vn  0.00000000  1.00000000  0.00000000
vn  0.00000000  1.00000000  0.00000000
vn  0.00000000  1.00000000  0.00000000
vn -1.00000000  0.00000000  0.00000000
vn -1.00000000  0.00000000  0.00000000
vn -1.00000000  0.00000000  0.00000000
vn  0.00000000  1.00000000  0.00000000
vn  0.00000000  1.00000000  0.00000000
vn -1.00000000  0.00000000  0.00000000
vn -1.00000000  0.00000000  0.00000000
vn  0.00000000  1.00000000  0.00000000
vn -1.00000000  0.00000000  0.00000000
vn  0.00000000  1.00000000  0.00000000
vn  0.00000000  1.00000000  0.00000000
vn  0.00000000  1.00000000  0.00000000
vn -1.00000000  0.00000000  0.00000000
vn -1.00000000  0.00000000  0.00000000
vn  0.00000000  1.00000000  0.00000000
vn  0.00000000  1.00000000  0.00000000
vn  0.00000000  1.00000000  0.00000000
vn  0.00000000  0.00000000 -1.00000000
vn  0.00000000  0.00000000 -1.00000000
vn  0.00000000  0.00000000 -1.00000000
vn  0.00000000  0.00000000  1.00000000
vn  0.00000000  0.00000000  1.00000000
vn  0.00000000  0.00000000  1.00000000
vn  0.00000000  0.00000000  1.00000000
vn  1.00000000  0.00000000  0.00000000
vn  1.00000000  0.00000000  0.00000000
vn  0.00000000  0.00000000  1.00000000
vn  1.00000000  0.00000000  0.00000000
vn  1.00000000  0.00000000  0.00000000
vn  1.00000000  0.00000000  0.00000000
vn  0.00000000 -1.00000000  0.00000000
vn  0.00000000 -1.00000000  0.00000000
vn  0.00000000 -1.00000000  0.00000000
vn  0.00000000  0.00000000  1.00000000
vn  0.00000000  0.00000000  1.00000000
vn  0.00000000  0.00000000  1.00000000
vn  1.00000000  0.00000000  0.00000000
vn  1.00000000  0.00000000  0.00000000
vn  1.00000000  0.00000000  0.00000000
vn  1.00000000  0.00000000  0.00000000
vn  0.00000000  0.00000000  1.00000000
vn  0.00000000  0.00000000  1.00000000
vn  0.00000000 -1.00000000  0.00000000
vn  0.00000000 -1.00000000  0.00000000
vn  0.00000000 -1.00000000  0.00000000
vn  0.00000000  0.00000000  1.00000000
vn  0.00000000 -1.00000000  0.00000000
vn  0.00000000 -1.00000000  0.00000000
vn  0.00000000 -1.00000000  0.00000000
vn  0.00000000  0.00000000  1.00000000
vn  0.00000000  0.00000000  1.00000000
vn  0.00000000 -1.00000000  0.00000000
vn  0.00000000 -1.00000000  0.00000000
vn  0.00000000 -1.00000000  0.00000000
vn  0.70866102  0.00000000  0.70866102
vn  0.50393701  0.00000000  0.86614197
vn  0.70866102  0.00000000  0.70866102
vn  0.50393701  0.00000000  0.86614197
vn  0.70866102  0.00000000  0.70866102
vn  0.70866102  0.00000000  0.70866102
vn  0.70866102  0.00000000  0.70866102
vn  0.70866102  0.00000000  0.70866102
vn  0.70866102  0.00000000  0.70866102
vn  0.86614197  0.00000000  0.50393701
vn  0.00000000 -1.00000000  0.00000000
vn  0.00000000 -1.00000000  0.00000000
vn  0.70866102  0.00000000  0.70866102
vn  0.86614197  0.00000000  0.50393701
vn  0.86614197  0.00000000  0.50393701
vn  0.86614197  0.00000000  0.50393701
vn  0.00000000 -1.00000000  0.00000000
vn  0.00000000 -1.00000000  0.00000000
vn  0.49606299  0.00000000  0.86614197
vn  0.25984299  0.00000000  0.96850401
vn  0.49606299  0.00000000  0.86614197
vn  0.49606299  0.00000000  0.86614197
vn  0.49606299  0.00000000  0.86614197
vn  0.49606299  0.00000000  0.86614197
vn  0.49606299  0.00000000  0.86614197
vn  0.25984299  0.00000000  0.96850401
vn  0.49606299  0.00000000  0.86614197
vn  0.49606299  0.00000000  0.86614197
vn  0.49606299  0.00000000  0.86614197
vn  0.49606299  0.00000000  0.86614197
vn  0.49606299  0.00000000  0.86614197
vn  0.49606299  0.00000000  0.86614197
vn  0.25984299  0.00000000  0.96850401
vn  0.00000000 -1.00000000  0.00000000
vn  0.00000000 -1.00000000  0.00000000
vn  0.00000000 -1.00000000  0.00000000
vn  0.00000000  0.00000000  1.00000000
vn  0.00000000  0.00000000  1.00000000
vn  0.25984299  0.00000000  0.96850401
vn  0.25984299  0.00000000  0.96850401
vn  0.00000000  0.00000000  1.00000000
vn  0.00000000 -1.00000000  0.00000000
vn  0.50393701 -0.22047199  0.83464599
vn  0.25984299  0.00000000  0.96850401
vn  0.00000000  0.00000000  1.00000000
vn  0.00000000 -1.00000000  0.00000000
vn  0.00000000  0.00000000  1.00000000
vn  0.00000000  0.00000000  1.00000000
vn  0.00000000  0.00000000  1.00000000
vn  0.00000000  0.00000000  1.00000000
vn  0.00000000  0.00000000  1.00000000
vn  0.00000000  0.00000000  1.00000000
vn  0.00000000  0.00000000  1.00000000
vn  1.00000000  0.00000000  0.00000000
vn  1.00000000  0.00000000  0.00000000
vn  1.00000000  0.00000000  0.00000000
vn  1.00000000  0.00000000  0.00000000
vn  0.00000000 -1.00000000  0.00000000
vn  0.00000000 -1.00000000  0.00000000
vn  0.00000000 -1.00000000  0.00000000
vn  1.00000000  0.00000000  0.00000000
vn  0.00000000 -1.00000000  0.00000000
vn  1.00000000  0.00000000  0.00000000
vn  1.00000000  0.00000000  0.00000000
vn  1.00000000  0.00000000  0.00000000
vn  1.00000000  0.00000000  0.00000000
vn  0.96850401  0.00000000  0.25984299
vn  0.96850401  0.00000000  0.25984299
vn  0.96850401  0.00000000  0.25984299
vn  0.96850401  0.00000000  0.25984299
vn  0.96850401  0.00000000  0.25984299
vn  0.96850401  0.00000000  0.25984299
vn  0.86614197  0.00000000  0.50393701
vn  1.00000000  0.00000000  0.00000000
vn  1.00000000  0.00000000  0.00000000
vn  1.00000000  0.00000000  0.00000000
vn  1.00000000  0.00000000  0.00000000
vn  1.00000000  0.00000000  0.00000000
vn  1.00000000  0.00000000  0.00000000
vn  0.96850401 -0.25984299  0.00000000
vn  1.00000000  0.00000000  0.00000000
vn  1.00000000  0.00000000  0.00000000
vn  1.00000000  0.00000000  0.00000000
vn  1.00000000  0.00000000  0.00000000
vn  0.96850401  0.00000000 -0.25984299
vn  1.00000000  0.00000000  0.00000000
vn  1.00000000  0.00000000  0.00000000
vn  1.00000000  0.00000000  0.00000000
vn  1.00000000  0.00000000  0.00000000
vn  1.00000000  0.00000000  0.00000000
vn  1.00000000  0.00000000  0.00000000
vn  0.96850401  0.00000000 -0.25984299
vn  0.96850401  0.00000000 -0.25984299
vn  1.00000000  0.00000000  0.00000000
vn  1.00000000  0.00000000  0.00000000
vn  1.00000000  0.00000000  0.00000000
vn  1.00000000  0.00000000  0.00000000
vn  1.00000000  0.00000000  0.00000000
vn  0.96850401 -0.25984299  0.00000000
vn  0.00000000  0.00000000  1.00000000
vn  0.00000000  0.00000000  1.00000000
vn  0.00000000  0.00000000  1.00000000
vn -1.00000000  0.00000000  0.00000000
vn -1.00000000  0.00000000  0.00000000
vn  0.00000000 -1.00000000  0.00000000
vn  0.00000000 -1.00000000  0.00000000
vn  0.00000000 -1.00000000  0.00000000
vn  0.00000000  0.00000000  1.00000000
vn  0.00000000  0.00000000  1.00000000
vn  0.00000000  0.00000000  1.00000000
vn -1.00000000  0.00000000  0.00000000
vn -1.00000000  0.00000000  0.00000000
vn -1.00000000  0.00000000  0.00000000
vn  0.00000000  0.00000000  1.00000000
vn  0.00000000 -1.00000000  0.00000000
vn  0.00000000 -1.00000000  0.00000000
vn  0.00000000 -1.00000000  0.00000000
vn  0.00000000 -0.25984299  0.96850401
vn  0.00000000  0.00000000  1.00000000
vn -1.00000000  0.00000000  0.00000000
vn -1.00000000  0.00000000  0.00000000
vn -1.00000000  0.00000000  0.00000000
vn  0.00000000  0.00000000  1.00000000
vn  0.00000000  0.00000000  1.00000000
vn  0.00000000  0.00000000  1.00000000
vn  0.00000000 -1.00000000  0.00000000
vn  0.00000000  0.00000000  1.00000000
vn  0.00000000  0.00000000  1.00000000
vn  1.00000000  0.00000000  0.00000000
vn  0.00000000  1.00000000  0.00000000
vn  1.00000000  0.00000000  0.00000000
vn  1.00000000  0.00000000  0.00000000
vn  1.00000000  0.00000000  0.00000000
vn  0.00000000  0.96850401 -0.25984299
vn  0.00000000  1.00000000  0.00000000
vn  0.00000000  0.96850401 -0.25984299
vn  1.00000000  0.00000000  0.00000000
vn  1.00000000  0.00000000  0.00000000
vn  0.00000000  1.00000000  0.00000000
vn  0.00000000  1.00000000  0.00000000
vn  0.00000000  1.00000000  0.00000000
vn  0.00000000  0.86614197 -0.49606299
vn  0.00000000  0.86614197 -0.49606299
vn  0.00000000  0.86614197 -0.50393701
vn  1.00000000  0.00000000  0.00000000
vn  0.00000000  0.86614197 -0.49606299
vn  0.00000000  0.86614197 -0.49606299
vn  0.67716497  0.70866102 -0.18897600
vn  0.67716497  0.70866102 -0.18897600
vn  0.50393701  0.86614197  0.00000000
vn  0.50393701  0.83464599 -0.22047199
vn  0.70866102  0.65354300 -0.25984299
vn  0.49606299  0.83464599 -0.22047199
vn  0.50393701  0.74803102 -0.43307099
vn  0.50393701  0.86614197  0.00000000
vn  0.25984299  0.83464599 -0.48031500
vn  0.25984299  0.96850401  0.00000000
vn  0.50393701  0.86614197  0.00000000
vn  0.70866102  0.65354300 -0.25984299
vn  0.83464599  0.48031500 -0.25984299
vn  0.64566898  0.66141701 -0.37795299
vn  0.49606299  0.74803102 -0.43307099
vn  0.25984299  0.92913401 -0.25196901
vn  0.25984299  0.92913401 -0.25196901
vn  0.00000000  0.86614197 -0.49606299
vn  0.00000000  0.86614197 -0.50393701
vn  0.00000000  0.86614197 -0.50393701
vn  0.49606299  0.61417300 -0.61417300
vn  0.00000000  1.00000000  0.00000000
vn  0.00000000  0.96850401 -0.25984299
vn  0.00000000  0.96850401 -0.25984299
vn  0.00000000  0.96850401 -0.25984299
vn  0.00000000  0.96850401 -0.25984299
vn  0.00000000  1.00000000  0.00000000
vn  0.00000000  0.70866102 -0.70866102
vn  0.00000000  0.70866102 -0.70866102
vn  0.00000000  0.70866102 -0.70866102
vn  0.92913401  0.25196901 -0.25984299
vn  0.83464599  0.48031500 -0.25984299
vn  0.83464599  0.22047199 -0.50393701
vn  0.96850401  0.00000000 -0.25984299
vn  0.86614197  0.00000000 -0.50393701
vn  0.74803102  0.43307099 -0.50393701
vn  1.00000000  0.00000000  0.00000000
vn  0.86614197  0.00000000 -0.49606299
vn  0.86614197  0.00000000 -0.49606299
vn  0.86614197  0.00000000 -0.49606299
vn  0.96850401  0.00000000 -0.25984299
vn  0.86614197  0.00000000 -0.49606299
vn  0.86614197  0.00000000 -0.49606299
vn  0.96850401  0.00000000 -0.25984299
vn  0.86614197  0.00000000 -0.49606299
vn  0.86614197  0.00000000 -0.49606299
vn  1.00000000  0.00000000  0.00000000
vn  0.86614197  0.00000000 -0.49606299
vn  0.70866102  0.00000000 -0.70866102
vn  0.00000000  0.96850401 -0.25984299
vn  0.00000000  0.96850401 -0.25984299
vn  0.00000000  0.96850401 -0.25984299
vn  0.00000000  0.86614197 -0.49606299
vn  0.00000000  0.86614197 -0.49606299
vn  0.00000000  0.86614197 -0.49606299
vn  0.00000000  0.86614197 -0.49606299
vn  0.00000000  0.86614197 -0.49606299
vn  0.00000000  0.86614197 -0.50393701
vn  0.00000000  0.86614197 -0.49606299
vn  0.00000000  0.86614197 -0.49606299
vn -0.25984299  0.92913401 -0.25196901
vn -0.25984299  0.83464599 -0.48031500
vn -0.25984299  0.92913401 -0.25196901
vn  0.00000000  0.86614197 -0.49606299
vn  0.00000000  0.96850401 -0.25984299
vn -1.00000000  0.00000000  0.00000000
vn -1.00000000  0.00000000  0.00000000
vn -1.00000000  0.00000000  0.00000000
vn  0.00000000  0.70866102 -0.70866102
vn  0.86614197  0.00000000 -0.49606299
vn  0.86614197  0.00000000 -0.49606299
vn  0.70866102  0.00000000 -0.70866102
vn  0.86614197  0.00000000 -0.49606299
vn  0.86614197  0.00000000 -0.49606299
vn  0.86614197  0.00000000 -0.49606299
vn  0.86614197  0.00000000 -0.50393701
vn  0.86614197  0.00000000 -0.49606299
vn  0.96850401  0.00000000 -0.25984299
vn  0.96850401  0.00000000 -0.25984299
vn  0.96850401  0.00000000 -0.25984299
vn  0.96850401  0.00000000 -0.25984299
vn  0.96850401  0.00000000 -0.25984299
vn  0.92913401 -0.25196901 -0.25984299
vn  0.86614197  0.00000000 -0.49606299
vn  0.86614197  0.00000000 -0.49606299
vn  0.96850401  0.00000000 -0.25984299
vn  0.00000000 -1.00000000  0.00000000
vn  0.00000000 -1.00000000  0.00000000
vn  0.00000000 -1.00000000  0.00000000
vn  0.86614197  0.00000000 -0.49606299
vn  0.86614197  0.00000000 -0.49606299
vn  0.86614197  0.00000000 -0.49606299
vn  0.96850401  0.00000000 -0.25984299
vn  0.96850401  0.00000000 -0.25984299
vn  0.96850401  0.00000000 -0.25984299
vn  0.86614197  0.00000000 -0.49606299
vn  0.86614197  0.00000000 -0.49606299
vn  0.00000000 -1.00000000  0.00000000
vn  0.96850401 -0.25984299  0.00000000
vn  1.00000000  0.00000000  0.00000000
vn  0.00000000  1.00000000  0.00000000
vn  0.00000000  1.00000000  0.00000000
vn  0.00000000  0.00000000 -1.00000000
vn  0.00000000  0.00000000 -1.00000000
vn  0.00000000  0.00000000 -1.00000000
vn -0.25984299  0.96850401  0.00000000
vn  0.00000000  1.00000000  0.00000000
vn -0.25984299  0.96850401  0.00000000
vn  0.00000000  0.00000000 -1.00000000
vn  0.00000000  0.00000000 -1.00000000
vn  0.00000000  0.00000000 -1.00000000
vn -0.25984299  0.96850401  0.00000000
vn -0.49606299  0.86614197  0.00000000
vn -0.49606299  0.86614197  0.00000000
vn  0.00000000  0.00000000 -1.00000000
vn  0.00000000  0.00000000 -1.00000000
vn  0.00000000  0.00000000 -1.00000000
vn -0.49606299  0.86614197  0.00000000
vn  0.00000000  0.00000000  1.00000000
vn  0.00000000  0.00000000  1.00000000
vn  0.00000000  0.00000000  1.00000000
vn  0.00000000  1.00000000  0.00000000
vn  0.00000000  1.00000000  0.00000000
vn -0.25984299  0.96850401  0.00000000
vn  0.00000000  0.00000000  1.00000000
vn -0.25984299  0.96850401  0.00000000
vn -0.25984299  0.96850401  0.00000000
vn -0.25984299  0.96850401  0.00000000
vn -0.25984299  0.96850401  0.00000000
vn  0.00000000  0.50393701  0.86614197
vn -0.25984299  0.48031500  0.83464599
vn -0.25984299  0.68503898  0.68503898
vn -0.49606299  0.61417300  0.61417300
vn -0.25984299  0.68503898  0.68503898
vn -0.25984299  0.83464599  0.48031500
vn -0.25984299  0.68503898  0.68503898
vn -0.49606299  0.61417300  0.61417300
vn -0.50393701  0.50393701  0.70078701
vn -0.25984299  0.48031500  0.83464599
vn -0.25984299  0.68503898  0.68503898
vn -0.50393701  0.74803102  0.43307099
vn  0.00000000  0.86614197  0.49606299
vn  0.00000000  0.70866102  0.70866102
vn -0.50393701  0.74803102  0.43307099
vn -0.67716497  0.53543299  0.50393701
vn -0.25984299  0.83464599  0.48031500
vn -0.25984299  0.92913401  0.25196901
vn -0.25984299  0.92913401  0.25196901
vn -0.25984299  0.96850401  0.00000000
vn -0.49606299  0.83464599  0.22047199
vn -0.50393701  0.83464599  0.22047199
vn -0.67716497  0.70866102  0.18897600
vn -0.49606299  0.86614197  0.00000000
vn -0.49606299  0.86614197  0.00000000
vn -0.50393701  0.86614197  0.00000000
vn -0.49606299  0.86614197  0.00000000
vn -0.70866102  0.70866102  0.00000000
vn -0.25984299  0.96850401  0.00000000
vn -0.49606299  0.86614197  0.00000000
vn -0.50393701  0.86614197  0.00000000
vn -0.49606299  0.86614197  0.00000000
vn -0.70866102  0.70866102  0.00000000
vn -0.49606299  0.86614197  0.00000000
vn -0.70866102  0.70866102  0.00000000
vn -0.70866102  0.70866102  0.00000000
vn -0.25984299  0.25196901  0.92913401
vn -0.49606299  0.22047199  0.83464599
vn -0.50393701  0.22047199  0.83464599
vn -0.49606299  0.43307099  0.74803102
vn -0.49606299  0.00000000  0.86614197
vn -0.49606299  0.43307099  0.74803102
vn -0.65354300  0.37795299  0.65354300
vn -0.65354300  0.37795299  0.65354300
vn -0.50393701  0.00000000  0.86614197
vn -0.25984299  0.00000000  0.96850401
vn -0.25984299  0.00000000  0.96850401
vn -0.25984299  0.00000000  0.96850401
vn -0.50393701  0.00000000  0.86614197
vn -0.25984299  0.00000000  0.96850401
vn -0.50393701  0.00000000  0.86614197
vn -0.25984299  0.96850401  0.00000000
vn -0.25984299  0.00000000  0.96850401
vn -0.25984299  0.00000000  0.96850401
vn -0.25984299  0.00000000  0.96850401
vn -0.25984299  0.00000000  0.96850401
vn -0.25984299  0.00000000  0.96850401
vn -0.25984299  0.00000000  0.96850401
vn -0.25984299  0.00000000  0.96850401
vn  0.00000000  0.00000000  1.00000000
vn -0.50393701  0.00000000  0.86614197
vn -0.49606299  0.00000000  0.86614197
vn -0.49606299  0.00000000  0.86614197
vn -0.50393701  0.00000000  0.86614197
vn -0.50393701  0.00000000  0.86614197
vn -0.50393701  0.00000000  0.86614197
vn  0.00000000  0.00000000  1.00000000
vn -0.49606299 -0.22047199  0.83464599
vn -0.50393701  0.00000000  0.86614197
vn -0.50393701  0.00000000  0.86614197
vn -0.49606299  0.86614197  0.00000000
vn -0.49606299  0.86614197  0.00000000
vn -0.50393701  0.86614197  0.00000000
vn -0.49606299  0.83464599 -0.22047199
vn -0.49606299  0.86614197  0.00000000
vn -0.25984299  0.83464599 -0.48031500
vn -0.50393701  0.74803102 -0.43307099
vn -0.25984299  0.82677197 -0.50393701
vn -0.50393701  0.74803102 -0.43307099
vn  0.00000000  0.00000000  1.00000000
vn  0.00000000  0.00000000  1.00000000
vn  1.00000000  0.00000000  0.00000000
vn  0.00000000  0.00000000  1.00000000
vn  0.00000000  0.00000000  1.00000000
vn  0.00000000  0.00000000  1.00000000
vn  0.00000000  0.00000000  1.00000000
vn  0.00000000  0.00000000  1.00000000
vn  0.70866102 -0.70866102  0.00000000
vn  0.86614197 -0.49606299  0.00000000
vn  0.70866102 -0.70866102  0.00000000
vn  0.00000000  0.00000000  1.00000000
vn  0.00000000  0.00000000  1.00000000
vn  0.00000000  0.00000000  1.00000000
vn  0.00000000  0.00000000  1.00000000
vn  0.96850401 -0.25984299  0.00000000
vn  0.86614197 -0.49606299  0.00000000
vn  1.00000000  0.00000000  0.00000000
vn  1.00000000  0.00000000  0.00000000
vn  0.96850401 -0.25984299  0.00000000
vn  0.96850401 -0.25984299  0.00000000
vn  0.00000000  0.00000000  1.00000000
vn  0.70866102  0.00000000  0.70866102
vn  0.65354300 -0.37795299  0.65354300
vn  0.49606299 -0.43307099  0.74803102
vn  0.50393701 -0.50393701  0.70078701
vn  0.65354300 -0.37795299  0.65354300
vn  0.57480299 -0.57480299  0.57480299
vn  0.69291300 -0.18897600  0.69291300
vn  0.65354300 -0.37795299  0.65354300
vn  0.83464599 -0.22047199  0.50393701
vn  0.69291300 -0.18897600  0.69291300
vn  0.69291300 -0.18897600  0.69291300
vn  0.69291300 -0.18897600  0.69291300
vn  0.70866102  0.00000000  0.70866102
vn  0.49606299 -0.22047199  0.83464599
vn  0.65354300 -0.37795299  0.65354300
vn  0.74803102 -0.43307099  0.50393701
vn  0.67716497 -0.53543299  0.50393701
vn  0.74803102 -0.43307099  0.49606299
vn  0.83464599 -0.22047199  0.49606299
vn  0.25984299  0.00000000  0.96850401
vn  0.25984299 -0.25196901  0.92913401
vn  0.49606299 -0.43307099  0.74803102
vn  0.49606299 -0.61417300  0.61417300
vn  0.25984299 -0.48031500  0.83464599
vn  0.25984299 -0.68503898  0.68503898
vn  0.25984299 -0.48031500  0.83464599
vn  0.00000000 -0.49606299  0.86614197
vn  0.00000000 -0.49606299  0.86614197
vn  0.00000000 -0.49606299  0.86614197
vn  0.00000000 -0.70866102  0.70866102
vn  0.25984299 -0.68503898  0.68503898
vn  0.00000000 -0.70866102  0.70866102
vn  0.00000000 -0.25984299  0.96850401
vn  0.25984299 -0.25196901  0.92913401
vn  0.00000000  0.00000000  1.00000000
vn  0.00000000  0.00000000  1.00000000
vn  0.00000000 -0.25984299  0.96850401
vn  0.00000000 -0.50393701  0.86614197
vn  0.00000000 -0.70866102  0.70866102
vn  0.00000000 -0.25984299  0.96850401
vn  0.00000000 -0.25984299  0.96850401
vn  0.00000000 -0.25984299  0.96850401
vn  0.00000000 -0.25984299  0.96850401
vn  0.00000000 -0.49606299  0.86614197
vn  0.00000000 -0.25984299  0.96850401
vn  0.00000000 -0.49606299  0.86614197
vn  0.00000000  0.00000000  1.00000000
vn  0.83464599 -0.48031500  0.25984299
vn  0.83464599 -0.48031500  0.25984299
vn  0.92913401 -0.25196901  0.25984299
vn  0.92913401 -0.25196901  0.25984299
vn  0.96850401 -0.25984299  0.00000000
vn  0.96850401 -0.25984299  0.00000000
vn  0.86614197 -0.49606299  0.00000000
vn  0.96850401 -0.25984299  0.00000000
vn  0.86614197 -0.49606299  0.00000000
vn  0.86614197 -0.50393701  0.00000000
vn  0.86614197 -0.49606299  0.00000000
vn  0.86614197 -0.49606299  0.00000000
vn  0.96850401 -0.25984299  0.00000000
vn  0.70866102 -0.70866102  0.00000000
vn  0.70866102 -0.70866102  0.00000000
vn  0.86614197 -0.49606299  0.00000000
vn  0.86614197 -0.49606299  0.00000000
vn  0.96850401 -0.25984299  0.00000000
vn  0.92913401 -0.25196901 -0.25984299
vn  0.96850401 -0.25984299  0.00000000
vn  0.86614197 -0.49606299  0.00000000
vn -1.00000000  0.00000000  0.00000000
vn -1.00000000  0.00000000  0.00000000
vn  0.00000000 -0.49606299  0.86614197
vn  0.00000000 -0.49606299  0.86614197
vn  0.00000000 -0.50393701  0.86614197
vn  0.00000000 -0.49606299  0.86614197
vn  0.00000000 -0.49606299  0.86614197
vn  0.00000000 -0.70866102  0.70866102
vn -1.00000000  0.00000000  0.00000000
vn -1.00000000  0.00000000  0.00000000
vn -1.00000000  0.00000000  0.00000000
vn  0.00000000 -0.25984299  0.96850401
vn  0.00000000  0.00000000  1.00000000
vn  0.83464599 -0.48031500 -0.25984299
vn  0.83464599 -0.48031500 -0.25984299
vn  0.67716497 -0.53543299 -0.50393701
vn  0.74803102 -0.43307099 -0.50393701
vn  0.83464599 -0.22047199 -0.50393701
vn  0.00000000 -0.50393701  0.86614197
vn -0.25984299 -0.48031500  0.83464599
vn -0.25984299 -0.50393701  0.82677197
vn -0.49606299 -0.43307099  0.74803102
vn -0.25984299 -0.68503898  0.68503898
vn -0.25984299 -0.48031500  0.83464599
vn -0.49606299 -0.43307099  0.74803102
vn -0.25984299 -0.25196901  0.92913401
vn -0.49606299 -0.22047199  0.83464599
vn -0.50393701 -0.61417300  0.61417300
vn -0.65354300 -0.37795299  0.65354300
vn -0.25984299 -0.25196901  0.92913401
vn -0.69291300 -0.18897600  0.69291300
vn -0.69291300 -0.18897600  0.69291300
vn  1.00000000  0.00000000  0.00000000
vn  1.00000000  0.00000000  0.00000000
vn  1.00000000  0.00000000  0.00000000
vn  0.00000000  0.00000000 -1.00000000
vn  0.00000000  0.00000000 -1.00000000
vn  0.00000000  0.00000000 -1.00000000
vn  0.00000000  0.00000000 -1.00000000
vn  0.00000000  0.00000000 -1.00000000
vn  0.00000000  1.00000000  0.00000000
vn  0.00000000  1.00000000  0.00000000
vn  0.00000000  1.00000000  0.00000000
vn  0.00000000  0.00000000 -1.00000000
vn  0.00000000  0.00000000 -1.00000000
vn  0.00000000  0.00000000 -1.00000000
vn  0.00000000  0.00000000 -1.00000000
vn  0.00000000  0.00000000 -1.00000000
vn  0.00000000  0.00000000 -1.00000000
vn  1.00000000  0.00000000  0.00000000
vn  0.00000000  0.00000000 -1.00000000
vn  0.00000000  0.00000000 -1.00000000
vn  0.00000000  1.00000000  0.00000000
vn  0.00000000  1.00000000  0.00000000
vn  0.00000000  0.00000000 -1.00000000
vn  0.00000000  0.00000000 -1.00000000
vn  0.00000000  0.00000000 -1.00000000
vn  0.00000000  0.00000000 -1.00000000
vn  0.00000000  0.00000000 -1.00000000
vn  1.00000000  0.00000000  0.00000000
vn  1.00000000  0.00000000  0.00000000
vn  1.00000000  0.00000000  0.00000000
vn  0.00000000  1.00000000  0.00000000
vn  1.00000000  0.00000000  0.00000000
vn  1.00000000  0.00000000  0.00000000
vn  0.00000000  0.00000000 -1.00000000
vn  0.00000000  0.00000000 -1.00000000
vn  0.00000000  0.00000000 -1.00000000
vn  0.00000000  0.00000000 -1.00000000
vn  0.25984299  0.00000000 -0.96850401
vn  0.00000000  1.00000000  0.00000000
vn  0.00000000  1.00000000  0.00000000
vn  0.00000000  1.00000000  0.00000000
vn  0.00000000  0.00000000 -1.00000000
vn  0.00000000  1.00000000  0.00000000
vn  0.00000000  0.00000000 -1.00000000
vn  0.00000000  0.00000000 -1.00000000
vn  0.00000000  0.00000000 -1.00000000
vn  0.00000000  0.70866102 -0.70866102
vn  0.00000000  0.50393701 -0.86614197
vn  0.00000000  0.49606299 -0.86614197
vn  1.00000000  0.00000000  0.00000000
vn  1.00000000  0.00000000  0.00000000
vn  0.00000000  0.50393701 -0.86614197
vn  0.00000000  0.70866102 -0.70866102
vn  0.00000000  0.49606299 -0.86614197
vn  1.00000000  0.00000000  0.00000000
vn  1.00000000  0.00000000  0.00000000
vn  0.67716497  0.53543299 -0.50393701
vn  0.64566898  0.66141701 -0.37795299
vn  0.74803102  0.43307099 -0.50393701
vn  0.67716497  0.53543299 -0.50393701
vn  0.57480299  0.57480299 -0.57480299
vn  0.57480299  0.57480299 -0.57480299
vn  0.00000000  0.86614197 -0.50393701
vn  0.00000000  0.70866102 -0.70866102
vn  0.49606299  0.61417300 -0.61417300
vn  0.49606299  0.61417300 -0.61417300
vn  0.25984299  0.68503898 -0.68503898
vn  0.49606299  0.61417300 -0.61417300
vn  0.25984299  0.83464599 -0.48031500
vn  0.25984299  0.68503898 -0.68503898
vn  0.25984299  0.68503898 -0.68503898
vn  0.25984299  0.68503898 -0.68503898
vn  0.00000000  0.70866102 -0.70866102
vn  0.00000000  0.70866102 -0.70866102
vn  0.00000000  0.49606299 -0.86614197
vn  0.00000000  0.70866102 -0.70866102
vn  0.25984299  0.48031500 -0.83464599
vn  0.00000000  0.70866102 -0.70866102
vn  0.00000000  0.70866102 -0.70866102
vn  0.00000000  0.49606299 -0.86614197
vn  1.00000000  0.00000000  0.00000000
vn  1.00000000  0.00000000  0.00000000
vn  1.00000000  0.00000000  0.00000000
vn  0.00000000  0.25984299 -0.96850401
vn  1.00000000  0.00000000  0.00000000
vn  1.00000000  0.00000000  0.00000000
vn  0.65354300  0.37795299 -0.65354300
vn  0.57480299  0.57480299 -0.57480299
vn  0.65354300  0.37795299 -0.65354300
vn  0.50393701  0.43307099 -0.74803102
vn  0.65354300  0.37795299 -0.65354300
vn  0.69291300  0.18897600 -0.69291300
vn  0.65354300  0.37795299 -0.65354300
vn  0.69291300  0.18897600 -0.69291300
vn  0.49606299  0.43307099 -0.74803102
vn  0.69291300  0.18897600 -0.69291300
vn  0.69291300  0.18897600 -0.69291300
vn  0.49606299  0.00000000 -0.86614197
vn  0.70866102  0.00000000 -0.70866102
vn  0.83464599  0.22047199 -0.50393701
vn  0.70866102  0.00000000 -0.70866102
vn  0.50393701  0.00000000 -0.86614197
vn  0.49606299  0.22047199 -0.83464599
vn  0.25984299  0.48031500 -0.83464599
vn  0.49606299  0.22047199 -0.83464599
vn  0.25984299  0.25196901 -0.92913401
vn  0.25984299  0.00000000 -0.96850401
vn  0.25984299  0.25196901 -0.92913401
vn  0.00000000  0.25984299 -0.96850401
vn  0.00000000  0.25984299 -0.96850401
vn  0.49606299  0.00000000 -0.86614197
vn  0.00000000  0.00000000 -1.00000000
vn  0.00000000  0.49606299 -0.86614197
vn  0.00000000  0.49606299 -0.86614197
vn  0.00000000  0.25984299 -0.96850401
vn  0.00000000  0.25984299 -0.96850401
vn  0.00000000  0.00000000 -1.00000000
vn  0.00000000  0.25984299 -0.96850401
vn  0.00000000  1.00000000  0.00000000
vn  0.00000000  1.00000000  0.00000000
vn  0.00000000  1.00000000  0.00000000
vn  0.70866102  0.00000000 -0.70866102
vn  0.70866102  0.00000000 -0.70866102
vn  0.70866102  0.00000000 -0.70866102
vn  0.70866102  0.00000000 -0.70866102
vn  0.70866102  0.00000000 -0.70866102
vn  0.70866102  0.00000000 -0.70866102
vn  0.70866102  0.00000000 -0.70866102
vn  0.00000000  1.00000000  0.00000000
vn  0.00000000  1.00000000  0.00000000
vn  0.00000000  1.00000000  0.00000000
vn  0.70866102  0.00000000 -0.70866102
vn  0.70866102  0.00000000 -0.70866102
vn  0.00000000  1.00000000  0.00000000
vn  0.49606299  0.00000000 -0.86614197
vn  0.50393701  0.00000000 -0.86614197
vn  0.50393701  0.00000000 -0.86614197
vn  0.00000000  1.00000000  0.00000000
vn  0.25984299  0.00000000 -0.96850401
vn  0.25984299  0.00000000 -0.96850401
vn  0.00000000  1.00000000  0.00000000
vn  0.25984299  0.00000000 -0.96850401
vn  0.25984299  0.00000000 -0.96850401
vn  0.00000000  1.00000000  0.00000000
vn  0.25984299  0.00000000 -0.96850401
vn  0.00000000  1.00000000  0.00000000
vn  0.00000000  0.00000000 -1.00000000
vn  0.49606299  0.00000000 -0.86614197
vn  0.00000000  1.00000000  0.00000000
vn  0.00000000  1.00000000  0.00000000
vn  0.00000000  0.00000000 -1.00000000
vn  0.00000000  0.00000000 -1.00000000
vn  0.00000000  1.00000000  0.00000000
vn  0.00000000  0.00000000 -1.00000000
vn  0.00000000  0.00000000 -1.00000000
vn  0.00000000  0.00000000 -1.00000000
vn -1.00000000  0.00000000  0.00000000
vn -1.00000000  0.00000000  0.00000000
vn -1.00000000  0.00000000  0.00000000
vn  0.00000000  1.00000000  0.00000000
vn  0.00000000  1.00000000  0.00000000
vn  0.00000000  1.00000000  0.00000000
vn  0.00000000  0.00000000 -1.00000000
vn  0.00000000  0.00000000 -1.00000000
vn  0.00000000  0.00000000 -1.00000000
vn  0.00000000  0.00000000 -1.00000000
vn  0.00000000  0.00000000 -1.00000000
vn  0.00000000  0.00000000 -1.00000000
vn  0.00000000  0.70866102 -0.70866102
vn  0.00000000  0.70866102 -0.70866102
vn  0.00000000  0.70866102 -0.70866102
vn  0.00000000  0.70866102 -0.70866102
vn  0.00000000  0.49606299 -0.86614197
vn  0.00000000  0.49606299 -0.86614197
vn  0.00000000  0.70866102 -0.70866102
vn  0.00000000  0.70866102 -0.70866102
vn  0.00000000  0.49606299 -0.86614197
vn  0.00000000  0.25984299 -0.96850401
vn  0.00000000  0.50393701 -0.86614197
vn  0.00000000  0.49606299 -0.86614197
vn  0.00000000  0.49606299 -0.86614197
vn  0.00000000  0.49606299 -0.86614197
vn  0.00000000  0.49606299 -0.86614197
vn  0.00000000  0.25984299 -0.96850401
vn  0.00000000  0.25984299 -0.96850401
vn  0.00000000  0.25984299 -0.96850401
vn  0.00000000  0.25984299 -0.96850401
vn  0.00000000  0.25984299 -0.96850401
vn  0.00000000  0.00000000 -1.00000000
vn  0.00000000  0.00000000 -1.00000000
vn -0.25984299  0.48031500 -0.83464599
vn  0.00000000  0.00000000 -1.00000000
vn  0.00000000  0.00000000 -1.00000000
vn  0.00000000  0.00000000 -1.00000000
vn  0.00000000  0.00000000 -1.00000000
vn  0.00000000  1.00000000  0.00000000
vn  0.00000000  1.00000000  0.00000000
vn  0.00000000  1.00000000  0.00000000
vn -1.00000000  0.00000000  0.00000000
vn -1.00000000  0.00000000  0.00000000
vn  0.00000000  0.00000000 -1.00000000
vn  0.00000000  0.00000000 -1.00000000
vn -1.00000000  0.00000000  0.00000000
vn -1.00000000  0.00000000  0.00000000
vn  0.00000000  1.00000000  0.00000000
vn  0.00000000  0.00000000 -1.00000000
vn  0.00000000  0.00000000 -1.00000000
vn  0.00000000  1.00000000  0.00000000
vn  0.00000000  0.00000000 -1.00000000
vn -1.00000000  0.00000000  0.00000000
vn -0.25984299  0.00000000 -0.96850401
vn  0.00000000  0.00000000 -1.00000000
vn  0.00000000  0.00000000 -1.00000000
vn  0.00000000  0.00000000 -1.00000000
vn  0.00000000  0.00000000 -1.00000000
vn  0.00000000  0.00000000 -1.00000000
vn  0.00000000  0.00000000 -1.00000000
vn  1.00000000  0.00000000  0.00000000
vn  1.00000000  0.00000000  0.00000000
vn  1.00000000  0.00000000  0.00000000
vn  0.00000000  0.00000000 -1.00000000
vn  0.00000000  0.00000000 -1.00000000
vn  0.00000000  0.00000000 -1.00000000
vn  1.00000000  0.00000000  0.00000000
vn  1.00000000  0.00000000  0.00000000
vn  1.00000000  0.00000000  0.00000000
vn  0.70866102  0.00000000 -0.70866102
vn  0.70866102  0.00000000 -0.70866102
vn  0.70866102  0.00000000 -0.70866102
vn  0.50393701  0.00000000 -0.86614197
vn  0.70866102  0.00000000 -0.70866102
vn  0.50393701  0.00000000 -0.86614197
vn  0.49606299  0.00000000 -0.86614197
vn  0.50393701  0.00000000 -0.86614197
vn  0.49606299  0.00000000 -0.86614197
vn  0.49606299  0.00000000 -0.86614197
vn  0.00000000 -1.00000000  0.00000000
vn  0.00000000 -1.00000000  0.00000000
vn  0.00000000 -1.00000000  0.00000000
vn  0.70866102  0.00000000 -0.70866102
vn  0.70866102  0.00000000 -0.70866102
vn  0.49606299  0.00000000 -0.86614197
vn  0.49606299  0.00000000 -0.86614197
vn  0.49606299  0.00000000 -0.86614197
vn  0.70866102  0.00000000 -0.70866102
vn  0.70866102  0.00000000 -0.70866102
vn  0.70866102  0.00000000 -0.70866102
vn  0.70866102  0.00000000 -0.70866102
vn  0.00000000 -1.00000000  0.00000000
vn  0.49606299  0.00000000 -0.86614197
vn  0.49606299  0.00000000 -0.86614197
vn  0.25984299  0.00000000 -0.96850401
vn  0.49606299  0.00000000 -0.86614197
vn  0.49606299  0.00000000 -0.86614197
vn  0.49606299  0.00000000 -0.86614197
vn  0.25984299  0.00000000 -0.96850401
vn  0.25984299  0.00000000 -0.96850401
vn  0.25984299  0.00000000 -0.96850401
vn  0.25984299  0.00000000 -0.96850401
vn  0.00000000  0.00000000 -1.00000000
vn  0.00000000  0.00000000 -1.00000000
vn  0.00000000  0.00000000 -1.00000000
vn  0.00000000  0.00000000 -1.00000000
vn  0.00000000  0.00000000 -1.00000000
vn  0.50393701  0.00000000 -0.86614197
vn  0.50393701  0.00000000 -0.86614197
vn  0.50393701 -0.22047199 -0.83464599
vn  0.25984299 -0.25196901 -0.92913401
vn  0.25984299 -0.25196901 -0.92913401
vn  0.00000000 -1.00000000  0.00000000
vn  0.00000000 -1.00000000  0.00000000
vn  0.00000000 -1.00000000  0.00000000
vn  0.00000000  0.00000000 -1.00000000
vn  0.25984299  0.00000000 -0.96850401
vn  0.00000000  0.00000000 -1.00000000
vn  0.25984299  0.00000000 -0.96850401
vn  0.25984299  0.00000000 -0.96850401
vn  0.25984299  0.00000000 -0.96850401
vn  0.25984299  0.00000000 -0.96850401
vn  0.25984299  0.00000000 -0.96850401
vn  0.25984299  0.00000000 -0.96850401
vn  0.00000000  0.00000000 -1.00000000
vn  0.00000000 -1.00000000  0.00000000
vn  0.00000000 -1.00000000  0.00000000
vn  0.00000000  0.00000000 -1.00000000
vn  0.00000000  0.00000000 -1.00000000
vn  0.00000000  0.00000000 -1.00000000
vn  0.00000000  0.00000000 -1.00000000
vn  0.00000000  0.00000000 -1.00000000
vn  0.00000000 -1.00000000  0.00000000
vn  0.00000000  0.00000000 -1.00000000
vn  0.00000000  0.00000000 -1.00000000
vn -0.25984299  0.00000000 -0.96850401
vn  0.00000000  0.00000000 -1.00000000
vn  0.00000000  0.00000000 -1.00000000
vn  0.00000000  0.00000000 -1.00000000
vn  0.00000000  0.00000000 -1.00000000
vn  0.00000000  0.00000000 -1.00000000
vn  0.00000000  0.00000000 -1.00000000
vn  0.00000000  0.00000000 -1.00000000
vn  0.00000000  0.00000000 -1.00000000
vn  0.00000000  0.00000000 -1.00000000
vn  0.00000000  0.00000000 -1.00000000
vn  0.00000000  0.00000000 -1.00000000
vn  0.00000000 -1.00000000  0.00000000
vn  0.00000000 -1.00000000  0.00000000
vn  0.00000000 -1.00000000  0.00000000
vn  0.00000000  0.00000000 -1.00000000
vn  0.00000000  0.00000000 -1.00000000
vn  0.00000000  0.00000000 -1.00000000
vn  0.00000000  0.00000000 -1.00000000
vn -1.00000000  0.00000000  0.00000000
vn  0.00000000 -1.00000000  0.00000000
vn  0.00000000  0.00000000 -1.00000000
vn  0.00000000  0.70866102 -0.70866102
vn  0.00000000  0.70866102 -0.70866102
vn -0.25984299  0.68503898 -0.68503898
vn -0.25984299  0.68503898 -0.68503898
vn -0.25984299  0.68503898 -0.68503898
vn -0.25984299  0.48031500 -0.83464599
vn -0.25984299  0.68503898 -0.68503898
vn -0.50393701  0.61417300 -0.61417300
vn -0.50393701  0.61417300 -0.61417300
vn -0.50393701  0.61417300 -0.61417300
vn -0.49606299  0.43307099 -0.74803102
vn -0.25984299  0.25196901 -0.92913401
vn -0.49606299  0.43307099 -0.74803102
vn -0.49606299  0.61417300 -0.61417300
vn -0.25984299  0.25196901 -0.92913401
vn -0.50393701  0.22047199 -0.83464599
vn -0.25984299  0.00000000 -0.96850401
vn -0.49606299  0.22047199 -0.83464599
vn -0.49606299  0.00000000 -0.86614197
vn -0.50393701  0.43307099 -0.74803102
vn  0.00000000  1.00000000  0.00000000
vn -0.25984299  0.00000000 -0.96850401
vn  0.00000000  1.00000000  0.00000000
vn  0.00000000  1.00000000  0.00000000
vn -0.50393701  0.00000000 -0.86614197
vn  0.00000000  1.00000000  0.00000000
vn  0.00000000  1.00000000  0.00000000
vn -0.50393701  0.00000000 -0.86614197
vn -0.49606299  0.00000000 -0.86614197
vn -0.50393701  0.00000000 -0.86614197
vn -0.49606299  0.00000000 -0.86614197
vn  0.00000000  0.00000000 -1.00000000
vn -0.50393701  0.00000000 -0.86614197
vn -0.25984299  0.00000000 -0.96850401
vn -0.25984299  0.00000000 -0.96850401
vn -0.25984299  0.00000000 -0.96850401
vn -0.25984299  0.00000000 -0.96850401
vn -0.25984299  0.00000000 -0.96850401
vn -0.25984299  0.00000000 -0.96850401
vn -0.49606299  0.00000000 -0.86614197
vn -0.49606299  0.00000000 -0.86614197
vn -0.49606299  0.00000000 -0.86614197
vn -0.49606299  0.00000000 -0.86614197
vn -0.49606299 -0.22047199 -0.83464599
vn -0.49606299  0.00000000 -0.86614197
vn -0.49606299  0.00000000 -0.86614197
vn -0.50393701  0.00000000 -0.86614197
vn -0.50393701  0.00000000 -0.86614197
vn  0.00000000 -0.25984299 -0.96850401
vn  1.00000000  0.00000000  0.00000000
vn  1.00000000  0.00000000  0.00000000
vn  1.00000000  0.00000000  0.00000000
vn  1.00000000  0.00000000  0.00000000
vn  1.00000000  0.00000000  0.00000000
vn  0.00000000 -0.70866102 -0.70866102
vn  0.00000000 -0.49606299 -0.86614197
vn  0.00000000 -0.70866102 -0.70866102
vn  0.50393701 -0.22047199 -0.83464599
vn  0.70866102  0.00000000 -0.70866102
vn  0.69291300 -0.18897600 -0.69291300
vn  0.69291300 -0.18897600 -0.69291300
vn  0.69291300 -0.18897600 -0.69291300
vn  0.65354300 -0.37795299 -0.65354300
vn  0.69291300 -0.18897600 -0.69291300
vn  0.65354300 -0.37795299 -0.65354300
vn  0.50393701 -0.43307099 -0.74803102
vn  0.65354300 -0.37795299 -0.65354300
vn  0.57480299 -0.57480299 -0.57480299
vn  0.65354300 -0.37795299 -0.65354300
vn  0.50393701 -0.43307099 -0.74803102
vn  0.57480299 -0.57480299 -0.57480299
vn  0.25984299 -0.48031500 -0.83464599
vn  0.50393701 -0.61417300 -0.61417300
vn  0.25984299 -0.68503898 -0.68503898
vn  0.74803102 -0.43307099 -0.50393701
vn  0.83464599 -0.22047199 -0.50393701
vn  0.25984299 -0.48031500 -0.83464599
vn  0.00000000 -0.25984299 -0.96850401
vn  0.00000000  0.00000000 -1.00000000
vn  0.00000000  0.00000000 -1.00000000
vn  0.00000000 -0.25984299 -0.96850401
vn  0.00000000  0.00000000 -1.00000000
vn  0.00000000  0.00000000 -1.00000000
vn  0.00000000  0.00000000 -1.00000000
vn  0.00000000  0.00000000 -1.00000000
vn  0.00000000 -0.25984299 -0.96850401
vn  0.00000000 -0.25984299 -0.96850401
vn  0.00000000 -0.25984299 -0.96850401
vn  0.00000000 -0.25984299 -0.96850401
vn -0.25984299 -0.25196901 -0.92913401
vn  0.00000000 -0.25984299 -0.96850401
vn  0.00000000 -0.50393701 -0.86614197
vn  0.00000000 -0.50393701 -0.86614197
vn  0.00000000 -0.50393701 -0.86614197
vn -1.00000000  0.00000000  0.00000000
vn -1.00000000  0.00000000  0.00000000
vn -1.00000000  0.00000000  0.00000000
vn  0.00000000 -0.25984299 -0.96850401
vn  0.00000000 -0.49606299 -0.86614197
vn  0.00000000 -0.25984299 -0.96850401
vn -0.25984299 -0.25196901 -0.92913401
vn -0.25984299 -0.48031500 -0.83464599
vn -0.25984299 -0.48031500 -0.83464599
vn -0.50393701 -0.22047199 -0.83464599
vn  0.00000000 -0.50393701 -0.86614197
vn  0.00000000 -0.50393701 -0.86614197
vn -0.49606299 -0.43307099 -0.74803102
vn -0.50393701 -0.43307099 -0.74803102
vn -0.49606299 -0.61417300 -0.61417300
vn -0.57480299 -0.57480299 -0.57480299
vn -0.49606299 -0.61417300 -0.61417300
vn  0.00000000  0.00000000 -1.00000000
vn  0.00000000  0.00000000 -1.00000000
vn  0.00000000  0.00000000 -1.00000000
vn -1.00000000  0.00000000  0.00000000
vn -1.00000000  0.00000000  0.00000000
vn -1.00000000  0.00000000  0.00000000
vn -1.00000000  0.00000000  0.00000000
vn  0.00000000  0.00000000 -1.00000000
vn -0.70866102  0.70866102  0.00000000
vn -0.70866102  0.70866102  0.00000000
vn -0.70866102  0.70866102  0.00000000
vn -0.70866102  0.70866102  0.00000000
vn -0.86614197  0.50393701  0.00000000
vn  0.00000000  0.00000000 -1.00000000
vn  0.00000000  0.00000000 -1.00000000
vn  0.00000000  0.00000000 -1.00000000
vn  0.00000000  0.00000000 -1.00000000
vn -0.86614197  0.50393701  0.00000000
vn -0.86614197  0.50393701  0.00000000
vn  0.00000000  0.00000000 -1.00000000
vn -0.86614197  0.50393701  0.00000000
vn -0.86614197  0.49606299  0.00000000
vn -0.70866102  0.70866102  0.00000000
vn -0.86614197  0.50393701  0.00000000
vn  0.00000000  0.00000000 -1.00000000
vn -0.96850401  0.25984299  0.00000000
vn -0.96850401  0.25984299  0.00000000
vn -0.96850401  0.25984299  0.00000000
vn -0.96850401  0.25984299  0.00000000
vn  0.00000000  0.00000000 -1.00000000
vn -1.00000000  0.00000000  0.00000000
vn -1.00000000  0.00000000  0.00000000
vn  0.00000000  0.00000000 -1.00000000
vn  0.00000000  0.00000000 -1.00000000
vn -1.00000000  0.00000000  0.00000000
vn -1.00000000  0.00000000  0.00000000
vn -0.96850401  0.00000000 -0.25984299
vn -1.00000000  0.00000000  0.00000000
vn -1.00000000  0.00000000  0.00000000
vn -1.00000000  0.00000000  0.00000000
vn  0.00000000  0.00000000 -1.00000000
vn  0.00000000  0.00000000 -1.00000000
vn  0.00000000  0.00000000 -1.00000000
vn  0.00000000  0.00000000 -1.00000000
vn -1.00000000  0.00000000  0.00000000
vn -1.00000000  0.00000000  0.00000000
vn -1.00000000  0.00000000  0.00000000
vn  0.00000000  0.00000000 -1.00000000
vn -1.00000000  0.00000000  0.00000000
vn  0.00000000 -1.00000000  0.00000000
vn  0.00000000 -1.00000000  0.00000000
vn  0.00000000  0.00000000 -1.00000000
vn  0.00000000  0.00000000 -1.00000000
vn  0.00000000  0.00000000 -1.00000000
vn -1.00000000  0.00000000  0.00000000
vn -1.00000000  0.00000000  0.00000000
vn -1.00000000  0.00000000  0.00000000
vn  0.00000000  0.00000000 -1.00000000
vn -1.00000000  0.00000000  0.00000000
vn -1.00000000  0.00000000  0.00000000
vn -1.00000000  0.00000000  0.00000000
vn -1.00000000  0.00000000  0.00000000
vn -1.00000000  0.00000000  0.00000000
vn -1.00000000  0.00000000  0.00000000
vn -1.00000000  0.00000000  0.00000000
vn -1.00000000  0.00000000  0.00000000
vn -1.00000000  0.00000000  0.00000000
vn -1.00000000  0.00000000  0.00000000
vn -1.00000000  0.00000000  0.00000000
vn -1.00000000  0.00000000  0.00000000
vn -1.00000000  0.00000000  0.00000000
vn  0.00000000  0.00000000  1.00000000
vn  0.00000000  0.00000000  1.00000000
vn  0.00000000  0.00000000  1.00000000
vn -0.57480299  0.57480299  0.57480299
vn -0.57480299  0.57480299  0.57480299
vn -0.64566898  0.66141701  0.37795299
vn -0.57480299  0.57480299  0.57480299
vn -0.67716497  0.53543299  0.50393701
vn -0.74803102  0.43307099  0.50393701
vn -0.64566898  0.66141701  0.37795299
vn -0.83464599  0.48031500  0.25984299
vn -0.70866102  0.65354300  0.25984299
vn -0.70866102  0.65354300  0.25984299
vn -0.70866102  0.70866102  0.00000000
vn -0.86614197  0.50393701  0.00000000
vn -0.70866102  0.70866102  0.00000000
vn -0.86614197  0.50393701  0.00000000
vn -0.70866102  0.70866102  0.00000000
vn -0.70866102  0.70866102  0.00000000
vn -0.86614197  0.50393701  0.00000000
vn -0.70866102  0.70866102  0.00000000
vn -0.86614197  0.49606299  0.00000000
vn -0.86614197  0.49606299  0.00000000
vn -0.70866102  0.70866102  0.00000000
vn  0.00000000  1.00000000  0.00000000
vn  0.00000000  1.00000000  0.00000000
vn  0.00000000  1.00000000  0.00000000
vn -0.50393701  0.00000000  0.86614197
vn -0.69291300  0.18897600  0.69291300
vn -0.69291300  0.18897600  0.69291300
vn -0.69291300  0.18897600  0.69291300
vn -0.65354300  0.37795299  0.65354300
vn -0.69291300  0.18897600  0.69291300
vn -0.70866102  0.00000000  0.70866102
vn -0.86614197  0.00000000  0.50393701
vn -0.70866102  0.00000000  0.70866102
vn -0.70866102  0.00000000  0.70866102
vn -0.70866102  0.00000000  0.70866102
vn -0.70866102  0.00000000  0.70866102
vn -0.65354300  0.37795299  0.65354300
vn -0.83464599  0.22047199  0.50393701
vn -0.70866102  0.00000000  0.70866102
vn -0.74803102  0.43307099  0.49606299
vn -0.83464599  0.22047199  0.50393701
vn -0.96850401  0.00000000  0.25984299
vn -0.86614197  0.00000000  0.50393701
vn -0.86614197  0.00000000  0.50393701
vn -0.86614197  0.49606299  0.00000000
vn -0.67716497  0.70866102  0.18897600
vn -0.83464599  0.48031500  0.25984299
vn -0.92913401  0.25196901  0.25984299
vn -0.96850401  0.25984299  0.00000000
vn -0.96850401  0.25984299  0.00000000
vn -0.92913401  0.25196901  0.25984299
vn -0.96850401  0.25984299  0.00000000
vn -1.00000000  0.00000000  0.00000000
vn -1.00000000  0.00000000  0.00000000
vn -1.00000000  0.00000000  0.00000000
vn -0.96850401  0.00000000  0.25984299
vn -0.96850401  0.25984299  0.00000000
vn -0.96850401  0.25984299  0.00000000
vn -1.00000000  0.00000000  0.00000000
vn -1.00000000  0.00000000  0.00000000
vn -0.96850401  0.25984299  0.00000000
vn  0.00000000  1.00000000  0.00000000
vn  0.00000000  1.00000000  0.00000000
vn  0.00000000  0.00000000  1.00000000
vn -0.50393701  0.00000000  0.86614197
vn -0.50393701  0.00000000  0.86614197
vn -0.70866102  0.00000000  0.70866102
vn -0.50393701  0.00000000  0.86614197
vn  0.00000000  1.00000000  0.00000000
vn  0.00000000  1.00000000  0.00000000
vn  0.00000000  1.00000000  0.00000000
vn  0.00000000  1.00000000  0.00000000
vn  0.00000000  1.00000000  0.00000000
vn  0.00000000  1.00000000  0.00000000
vn  0.00000000  1.00000000  0.00000000
vn  0.00000000  1.00000000  0.00000000
vn -0.96850401  0.00000000  0.25984299
vn  0.00000000  1.00000000  0.00000000
vn  0.00000000  1.00000000  0.00000000
vn  0.00000000  1.00000000  0.00000000
vn -1.00000000  0.00000000  0.00000000
vn -1.00000000  0.00000000  0.00000000
vn  0.00000000  1.00000000  0.00000000
vn  0.00000000  1.00000000  0.00000000
vn  0.00000000  1.00000000  0.00000000
vn  0.00000000  1.00000000  0.00000000
vn  0.00000000  1.00000000  0.00000000
vn -1.00000000  0.00000000  0.00000000
vn -1.00000000  0.00000000  0.00000000
vn -1.00000000  0.00000000  0.00000000
vn -1.00000000  0.00000000  0.00000000
vn -1.00000000  0.00000000  0.00000000
vn -1.00000000  0.00000000  0.00000000
vn -1.00000000  0.00000000  0.00000000
vn -1.00000000  0.00000000  0.00000000
vn -1.00000000  0.00000000  0.00000000
vn -1.00000000  0.00000000  0.00000000
vn -1.00000000  0.00000000  0.00000000
vn -1.00000000  0.00000000  0.00000000
vn -1.00000000  0.00000000  0.00000000
vn -1.00000000  0.00000000  0.00000000
vn -1.00000000  0.00000000  0.00000000
vn  0.00000000  0.00000000 -1.00000000
vn  0.00000000  0.00000000 -1.00000000
vn  0.00000000  0.00000000 -1.00000000
vn -1.00000000  0.00000000  0.00000000
vn  0.00000000  0.00000000 -1.00000000
vn  0.00000000  0.00000000 -1.00000000
vn  0.00000000  0.00000000 -1.00000000
vn  0.00000000  0.00000000 -1.00000000
vn -1.00000000  0.00000000  0.00000000
vn  0.00000000  0.00000000 -1.00000000
vn -1.00000000  0.00000000  0.00000000
vn -1.00000000  0.00000000  0.00000000
vn -1.00000000  0.00000000  0.00000000
vn  0.00000000  0.00000000 -1.00000000
vn -1.00000000  0.00000000  0.00000000
vn -0.96850401  0.00000000 -0.25984299
vn -0.86614197  0.50393701  0.00000000
vn -0.70866102  0.70866102  0.00000000
vn -0.96850401  0.25984299  0.00000000
vn -0.92913401  0.25196901 -0.25984299
vn -0.96850401  0.25984299  0.00000000
vn -0.96850401  0.25984299  0.00000000
vn -0.96850401  0.25984299  0.00000000
vn -0.96850401  0.25984299  0.00000000
vn -1.00000000  0.00000000  0.00000000
vn -1.00000000  0.00000000  0.00000000
vn  0.00000000  0.00000000 -1.00000000
vn  0.00000000  0.00000000 -1.00000000
vn  0.00000000  0.00000000 -1.00000000
vn  0.00000000  1.00000000  0.00000000
vn  0.00000000  1.00000000  0.00000000
vn  0.00000000  0.00000000 -1.00000000
vn -1.00000000  0.00000000  0.00000000
vn -1.00000000  0.00000000  0.00000000
vn -1.00000000  0.00000000  0.00000000
vn -1.00000000  0.00000000  0.00000000
vn -1.00000000  0.00000000  0.00000000
vn -1.00000000  0.00000000  0.00000000
vn -1.00000000  0.00000000  0.00000000
vn -0.96850401  0.00000000 -0.25984299
vn -1.00000000  0.00000000  0.00000000
vn -1.00000000  0.00000000  0.00000000
vn -1.00000000  0.00000000  0.00000000
vn -1.00000000  0.00000000  0.00000000
vn -1.00000000  0.00000000  0.00000000
vn -1.00000000  0.00000000  0.00000000
vn -1.00000000  0.00000000  0.00000000
vn  0.00000000  0.00000000 -1.00000000
vn -1.00000000  0.00000000  0.00000000
vn -1.00000000  0.00000000  0.00000000
vn -1.00000000  0.00000000  0.00000000
vn  0.00000000 -1.00000000  0.00000000
vn  0.00000000 -1.00000000  0.00000000
vn  0.00000000 -1.00000000  0.00000000
vn -0.96850401  0.00000000  0.25984299
vn  0.00000000 -1.00000000  0.00000000
vn  0.00000000 -1.00000000  0.00000000
vn  0.00000000 -1.00000000  0.00000000
vn  0.00000000 -1.00000000  0.00000000
vn  0.00000000 -1.00000000  0.00000000
vn  0.00000000  0.00000000  1.00000000
vn  0.00000000  0.00000000  1.00000000
vn  0.00000000  0.00000000  1.00000000
vn  0.00000000 -1.00000000  0.00000000
vn -0.50393701  0.00000000  0.86614197
vn -0.50393701  0.00000000  0.86614197
vn  0.00000000 -1.00000000  0.00000000
vn  0.00000000 -1.00000000  0.00000000
vn  0.00000000 -1.00000000  0.00000000
vn  0.00000000 -1.00000000  0.00000000
vn -0.70866102  0.00000000  0.70866102
vn -0.70866102  0.00000000  0.70866102
vn -0.70866102  0.00000000  0.70866102
vn -0.70866102  0.00000000  0.70866102
vn -0.86614197  0.00000000  0.50393701
vn -0.50393701  0.00000000  0.86614197
vn -0.49606299  0.00000000  0.86614197
vn -0.49606299  0.00000000  0.86614197
vn -0.50393701  0.00000000  0.86614197
vn  0.00000000 -1.00000000  0.00000000
vn  0.00000000 -1.00000000  0.00000000
vn -0.70866102  0.00000000  0.70866102
vn -0.50393701  0.00000000  0.86614197
vn  0.00000000 -1.00000000  0.00000000
vn  0.00000000 -1.00000000  0.00000000
vn -0.86614197  0.00000000  0.49606299
vn -0.86614197  0.00000000  0.50393701
vn -0.94488198  0.00000000  0.33858299
vn -0.86614197  0.00000000  0.50393701
vn  0.00000000 -1.00000000  0.00000000
vn  0.00000000 -1.00000000  0.00000000
vn  0.00000000 -1.00000000  0.00000000
vn  0.00000000 -1.00000000  0.00000000
vn -0.86614197  0.00000000  0.50393701
vn -0.86614197  0.00000000  0.50393701
vn -0.86614197  0.00000000  0.49606299
vn -0.86614197  0.00000000  0.49606299
vn -0.96850401  0.00000000  0.25984299
vn -1.00000000  0.00000000  0.00000000
vn -1.00000000  0.00000000  0.00000000
vn -1.00000000  0.00000000  0.00000000
vn -1.00000000  0.00000000  0.00000000
vn -1.00000000  0.00000000  0.00000000
vn -1.00000000  0.00000000  0.00000000
vn  0.00000000 -1.00000000  0.00000000
vn  0.00000000 -1.00000000  0.00000000
vn -1.00000000  0.00000000  0.00000000
vn -0.96850401  0.00000000  0.25984299
vn -0.96850401  0.00000000  0.25984299
vn -0.96850401  0.00000000  0.25984299
vn -0.96850401  0.00000000  0.25984299
vn -0.96850401  0.00000000  0.25984299
vn -0.86614197  0.00000000  0.49606299
vn -0.86614197  0.00000000  0.50393701
vn  0.00000000 -1.00000000  0.00000000
vn -0.86614197  0.00000000  0.49606299
vn -0.86614197  0.00000000  0.49606299
vn -0.96850401  0.00000000  0.25984299
vn -0.92913401 -0.25196901  0.25984299
vn -0.96850401  0.00000000  0.25984299
vn -0.86614197  0.00000000  0.49606299
vn -0.83464599 -0.22047199  0.49606299
vn -0.70866102  0.00000000  0.70866102
vn -0.69291300 -0.18897600  0.69291300
vn  0.00000000 -1.00000000  0.00000000
vn -1.00000000  0.00000000  0.00000000
vn -1.00000000  0.00000000  0.00000000
vn -1.00000000  0.00000000  0.00000000
vn -0.96850401 -0.25984299  0.00000000
vn  0.00000000 -1.00000000  0.00000000
vn -1.00000000  0.00000000  0.00000000
vn  0.00000000 -1.00000000  0.00000000
vn  0.00000000 -1.00000000  0.00000000
vn  0.00000000 -1.00000000  0.00000000
vn -1.00000000  0.00000000  0.00000000
vn -1.00000000  0.00000000  0.00000000
vn -1.00000000  0.00000000  0.00000000
vn  0.00000000 -1.00000000  0.00000000
vn -1.00000000  0.00000000  0.00000000
vn -1.00000000  0.00000000  0.00000000
vn  0.00000000  0.00000000 -1.00000000
vn  0.00000000  0.00000000 -1.00000000
vn -1.00000000  0.00000000  0.00000000
vn -1.00000000  0.00000000  0.00000000
vn -1.00000000  0.00000000  0.00000000
vn -1.00000000  0.00000000  0.00000000
vn  0.00000000  0.00000000 -1.00000000
vn  0.00000000  0.00000000 -1.00000000
vn  0.00000000  0.00000000 -1.00000000
vn  0.00000000  0.00000000 -1.00000000
vn  0.00000000  0.00000000 -1.00000000
vn  0.00000000  0.00000000 -1.00000000
vn  0.00000000  0.00000000 -1.00000000
vn -1.00000000  0.00000000  0.00000000
vn  0.00000000 -1.00000000  0.00000000
vn  0.00000000  0.00000000 -1.00000000
vn -1.00000000  0.00000000  0.00000000
vn -0.96850401  0.00000000 -0.25984299
vn  0.00000000  0.00000000 -1.00000000
vn -1.00000000  0.00000000  0.00000000
vn -1.00000000  0.00000000  0.00000000
vn -1.00000000  0.00000000  0.00000000
vn -1.00000000  0.00000000  0.00000000
vn -1.00000000  0.00000000  0.00000000
vn -1.00000000  0.00000000  0.00000000
vn  0.00000000 -1.00000000  0.00000000
vn  0.00000000 -1.00000000  0.00000000
vn  0.00000000  0.00000000 -1.00000000
vn  0.00000000  0.00000000 -1.00000000
vn -1.00000000  0.00000000  0.00000000
vn -1.00000000  0.00000000  0.00000000
vn  0.00000000 -1.00000000  0.00000000
vn  0.00000000 -1.00000000  0.00000000
vn -1.00000000  0.00000000  0.00000000
vn  0.00000000  1.00000000  0.00000000
vn  0.00000000  1.00000000  0.00000000
vn -0.67716497  0.70866102 -0.18897600
vn -0.70866102  0.70866102  0.00000000
vn -0.70866102  0.70866102  0.00000000
vn -0.70866102  0.70866102  0.00000000
vn -0.50393701  0.74803102 -0.43307099
vn -0.70866102  0.65354300 -0.25984299
vn -0.67716497  0.70866102 -0.18897600
vn -0.70866102  0.65354300 -0.25984299
vn -0.64566898  0.66141701 -0.37795299
vn -0.83464599  0.48031500 -0.25984299
vn -0.64566898  0.66141701 -0.37795299
vn -0.67716497  0.53543299 -0.50393701
vn -0.57480299  0.57480299 -0.57480299
vn -0.65354300  0.37795299 -0.65354300
vn -0.57480299  0.57480299 -0.57480299
vn -0.67716497  0.53543299 -0.50393701
vn -0.74803102  0.43307099 -0.49606299
vn -0.65354300  0.37795299 -0.65354300
vn -0.83464599  0.48031500 -0.25984299
vn -0.92913401  0.25196901 -0.25984299
vn -0.83464599  0.22047199 -0.50393701
vn -0.74803102  0.43307099 -0.50393701
vn  0.00000000  1.00000000  0.00000000
vn  0.00000000  1.00000000  0.00000000
vn  0.00000000  1.00000000  0.00000000
vn -0.86614197  0.00000000 -0.49606299
vn -0.96850401  0.00000000 -0.25984299
vn -0.83464599  0.22047199 -0.50393701
vn  0.00000000  1.00000000  0.00000000
vn  0.00000000  1.00000000  0.00000000
vn  0.00000000  1.00000000  0.00000000
vn  0.00000000  1.00000000  0.00000000
vn  0.00000000  1.00000000  0.00000000
vn -0.86614197  0.00000000 -0.50393701
vn -0.96850401  0.00000000 -0.25984299
vn -0.86614197  0.00000000 -0.50393701
vn -0.86614197  0.00000000 -0.50393701
vn  0.00000000  1.00000000  0.00000000
vn  0.00000000  1.00000000  0.00000000
vn -0.86614197  0.00000000 -0.49606299
vn -0.86614197  0.00000000 -0.50393701
vn -0.86614197  0.00000000 -0.50393701
vn -0.86614197  0.00000000 -0.49606299
vn -0.70866102  0.00000000 -0.70866102
vn -0.86614197  0.00000000 -0.49606299
vn -0.83464599 -0.22047199 -0.50393701
vn -0.96850401  0.00000000 -0.25984299
vn -0.83464599 -0.22047199 -0.49606299
vn -0.96850401  0.00000000 -0.25984299
vn -0.96850401  0.00000000 -0.25984299
vn -0.96850401  0.00000000 -0.25984299
vn -1.00000000  0.00000000  0.00000000
vn -1.00000000  0.00000000  0.00000000
vn -1.00000000  0.00000000  0.00000000
vn -1.00000000  0.00000000  0.00000000
vn -1.00000000  0.00000000  0.00000000
vn  0.00000000 -1.00000000  0.00000000
vn  0.00000000 -1.00000000  0.00000000
vn -1.00000000  0.00000000  0.00000000
vn  0.00000000  0.00000000 -1.00000000
vn  0.00000000  0.00000000 -1.00000000
vn -0.96850401 -0.25984299  0.00000000
vn -1.00000000  0.00000000  0.00000000
vn  0.00000000  0.00000000 -1.00000000
vn  0.00000000  0.00000000 -1.00000000
vn -0.65354300 -0.37795299  0.65354300
vn -0.65354300 -0.37795299  0.65354300
vn -0.65354300 -0.37795299  0.65354300
vn -0.50393701 -0.61417300  0.61417300
vn -0.69291300 -0.18897600  0.69291300
vn -0.83464599 -0.22047199  0.50393701
vn -0.74803102 -0.43307099  0.50393701
vn -0.74803102 -0.43307099  0.50393701
vn -0.83464599 -0.48031500  0.25984299
vn -0.67716497 -0.53543299  0.50393701
vn -0.83464599 -0.48031500  0.25984299
vn -0.57480299 -0.57480299  0.57480299
vn -0.96850401 -0.25984299  0.00000000
vn -0.96850401 -0.25984299  0.00000000
vn -0.92913401 -0.25196901  0.25984299
vn -0.86614197 -0.49606299  0.00000000
vn -0.86614197 -0.49606299  0.00000000
vn -0.86614197 -0.49606299  0.00000000
vn -0.70866102 -0.70866102  0.00000000
vn -0.70866102 -0.65354300  0.25984299
vn -0.64566898 -0.66141701  0.37795299
vn -0.67716497 -0.70866102  0.18897600
vn -1.00000000  0.00000000  0.00000000
vn -1.00000000  0.00000000  0.00000000
vn -0.96850401 -0.25984299  0.00000000
vn -0.96850401 -0.25984299  0.00000000
vn -0.96850401 -0.25984299  0.00000000
vn -0.96850401 -0.25984299  0.00000000
vn -0.86614197 -0.49606299  0.00000000
vn -0.86614197 -0.50393701  0.00000000
vn -0.92913401 -0.25196901 -0.25984299
vn -0.92913401 -0.25196901 -0.25984299
vn -0.74803102 -0.43307099 -0.49606299
vn -0.83464599 -0.48031500 -0.25984299
vn -0.96850401 -0.25984299  0.00000000
vn -0.69291300 -0.18897600 -0.69291300
vn -0.83464599 -0.48031500 -0.25984299
vn -0.74803102 -0.43307099 -0.50393701
vn -0.50393701  0.61417300 -0.61417300
vn -0.49606299  0.61417300 -0.61417300
vn -0.65354300  0.37795299 -0.65354300
vn -0.57480299  0.57480299 -0.57480299
vn -0.50393701  0.22047199 -0.83464599
vn -0.69291300  0.18897600 -0.69291300
vn -0.65354300  0.37795299 -0.65354300
vn -0.69291300  0.18897600 -0.69291300
vn -0.69291300  0.18897600 -0.69291300
vn -0.50393701  0.00000000 -0.86614197
vn -0.70866102  0.00000000 -0.70866102
vn -0.70866102  0.00000000 -0.70866102
vn -0.70866102  0.00000000 -0.70866102
vn -0.70866102  0.00000000 -0.70866102
vn -0.70866102  0.00000000 -0.70866102
vn -0.69291300  0.18897600 -0.69291300
vn -0.70866102  0.00000000 -0.70866102
vn -0.70866102  0.00000000 -0.70866102
vn -0.75590599  0.00000000 -0.65354300
vn  0.00000000  1.00000000  0.00000000
vn  0.00000000  1.00000000  0.00000000
vn  0.00000000  1.00000000  0.00000000
vn -0.70866102  0.00000000 -0.70866102
vn -0.70866102  0.00000000 -0.70866102
vn -0.86614197  0.00000000 -0.50393701
vn -0.86614197  0.00000000 -0.50393701
vn -0.86614197  0.00000000 -0.50393701
vn -0.50393701  0.00000000 -0.86614197
vn -0.70866102  0.00000000 -0.70866102
vn -0.70866102  0.00000000 -0.70866102
vn -0.70866102  0.00000000 -0.70866102
vn -0.70866102  0.00000000 -0.70866102
vn -0.70866102  0.00000000 -0.70866102
vn -0.70866102  0.00000000 -0.70866102
vn -0.70866102  0.00000000 -0.70866102
vn -0.70866102  0.00000000 -0.70866102
vn  0.00000000 -1.00000000  0.00000000
vn  0.00000000 -1.00000000  0.00000000
vn  0.00000000 -1.00000000  0.00000000
vn  0.00000000 -1.00000000  0.00000000
vn -0.49606299  0.00000000 -0.86614197
vn -0.70866102  0.00000000 -0.70866102
vn -0.70866102  0.00000000 -0.70866102
vn -0.70866102  0.00000000 -0.70866102
vn  0.00000000 -1.00000000  0.00000000
vn -0.69291300 -0.18897600 -0.69291300
vn -0.65354300 -0.37795299 -0.65354300
vn -0.69291300 -0.18897600 -0.69291300
vn -0.69291300 -0.18897600 -0.69291300
vn -0.65354300 -0.37795299 -0.65354300
vn -0.65354300 -0.37795299 -0.65354300
vn -0.65354300 -0.37795299 -0.65354300
vn -0.67716497 -0.53543299 -0.50393701
vn -0.57480299 -0.57480299 -0.57480299
vn  0.50393701 -0.86614197  0.00000000
vn  0.70866102 -0.70866102  0.00000000
vn  0.49606299 -0.86614197  0.00000000
vn  0.00000000  0.00000000 -1.00000000
vn  0.00000000  0.00000000 -1.00000000
vn  0.00000000  0.00000000 -1.00000000
vn  0.70866102 -0.70866102  0.00000000
vn  0.50393701 -0.86614197  0.00000000
vn  0.70866102 -0.70866102  0.00000000
vn  0.00000000  0.00000000 -1.00000000
vn  0.70866102 -0.70866102  0.00000000
vn  0.70866102 -0.70866102  0.00000000
vn  0.70866102 -0.70866102  0.00000000
vn  0.00000000  0.00000000 -1.00000000
vn  0.00000000  0.00000000 -1.00000000
vn  0.00000000  0.00000000 -1.00000000
vn  0.49606299 -0.86614197  0.00000000
vn  0.25984299 -0.96850401  0.00000000
vn  0.25984299 -0.96850401  0.00000000
vn  0.00000000  0.00000000 -1.00000000
vn  0.00000000  0.00000000 -1.00000000
vn  0.49606299 -0.86614197  0.00000000
vn  0.00000000 -1.00000000  0.00000000
vn  0.00000000 -1.00000000  0.00000000
vn  0.00000000  0.00000000 -1.00000000
vn  0.00000000  0.00000000 -1.00000000
vn  0.00000000 -1.00000000  0.00000000
vn  0.00000000 -1.00000000  0.00000000
vn  0.00000000 -1.00000000  0.00000000
vn  0.00000000  0.00000000 -1.00000000
vn  0.00000000  0.00000000 -1.00000000
vn  0.00000000 -1.00000000  0.00000000
vn  0.00000000 -1.00000000  0.00000000
vn  0.00000000 -1.00000000  0.00000000
vn  0.00000000  0.00000000 -1.00000000
vn  0.00000000  0.00000000 -1.00000000
vn  0.00000000 -1.00000000  0.00000000
vn  0.00000000 -1.00000000  0.00000000
vn  0.00000000 -1.00000000  0.00000000
vn  0.00000000 -1.00000000  0.00000000
vn  0.00000000 -1.00000000  0.00000000
vn  0.00000000 -1.00000000  0.00000000
vn  0.00000000  0.00000000 -1.00000000
vn  0.00000000  0.00000000 -1.00000000
vn  0.00000000  0.00000000 -1.00000000
vn  0.00000000 -1.00000000  0.00000000
vn  0.00000000 -1.00000000  0.00000000
vn  0.00000000 -1.00000000  0.00000000
vn  0.00000000  0.00000000 -1.00000000
vn  0.00000000 -1.00000000  0.00000000
vn  0.00000000 -1.00000000  0.00000000
vn  0.00000000  0.00000000 -1.00000000
vn  0.00000000 -1.00000000  0.00000000
vn  0.00000000 -1.00000000  0.00000000
vn  0.00000000 -1.00000000  0.00000000
vn  0.00000000 -1.00000000  0.00000000
vn  0.00000000 -1.00000000  0.00000000
vn  0.00000000  0.00000000 -1.00000000
vn  0.00000000 -1.00000000  0.00000000
vn  0.00000000 -1.00000000  0.00000000
vn  0.00000000 -1.00000000  0.00000000
vn  0.00000000  0.00000000  1.00000000
vn  0.00000000  0.00000000  1.00000000
vn  0.00000000  0.00000000  1.00000000
vn  0.49606299 -0.86614197  0.00000000
vn  0.49606299 -0.86614197  0.00000000
vn  0.50393701 -0.86614197  0.00000000
vn  0.86614197 -0.50393701  0.00000000
vn  0.70866102 -0.70866102  0.00000000
vn  0.00000000  0.00000000  1.00000000
vn  0.00000000  0.00000000  1.00000000
vn  0.00000000  0.00000000  1.00000000
vn  0.00000000  0.00000000  1.00000000
vn  0.00000000  0.00000000  1.00000000
vn  0.00000000  0.00000000  1.00000000
vn  0.00000000  0.00000000  1.00000000
vn  0.00000000  0.00000000  1.00000000
vn  0.00000000  0.00000000  1.00000000
vn  0.25984299 -0.96850401  0.00000000
vn  0.50393701 -0.86614197  0.00000000
vn  0.50393701 -0.83464599  0.22047199
vn  0.49606299 -0.86614197  0.00000000
vn  0.00000000 -1.00000000  0.00000000
vn  0.00000000 -1.00000000  0.00000000
vn  0.25984299 -0.92913401  0.25196901
vn  0.00000000  0.00000000  1.00000000
vn  0.00000000  0.00000000  1.00000000
vn  0.00000000 -1.00000000  0.00000000
vn  0.00000000 -1.00000000  0.00000000
vn  0.00000000 -1.00000000  0.00000000
vn  0.00000000  0.00000000  1.00000000
vn  0.00000000 -1.00000000  0.00000000
vn  0.00000000 -1.00000000  0.00000000
vn  0.00000000 -1.00000000  0.00000000
vn  0.00000000  0.00000000  1.00000000
vn  0.00000000  0.00000000  1.00000000
vn  0.00000000  0.00000000  1.00000000
vn  0.00000000  0.00000000  1.00000000
vn  0.00000000 -1.00000000  0.00000000
vn  0.00000000 -1.00000000  0.00000000
vn  0.00000000 -1.00000000  0.00000000
vn  0.64566898 -0.66141701  0.37795299
vn  0.64566898 -0.66141701  0.37795299
vn  0.67716497 -0.53543299  0.50393701
vn  0.50393701 -0.74803102  0.43307099
vn  0.57480299 -0.57480299  0.57480299
vn  0.57480299 -0.57480299  0.57480299
vn  0.50393701 -0.61417300  0.61417300
vn  0.50393701 -0.61417300  0.61417300
vn  0.49606299 -0.61417300  0.61417300
vn  0.25984299 -0.68503898  0.68503898
vn  0.25984299 -0.83464599  0.48031500
vn  0.25984299 -0.68503898  0.68503898
vn  0.00000000 -0.86614197  0.50393701
vn  0.00000000 -0.70866102  0.70866102
vn  0.00000000 -0.70866102  0.70866102
vn  0.00000000 -0.70866102  0.70866102
vn  0.00000000 -0.86614197  0.50393701
vn  0.00000000 -0.70866102  0.70866102
vn  0.00000000 -0.96850401  0.25984299
vn  0.00000000 -0.70866102  0.70866102
vn  0.00000000 -0.70866102  0.70866102
vn  0.00000000 -0.70866102  0.70866102
vn  0.00000000 -0.70866102  0.70866102
vn  0.00000000 -0.86614197  0.50393701
vn  0.00000000 -0.86614197  0.50393701
vn  0.00000000 -0.86614197  0.49606299
vn  0.00000000 -0.70866102  0.70866102
vn  0.00000000 -0.96850401  0.25984299
vn  1.00000000  0.00000000  0.00000000
vn  1.00000000  0.00000000  0.00000000
vn  1.00000000  0.00000000  0.00000000
vn  1.00000000  0.00000000  0.00000000
vn  0.67716497 -0.70866102  0.18897600
vn  0.70866102 -0.70866102  0.00000000
vn  0.67716497 -0.70866102  0.18897600
vn  0.50393701 -0.86614197  0.00000000
vn  0.50393701 -0.83464599  0.22047199
vn  0.70866102 -0.65354300  0.25984299
vn  0.50393701 -0.74803102  0.43307099
vn  0.49606299 -0.86614197  0.00000000
vn  0.70866102 -0.65354300  0.25984299
vn  0.00000000 -0.96850401  0.25984299
vn  0.25984299 -0.92913401  0.25196901
vn  0.25984299 -0.83464599  0.48031500
vn  0.00000000 -1.00000000  0.00000000
vn  0.00000000 -0.96850401  0.25984299
vn  0.00000000 -1.00000000  0.00000000
vn  0.00000000 -0.96850401  0.25984299
vn  0.00000000 -0.96850401  0.25984299
vn  0.00000000 -0.96850401  0.25984299
vn  0.00000000 -1.00000000  0.00000000
vn  0.00000000 -1.00000000  0.00000000
vn  0.00000000 -1.00000000  0.00000000
vn  0.00000000 -0.96850401  0.25984299
vn  0.00000000 -1.00000000  0.00000000
vn  0.00000000 -0.96850401  0.25984299
vn  0.00000000 -1.00000000  0.00000000
vn  0.00000000 -0.86614197  0.49606299
vn  0.00000000 -0.86614197  0.50393701
vn  0.70866102 -0.70866102  0.00000000
vn  0.50393701 -0.86614197  0.00000000
vn  0.50393701 -0.86614197  0.00000000
vn  0.70866102 -0.70866102  0.00000000
vn  0.70866102 -0.70866102  0.00000000
vn  0.70866102 -0.70866102  0.00000000
vn  0.70866102 -0.70866102  0.00000000
vn  0.50393701 -0.86614197  0.00000000
vn  0.49606299 -0.86614197  0.00000000
vn  0.49606299 -0.86614197  0.00000000
vn  0.70866102 -0.70866102  0.00000000
vn  0.49606299 -0.86614197  0.00000000
vn  0.49606299 -0.86614197  0.00000000
vn  0.50393701 -0.86614197  0.00000000
vn  0.49606299 -0.86614197  0.00000000
vn  0.49606299 -0.86614197  0.00000000
vn  0.70866102 -0.70866102  0.00000000
vn  0.00000000 -1.00000000  0.00000000
vn  0.00000000 -1.00000000  0.00000000
vn  0.00000000 -1.00000000  0.00000000
vn  0.00000000 -1.00000000  0.00000000
vn  0.00000000 -1.00000000  0.00000000
vn  0.00000000 -1.00000000  0.00000000
vn  0.00000000 -1.00000000  0.00000000
vn  0.00000000 -1.00000000  0.00000000
vn  0.00000000 -1.00000000  0.00000000
vn  0.00000000 -1.00000000  0.00000000
vn  0.25984299 -0.96850401  0.00000000
vn  0.00000000 -1.00000000  0.00000000
vn  0.00000000 -1.00000000  0.00000000
vn  0.50393701 -0.86614197  0.00000000
vn  0.00000000 -1.00000000  0.00000000
vn  0.00000000 -1.00000000  0.00000000
vn  0.00000000 -1.00000000  0.00000000
vn  0.00000000 -1.00000000  0.00000000
vn  0.00000000 -1.00000000  0.00000000
vn  0.00000000 -1.00000000  0.00000000
vn  0.00000000 -1.00000000  0.00000000
vn  0.00000000 -1.00000000  0.00000000
vn  0.00000000 -1.00000000  0.00000000
vn  0.00000000 -1.00000000  0.00000000
vn  0.00000000 -1.00000000  0.00000000
vn  0.00000000 -1.00000000  0.00000000
vn  0.00000000 -1.00000000  0.00000000
vn  0.00000000 -1.00000000  0.00000000
vn  0.00000000 -1.00000000  0.00000000
vn  0.00000000 -1.00000000  0.00000000
vn  0.00000000 -1.00000000  0.00000000
vn  0.00000000 -1.00000000  0.00000000
vn  0.00000000 -1.00000000  0.00000000
vn  0.70866102 -0.70866102  0.00000000
vn  0.25984299 -0.96850401  0.00000000
vn  0.25984299 -0.96850401  0.00000000
vn  0.00000000 -1.00000000  0.00000000
vn  0.00000000 -1.00000000  0.00000000
vn  0.00000000 -1.00000000  0.00000000
vn  0.00000000 -1.00000000  0.00000000
vn  0.00000000 -1.00000000  0.00000000
vn  0.00000000 -0.96850401 -0.25984299
vn  0.00000000 -1.00000000  0.00000000
vn  0.00000000 -0.96850401 -0.25984299
vn  0.00000000 -0.96850401 -0.25984299
vn  0.00000000 -1.00000000  0.00000000
vn  0.00000000 -1.00000000  0.00000000
vn  0.00000000  0.00000000  1.00000000
vn  0.00000000  0.00000000  1.00000000
vn  0.00000000 -1.00000000  0.00000000
vn  0.00000000 -1.00000000  0.00000000
vn  0.00000000  0.00000000  1.00000000
vn  0.00000000  0.00000000  1.00000000
vn  0.00000000 -1.00000000  0.00000000
vn  0.00000000 -1.00000000  0.00000000
vn  0.00000000 -1.00000000  0.00000000
vn  0.00000000 -1.00000000  0.00000000
vn  0.00000000  0.00000000  1.00000000
vn  0.00000000 -1.00000000  0.00000000
vn  0.00000000 -1.00000000  0.00000000
vn  0.00000000 -1.00000000  0.00000000
vn  0.00000000 -1.00000000  0.00000000
vn  0.00000000 -1.00000000  0.00000000
vn  0.00000000 -1.00000000  0.00000000
vn  0.00000000 -0.70866102  0.70866102
vn  0.00000000 -0.70866102  0.70866102
vn  0.00000000 -0.86614197  0.50393701
vn  0.00000000 -0.70866102  0.70866102
vn -1.00000000  0.00000000  0.00000000
vn -1.00000000  0.00000000  0.00000000
vn -1.00000000  0.00000000  0.00000000
vn  0.00000000 -0.70866102  0.70866102
vn  0.00000000 -0.70866102  0.70866102
vn  0.00000000 -1.00000000  0.00000000
vn  0.00000000 -1.00000000  0.00000000
vn  0.00000000 -1.00000000  0.00000000
vn  0.00000000 -1.00000000  0.00000000
vn  0.00000000 -1.00000000  0.00000000
vn  0.00000000 -1.00000000  0.00000000
vn  0.00000000 -1.00000000  0.00000000
vn  0.00000000 -0.96850401  0.25984299
vn  0.00000000 -1.00000000  0.00000000
vn -1.00000000  0.00000000  0.00000000
vn -1.00000000  0.00000000  0.00000000
vn -1.00000000  0.00000000  0.00000000
vn  0.00000000 -1.00000000  0.00000000
vn -1.00000000  0.00000000  0.00000000
vn  0.00000000 -0.86614197  0.50393701
vn  0.00000000 -0.86614197  0.50393701
vn  0.00000000 -1.00000000  0.00000000
vn  0.00000000 -1.00000000  0.00000000
vn  0.00000000 -1.00000000  0.00000000
vn  0.00000000 -1.00000000  0.00000000
vn  0.00000000 -1.00000000  0.00000000
vn  0.00000000 -1.00000000  0.00000000
vn  0.00000000 -1.00000000  0.00000000
vn  0.00000000 -1.00000000  0.00000000
vn  0.00000000 -1.00000000  0.00000000
vn -1.00000000  0.00000000  0.00000000
vn -1.00000000  0.00000000  0.00000000
vn -1.00000000  0.00000000  0.00000000
vn -1.00000000  0.00000000  0.00000000
vn -1.00000000  0.00000000  0.00000000
vn  0.00000000 -1.00000000  0.00000000
vn  0.00000000 -1.00000000  0.00000000
vn  0.00000000 -1.00000000  0.00000000
vn  0.00000000 -1.00000000  0.00000000
vn  0.00000000 -1.00000000  0.00000000
vn  0.00000000 -1.00000000  0.00000000
vn  0.00000000 -1.00000000  0.00000000
vn  0.00000000 -1.00000000  0.00000000
vn  0.00000000 -1.00000000  0.00000000
vn -0.25984299 -0.96850401  0.00000000
vn -1.00000000  0.00000000  0.00000000
vn -1.00000000  0.00000000  0.00000000
vn -1.00000000  0.00000000  0.00000000
vn  0.00000000 -1.00000000  0.00000000
vn -0.25984299 -0.96850401  0.00000000
vn -1.00000000  0.00000000  0.00000000
vn  0.00000000 -1.00000000  0.00000000
vn  0.00000000 -1.00000000  0.00000000
vn  0.00000000 -1.00000000  0.00000000
vn  0.00000000 -1.00000000  0.00000000
vn  0.00000000 -1.00000000  0.00000000
vn -1.00000000  0.00000000  0.00000000
vn  0.00000000 -1.00000000  0.00000000
vn -1.00000000  0.00000000  0.00000000
vn  0.00000000 -1.00000000  0.00000000
vn  0.00000000 -1.00000000  0.00000000
vn  0.00000000 -1.00000000  0.00000000
vn  0.00000000 -1.00000000  0.00000000
vn  0.00000000 -1.00000000  0.00000000
vn  0.00000000 -1.00000000  0.00000000
vn  0.00000000 -1.00000000  0.00000000
vn -1.00000000  0.00000000  0.00000000
vn -1.00000000  0.00000000  0.00000000
vn -1.00000000  0.00000000  0.00000000
vn  0.00000000 -1.00000000  0.00000000
vn  0.00000000 -1.00000000  0.00000000
vn  0.00000000 -1.00000000  0.00000000
vn  0.00000000 -1.00000000  0.00000000
vn  0.00000000 -1.00000000  0.00000000
vn  0.00000000 -1.00000000  0.00000000
vn  0.00000000 -1.00000000  0.00000000
vn -1.00000000  0.00000000  0.00000000
vn  0.00000000 -1.00000000  0.00000000
vn -1.00000000  0.00000000  0.00000000
vn  0.00000000 -1.00000000  0.00000000
vn  0.00000000 -1.00000000  0.00000000
vn  0.00000000 -1.00000000  0.00000000
vn  0.00000000 -1.00000000  0.00000000
vn  0.00000000 -1.00000000  0.00000000
vn  0.00000000 -1.00000000  0.00000000
vn -1.00000000  0.00000000  0.00000000
vn -1.00000000  0.00000000  0.00000000
vn  0.00000000 -1.00000000  0.00000000
vn  0.00000000 -0.86614197 -0.50393701
vn  0.00000000 -0.86614197 -0.49606299
vn  0.00000000 -0.86614197 -0.49606299
vn  1.00000000  0.00000000  0.00000000
vn  1.00000000  0.00000000  0.00000000
vn  1.00000000  0.00000000  0.00000000
vn  1.00000000  0.00000000  0.00000000
vn  1.00000000  0.00000000  0.00000000
vn  0.00000000 -0.96850401 -0.25984299
vn  1.00000000  0.00000000  0.00000000
vn  1.00000000  0.00000000  0.00000000
vn  1.00000000  0.00000000  0.00000000
vn  0.00000000 -1.00000000  0.00000000
vn  0.25984299 -0.92913401 -0.25196901
vn  1.00000000  0.00000000  0.00000000
vn  1.00000000  0.00000000  0.00000000
vn  0.00000000 -1.00000000  0.00000000
vn  0.00000000 -1.00000000  0.00000000
vn  0.00000000 -1.00000000  0.00000000
vn  0.00000000 -1.00000000  0.00000000
vn  0.00000000 -1.00000000  0.00000000
vn  1.00000000  0.00000000  0.00000000
vn  1.00000000  0.00000000  0.00000000
vn  1.00000000  0.00000000  0.00000000
vn  1.00000000  0.00000000  0.00000000
vn  0.50393701 -0.74803102 -0.43307099
vn  0.64566898 -0.66141701 -0.37795299
vn  0.50393701 -0.83464599 -0.22047199
vn  0.50393701 -0.74803102 -0.43307099
vn  0.50393701 -0.61417300 -0.61417300
vn  0.50393701 -0.61417300 -0.61417300
vn  0.70866102 -0.65354300 -0.25984299
vn  0.64566898 -0.66141701 -0.37795299
vn  0.70866102 -0.65354300 -0.25984299
vn  0.67716497 -0.70866102 -0.18897600
vn  0.67716497 -0.70866102 -0.18897600
vn  0.50393701 -0.86614197  0.00000000
vn  0.50393701 -0.83464599 -0.22047199
vn  0.25984299 -0.92913401 -0.25196901
vn  0.70866102 -0.70866102  0.00000000
vn  0.70866102 -0.70866102  0.00000000
vn  0.25984299 -0.83464599 -0.48031500
vn  0.25984299 -0.83464599 -0.48031500
vn  0.00000000 -0.70866102 -0.70866102
vn  0.00000000 -0.86614197 -0.50393701
vn  0.00000000 -0.96850401 -0.25984299
vn  0.00000000 -1.00000000  0.00000000
vn  0.00000000 -0.96850401 -0.25984299
vn  0.00000000 -0.96850401 -0.25984299
vn  0.00000000 -0.96850401 -0.25984299
vn  0.00000000 -1.00000000  0.00000000
vn  0.00000000 -1.00000000  0.00000000
vn  0.00000000 -1.00000000  0.00000000
vn  0.00000000 -1.00000000  0.00000000
vn  0.00000000 -1.00000000  0.00000000
vn  0.00000000 -1.00000000  0.00000000
vn  0.00000000 -1.00000000  0.00000000
vn  0.00000000 -1.00000000  0.00000000
vn  0.00000000 -1.00000000  0.00000000
vn  0.00000000 -1.00000000  0.00000000
vn  0.00000000 -0.70866102 -0.70866102
vn  0.00000000 -0.86614197 -0.50393701
vn  0.00000000 -0.86614197 -0.50393701
vn  0.00000000 -0.86614197 -0.50393701
vn  0.00000000 -0.96850401 -0.25984299
vn  0.00000000 -0.96850401 -0.25984299
vn  0.00000000 -1.00000000  0.00000000
vn  0.00000000 -0.86614197 -0.49606299
vn  0.00000000 -0.86614197 -0.50393701
vn  0.00000000 -0.86614197 -0.49606299
vn  0.00000000 -0.86614197 -0.50393701
vn  0.00000000 -0.86614197 -0.50393701
vn  0.00000000 -0.86614197 -0.50393701
vn  0.00000000 -0.86614197 -0.50393701
vn  0.00000000 -0.96850401 -0.25984299
vn  0.00000000 -0.86614197 -0.49606299
vn  0.00000000 -0.96850401 -0.25984299
vn  0.00000000 -0.96850401 -0.25984299
vn -0.25984299 -0.96850401  0.00000000
vn  0.00000000 -1.00000000  0.00000000
vn  0.00000000  0.00000000 -1.00000000
vn  0.00000000  0.00000000 -1.00000000
vn  0.00000000  0.00000000 -1.00000000
vn  0.00000000  0.00000000 -1.00000000
vn -0.49606299 -0.86614197  0.00000000
vn -0.50393701 -0.86614197  0.00000000
vn  0.00000000  0.00000000 -1.00000000
vn -0.25984299 -0.96850401  0.00000000
vn -0.25984299 -0.96850401  0.00000000
vn  0.00000000  0.00000000 -1.00000000
vn  0.00000000  0.00000000 -1.00000000
vn  0.00000000 -0.70866102  0.70866102
vn  0.00000000 -0.70866102  0.70866102
vn  0.00000000 -0.70866102  0.70866102
vn -0.25984299 -0.68503898  0.68503898
vn -0.25984299 -0.68503898  0.68503898
vn -0.25984299 -0.68503898  0.68503898
vn  0.00000000 -0.86614197  0.50393701
vn -0.50393701 -0.61417300  0.61417300
vn -0.50393701 -0.61417300  0.61417300
vn  0.00000000 -0.96850401  0.25984299
vn  0.00000000 -0.96850401  0.25984299
vn -0.25984299 -0.92913401  0.25196901
vn -0.25984299 -0.92913401  0.25196901
vn -0.25984299 -0.96850401  0.00000000
vn -0.25984299 -0.96850401  0.00000000
vn -0.25984299 -0.83464599  0.48031500
vn -0.49606299 -0.83464599  0.22047199
vn -0.50393701 -0.74803102  0.43307099
vn -0.25984299 -0.83464599  0.48031500
vn -0.64566898 -0.66141701  0.37795299
vn -0.50393701 -0.74803102  0.43307099
vn  0.00000000 -1.00000000  0.00000000
vn  0.00000000 -1.00000000  0.00000000
vn  0.00000000 -1.00000000  0.00000000
vn  0.00000000 -1.00000000  0.00000000
vn  0.00000000 -1.00000000  0.00000000
vn  0.00000000 -1.00000000  0.00000000
vn -0.25984299 -0.96850401  0.00000000
vn -0.25984299 -0.96850401  0.00000000
vn -0.25984299 -0.96850401  0.00000000
vn -0.25984299 -0.96850401  0.00000000
vn -0.25984299 -0.96850401  0.00000000
vn -0.50393701 -0.86614197  0.00000000
vn -0.50393701 -0.86614197  0.00000000
vn -0.50393701 -0.86614197  0.00000000
vn -0.50393701 -0.86614197  0.00000000
vn  0.00000000 -1.00000000  0.00000000
vn -0.50393701 -0.86614197  0.00000000
vn -0.25984299 -0.83464599 -0.48031500
vn  0.00000000 -0.96850401 -0.25984299
vn -0.25984299 -0.83464599 -0.48031500
vn -0.25984299 -0.92913401 -0.25196901
vn -0.50393701 -0.74803102 -0.43307099
vn -0.49606299 -0.61417300 -0.61417300
vn -0.50393701 -0.74803102 -0.43307099
vn -0.50393701 -0.83464599 -0.22047199
vn -0.67716497 -0.53543299 -0.50393701
vn  0.00000000 -0.96850401 -0.25984299
vn -0.25984299 -0.92913401 -0.25196901
vn  0.00000000 -1.00000000  0.00000000
vn -0.25984299 -0.96850401  0.00000000
vn -0.50393701 -0.83464599 -0.22047199
vn -0.25984299 -0.96850401  0.00000000
vn -0.50393701 -0.83464599 -0.22047199
vn -0.50393701 -0.86614197  0.00000000
vn -0.70866102 -0.70866102  0.00000000
vn  0.00000000 -0.70866102 -0.70866102
vn  0.57480299 -0.57480299 -0.57480299
vn  0.67716497 -0.53543299 -0.50393701
vn  0.50393701 -0.61417300 -0.61417300
vn  0.25984299 -0.68503898 -0.68503898
vn  0.25984299 -0.68503898 -0.68503898
vn  0.25984299 -0.68503898 -0.68503898
vn  0.00000000 -0.70866102 -0.70866102
vn  1.00000000  0.00000000  0.00000000
vn  0.00000000 -0.70866102 -0.70866102
vn  0.00000000 -0.70866102 -0.70866102
vn -1.00000000  0.00000000  0.00000000
vn  0.00000000 -0.50393701 -0.86614197
vn  0.00000000 -0.50393701 -0.86614197
vn  0.00000000 -0.70866102 -0.70866102
vn  0.00000000 -0.50393701 -0.86614197
vn  0.00000000 -0.50393701 -0.86614197
vn  0.00000000 -0.50393701 -0.86614197
vn  0.00000000 -0.70866102 -0.70866102
vn  0.00000000 -0.50393701 -0.86614197
vn  0.00000000 -0.70866102 -0.70866102
vn  0.00000000 -0.70866102 -0.70866102
vn  0.00000000 -0.70866102 -0.70866102
vn  0.00000000 -0.70866102 -0.70866102
vn  0.00000000 -0.70866102 -0.70866102
vn  0.00000000 -0.70866102 -0.70866102
vn  0.00000000 -0.70866102 -0.70866102
vn  0.00000000 -0.70866102 -0.70866102
vn  0.00000000 -0.70866102 -0.70866102
vn  0.00000000 -0.70866102 -0.70866102
vn  0.00000000 -0.86614197 -0.50393701
vn  0.00000000 -0.70866102 -0.70866102
vn -0.25984299 -0.68503898 -0.68503898
vn  0.00000000 -0.70866102 -0.70866102
vn  0.00000000 -0.86614197 -0.50393701
vn -0.25984299 -0.68503898 -0.68503898
vn -0.25984299 -0.68503898 -0.68503898
vn -0.25984299 -0.68503898 -0.68503898
vn -0.49606299 -0.61417300 -0.61417300
vn -0.86614197 -0.49606299  0.00000000
vn  0.00000000  0.00000000 -1.00000000
vn -0.70866102 -0.70866102  0.00000000
vn -0.67716497 -0.70866102 -0.18897600
vn -0.57480299 -0.57480299  0.57480299
vn -0.57480299 -0.57480299  0.57480299
vn -0.67716497 -0.53543299  0.50393701
vn -0.50393701 -0.83464599  0.22047199
vn -0.67716497 -0.70866102  0.18897600
vn -0.50393701 -0.86614197  0.00000000
vn -0.50393701 -0.86614197  0.00000000
vn -0.70866102 -0.70866102  0.00000000
vn -0.70866102 -0.70866102  0.00000000
vn -0.70866102 -0.70866102  0.00000000
vn -0.70866102 -0.70866102  0.00000000
vn -0.70866102 -0.65354300  0.25984299
vn -0.50393701 -0.86614197  0.00000000
vn -0.50393701 -0.86614197  0.00000000
vn -0.50393701 -0.86614197  0.00000000
vn -0.50393701 -0.86614197  0.00000000
vn -0.70866102 -0.70866102  0.00000000
vn -0.70866102 -0.70866102  0.00000000
vn -0.70866102 -0.70866102  0.00000000
vn -0.70866102 -0.70866102  0.00000000
vn -0.75590599 -0.65354300  0.00000000
vn -0.70866102 -0.70866102  0.00000000
vn -0.70866102 -0.70866102  0.00000000
vn -0.70866102 -0.70866102  0.00000000
vn -0.86614197 -0.50393701  0.00000000
vn -0.86614197 -0.50393701  0.00000000
vn  0.00000000  0.00000000 -1.00000000
vn -0.70866102 -0.70866102  0.00000000
vn -0.64566898 -0.66141701 -0.37795299
vn -0.67716497 -0.70866102 -0.18897600
vn -0.70866102 -0.65354300 -0.25984299
vn -0.70866102 -0.65354300 -0.25984299
vn -0.64566898 -0.66141701 -0.37795299
vn -0.57480299 -0.57480299 -0.57480299
vn  0.00000000  0.00000000  1.00000000
vn  0.00000000  0.70866102  0.70866102
vn -1.00000000  0.00000000  0.00000000
vn  1.00000000  0.00000000  0.00000000
vn -1.00000000  0.00000000  0.00000000
vn -1.00000000  0.00000000  0.00000000
vn  0.00000000  0.00000000  1.00000000
vn  1.00000000  0.00000000  0.00000000
vn -1.00000000  0.00000000  0.00000000
vn -1.00000000  0.00000000  0.00000000
vn  0.00000000 -1.00000000  0.00000000
vn -1.00000000  0.00000000  0.00000000
vn  0.00000000 -1.00000000  0.00000000
vn  0.50393701  0.86614197  0.00000000
vn  0.25984299  0.96850401  0.00000000
vn  0.00000000  1.00000000  0.00000000
vn  0.00000000  1.00000000  0.00000000
vn  0.00000000  1.00000000  0.00000000
vn  0.00000000  1.00000000  0.00000000
vn  0.00000000  1.00000000  0.00000000
vn  0.00000000  0.00000000  1.00000000
vn  0.00000000  0.00000000  1.00000000
vn  0.65354300  0.37795299  0.65354300
vn  0.50393701  0.61417300  0.61417300
vn  0.49606299  0.43307099  0.74803102
vn  0.25984299  0.68503898  0.68503898
vn  0.25984299  0.48031500  0.83464599
vn  0.00000000  0.70866102  0.70866102
vn  0.00000000  0.49606299  0.86614197
vn  0.25984299  0.68503898  0.68503898
vn  0.00000000  0.86614197  0.49606299
vn  0.00000000  0.70866102  0.70866102
vn  0.25984299  0.83464599  0.48031500
vn  0.00000000  0.70866102  0.70866102
vn  0.00000000  0.86614197  0.49606299
vn  0.00000000  0.96850401  0.25984299
vn  0.00000000  0.70866102  0.70866102
vn  0.67716497  0.53543299  0.50393701
vn  0.50393701  0.61417300  0.61417300
vn  0.65354300  0.37795299  0.65354300
vn  0.64566898  0.66141701  0.37795299
vn  0.50393701  0.74803102  0.43307099
vn  0.50393701  0.61417300  0.61417300
vn  0.25984299  0.92913401  0.25196901
vn  0.68503898  0.69291300  0.22047199
vn  0.64566898  0.66141701  0.37795299
vn  0.83464599  0.48031500  0.25984299
vn  0.68503898  0.69291300  0.22047199
vn  0.50393701  0.83464599  0.22047199
vn  0.50393701  0.86614197  0.00000000
vn  0.70866102  0.70866102  0.00000000
vn  0.70866102  0.70866102  0.00000000
vn  0.86614197  0.50393701  0.00000000
vn  0.74803102  0.43307099  0.49606299
vn  0.00000000  0.96850401  0.25984299
vn  0.25984299  0.96850401  0.00000000
vn  0.00000000  0.96850401  0.25984299
vn  0.00000000  1.00000000  0.00000000
vn  0.00000000  1.00000000  0.00000000
vn  0.00000000  1.00000000  0.00000000
vn  1.00000000  0.00000000  0.00000000
vn  0.86614197  0.50393701  0.00000000
vn  0.70866102  0.70866102  0.00000000
vn  0.00000000  1.00000000  0.00000000
vn  0.00000000  1.00000000  0.00000000
vn  0.00000000  1.00000000  0.00000000
vn  1.00000000  0.00000000  0.00000000
vn  0.70866102  0.70866102  0.00000000
vn  0.96850401  0.25984299  0.00000000
vn  0.00000000  0.00000000  1.00000000
vn  0.00000000  0.00000000  1.00000000
vn  0.00000000  0.00000000  1.00000000
vn  0.00000000  0.00000000  1.00000000
vn  0.00000000  0.00000000  1.00000000
vn  0.70866102  0.00000000  0.70866102
vn  0.69291300  0.18897600  0.69291300
vn  0.49606299  0.22047199  0.83464599
vn  0.69291300  0.18897600  0.69291300
vn  0.83464599  0.22047199  0.49606299
vn  0.86614197  0.00000000  0.49606299
vn  0.49606299  0.00000000  0.86614197
vn  0.25984299  0.00000000  0.96850401
vn  0.25984299  0.25196901  0.92913401
vn  0.00000000  0.25984299  0.96850401
vn  0.00000000  0.00000000  1.00000000
vn  0.00000000  0.25984299  0.96850401
vn  0.00000000  0.25984299  0.96850401
vn  0.00000000  0.49606299  0.86614197
vn  0.92913401  0.25196901  0.25984299
vn  1.00000000  0.00000000  0.00000000
vn  0.96850401  0.00000000  0.25984299
vn  0.70866102  0.00000000  0.70866102
vn  1.00000000  0.00000000  0.00000000
vn  0.96850401  0.25984299  0.00000000
vn  0.96850401  0.25984299  0.00000000
vn  0.86614197  0.49606299  0.00000000
vn  0.00000000  0.00000000  1.00000000
vn  0.86614197  0.00000000  0.49606299
vn  0.70866102  0.00000000  0.70866102
vn  0.70866102  0.00000000  0.70866102
vn  0.70866102  0.00000000  0.70866102
vn  0.49606299  0.00000000  0.86614197
vn  0.50393701  0.00000000  0.86614197
vn  0.25984299  0.00000000  0.96850401
vn  0.00000000  0.00000000  1.00000000
vn  0.25984299  0.00000000  0.96850401
vn  1.00000000  0.00000000  0.00000000
vn  0.96850401  0.00000000  0.25984299
vn  0.00000000  0.00000000  1.00000000
vn  0.00000000  0.00000000  1.00000000
vn  0.00000000  0.00000000  1.00000000
vn  0.00000000  0.00000000  1.00000000
vn  1.00000000  0.00000000  0.00000000
vn  1.00000000  0.00000000  0.00000000
vn  0.00000000  1.00000000  0.00000000
vn  0.70866102  0.70866102  0.00000000
vn  0.49606299  0.86614197  0.00000000
vn  0.70866102  0.70866102  0.00000000
vn  0.00000000  1.00000000  0.00000000
vn  0.00000000  0.96850401 -0.25984299
vn  0.00000000  0.96850401 -0.25984299
vn  0.00000000  1.00000000  0.00000000
vn  0.96850401  0.25984299  0.00000000
vn  1.00000000  0.00000000  0.00000000
vn  0.96850401  0.00000000 -0.25984299
vn  1.00000000  0.00000000  0.00000000
vn  1.00000000  0.00000000  0.00000000
vn  0.96850401  0.00000000 -0.25984299
vn  1.00000000  0.00000000  0.00000000
vn  1.00000000  0.00000000  0.00000000
vn  1.00000000  0.00000000  0.00000000
vn  1.00000000  0.00000000  0.00000000
vn  1.00000000  0.00000000  0.00000000
vn  0.00000000  1.00000000  0.00000000
vn  0.00000000  0.70866102  0.70866102
vn  0.00000000  0.49606299  0.86614197
vn  0.00000000  0.70866102  0.70866102
vn  0.00000000  0.86614197  0.49606299
vn  0.00000000  0.00000000  1.00000000
vn -0.25984299  0.00000000  0.96850401
vn  0.00000000  0.00000000  1.00000000
vn -0.25984299  0.25196901  0.92913401
vn -0.25984299  0.00000000  0.96850401
vn  0.00000000  0.00000000  1.00000000
vn  0.00000000  1.00000000  0.00000000
vn -1.00000000  0.00000000  0.00000000
vn  0.00000000  0.00000000  1.00000000
vn  0.70866102  0.00000000  0.70866102
vn  0.86614197  0.00000000  0.49606299
vn  0.50393701  0.00000000  0.86614197
vn  0.25984299  0.00000000  0.96850401
vn  0.49606299 -0.22834601  0.83464599
vn  0.00000000 -1.00000000  0.00000000
vn  0.00000000  0.00000000  1.00000000
vn  0.96850401  0.00000000  0.25984299
vn  1.00000000  0.00000000  0.00000000
vn  1.00000000  0.00000000  0.00000000
vn  0.96850401 -0.25984299  0.00000000
vn  1.00000000  0.00000000  0.00000000
vn  0.96850401  0.00000000 -0.25984299
vn  0.00000000  0.00000000  1.00000000
vn  0.00000000  0.86614197 -0.50393701
vn  0.69291300  0.67716497 -0.23622000
vn  0.70866102  0.70866102  0.00000000
vn  0.86614197  0.49606299  0.00000000
vn  0.70866102  0.70866102  0.00000000
vn  0.69291300  0.67716497 -0.23622000
vn  0.49606299  0.86614197  0.00000000
vn  0.50393701  0.83464599 -0.22047199
vn  0.25984299  0.96850401  0.00000000
vn  0.50393701  0.74803102 -0.43307099
vn  0.64566898  0.66141701 -0.38582700
vn  0.25984299  0.83464599 -0.48031500
vn  0.83464599  0.48031500 -0.25984299
vn  0.00000000  1.00000000  0.00000000
vn  0.25984299  0.93700802 -0.25196901
vn  0.00000000  0.96850401 -0.25984299
vn  0.00000000  0.86614197 -0.50393701
vn  0.50393701  0.60629898 -0.61417300
vn  0.00000000  0.70866102 -0.70866102
vn  0.00000000  0.70866102 -0.70866102
vn  0.83464599  0.22047199 -0.50393701
vn  0.93700802  0.25196901 -0.25984299
vn  0.74803102  0.43307099 -0.50393701
vn  0.86614197  0.00000000 -0.50393701
vn  0.70866102  0.00000000 -0.70866102
vn  0.00000000  1.00000000  0.00000000
vn  0.00000000  0.86614197 -0.50393701
vn  0.00000000  0.96850401 -0.25984299
vn -0.25984299  0.83464599 -0.48031500
vn -0.25984299  0.92913401 -0.25196901
vn  0.00000000  0.86614197 -0.50393701
vn  0.86614197  0.00000000 -0.50393701
vn -0.25984299  0.96850401  0.00000000
vn -0.50393701  0.86614197  0.00000000
vn  0.00000000  0.49606299  0.86614197
vn  0.00000000  0.70866102  0.70866102
vn -0.25984299  0.68503898  0.68503898
vn -0.50393701  0.61417300  0.61417300
vn -0.25984299  0.68503898  0.68503898
vn -0.25984299  0.83464599  0.48031500
vn -0.50393701  0.61417300  0.61417300
vn -0.25984299  0.48031500  0.83464599
vn  0.00000000  0.86614197  0.49606299
vn  0.00000000  0.70866102  0.70866102
vn -0.50393701  0.74803102  0.43307099
vn -0.67716497  0.53543299  0.50393701
vn -0.25984299  0.92913401  0.25196901
vn  0.00000000  0.96850401  0.25984299
vn  0.00000000  1.00000000  0.00000000
vn -0.50393701  0.83464599  0.22047199
vn -0.25984299  0.96850401  0.00000000
vn -0.49606299  0.86614197  0.00000000
vn -0.68503898  0.69291300  0.22047199
vn  0.00000000  1.00000000  0.00000000
vn  0.00000000  1.00000000  0.00000000
vn -0.25984299  0.96850401  0.00000000
vn -0.49606299  0.86614197  0.00000000
vn -0.70866102  0.70866102  0.00000000
vn  0.00000000  0.25984299  0.96850401
vn -0.50393701  0.22047199  0.83464599
vn -0.49606299  0.00000000  0.86614197
vn -0.49606299  0.43307099  0.74803102
vn -0.65354300  0.37795299  0.65354300
vn  0.00000000  0.00000000  1.00000000
vn  0.00000000  1.00000000  0.00000000
vn  0.00000000  1.00000000  0.00000000
vn -0.25984299  0.00000000  0.96850401
vn -0.49606299  0.00000000  0.86614197
vn -0.49606299  0.00000000  0.86614197
vn -0.25984299  0.00000000  0.96850401
vn -0.49606299  0.00000000  0.86614197
vn -0.49606299 -0.22047199  0.83464599
vn -0.25984299  0.96850401  0.00000000
vn  0.00000000  1.00000000  0.00000000
vn -0.50393701  0.83464599 -0.22047199
vn -0.50393701  0.86614197  0.00000000
vn -0.49606299  0.74803102 -0.43307099
vn  0.00000000  0.00000000  1.00000000
vn  0.00000000  0.00000000  1.00000000
vn  0.70866102  0.00000000  0.70866102
vn  0.65354300 -0.37795299  0.65354300
vn  0.49606299 -0.43307099  0.74803102
vn  0.50393701 -0.61417300  0.61417300
vn  0.69291300 -0.18897600  0.69291300
vn  0.65354300 -0.37795299  0.65354300
vn  0.83464599 -0.22047199  0.50393701
vn  0.69291300 -0.18897600  0.69291300
vn  0.73228300 -0.45669299  0.51181102
vn  0.86614197  0.00000000  0.49606299
vn  0.25984299 -0.48031500  0.83464599
vn  0.25984299 -0.25196901  0.93700802
vn  0.25984299 -0.68503898  0.68503898
vn  0.00000000 -0.70866102  0.70866102
vn  0.00000000 -0.50393701  0.86614197
vn  0.00000000 -0.25984299  0.96850401
vn  0.00000000 -0.50393701  0.86614197
vn  0.00000000 -0.25984299  0.96850401
vn  0.00000000 -0.25984299  0.96850401
vn  0.00000000  0.00000000  1.00000000
vn  0.96850401  0.00000000  0.25984299
vn  0.83464599 -0.48031500  0.25984299
vn  0.92913401 -0.25196901  0.25984299
vn  0.96850401 -0.25984299  0.00000000
vn  0.86614197 -0.50393701  0.00000000
vn  1.00000000  0.00000000  0.00000000
vn  0.96850401 -0.25984299  0.00000000
vn  0.86614197 -0.49606299  0.00000000
vn  0.86614197 -0.50393701  0.00000000
vn  0.00000000 -0.50393701  0.86614197
vn  0.92913401 -0.25196901 -0.25984299
vn  0.83464599 -0.48031500 -0.25984299
vn  0.74015701 -0.45669299 -0.49606299
vn  0.96850401 -0.25984299  0.00000000
vn  1.00000000  0.00000000  0.00000000
vn  0.96850401  0.00000000 -0.25984299
vn  0.83464599 -0.22047199 -0.50393701
vn  0.00000000 -0.50393701  0.86614197
vn -0.25984299 -0.48031500  0.83464599
vn -0.25984299 -0.68503898  0.68503898
vn -0.50393701 -0.43307099  0.74803102
vn -0.25984299 -0.25196901  0.92913401
vn -0.49606299 -0.61417300  0.61417300
vn -0.65354300 -0.37795299  0.65354300
vn  0.00000000 -0.25984299  0.96850401
vn -0.69291300 -0.18897600  0.69291300
vn  0.00000000  1.00000000  0.00000000
vn  0.00000000  0.00000000 -1.00000000
vn  0.00000000  0.00000000 -1.00000000
vn  0.00000000  0.00000000 -1.00000000
vn  0.25984299  0.00000000 -0.96850401
vn  0.67716497  0.53543299 -0.50393701
vn  0.64566898  0.66141701 -0.38582700
vn  0.67716497  0.53543299 -0.50393701
vn  0.50393701  0.60629898 -0.61417300
vn  0.00000000  0.70866102 -0.70866102
vn  0.25984299  0.68503898 -0.68503898
vn  0.00000000  0.70866102 -0.70866102
vn  0.25984299  0.68503898 -0.68503898
vn  0.00000000  0.49606299 -0.86614197
vn  0.25984299  0.48031500 -0.83464599
vn  0.65354300  0.37795299 -0.65354300
vn  0.50393701  0.60629898 -0.61417300
vn  0.65354300  0.37795299 -0.65354300
vn  0.49606299  0.43307099 -0.74803102
vn  0.69291300  0.18897600 -0.69291300
vn  0.70866102  0.00000000 -0.70866102
vn  0.69291300  0.18897600 -0.69291300
vn  0.70866102  0.00000000 -0.70866102
vn  0.49606299  0.00000000 -0.86614197
vn  0.86614197  0.00000000 -0.50393701
vn  0.49606299  0.22047199 -0.83464599
vn  0.25984299  0.25196901 -0.92913401
vn  0.25984299  0.00000000 -0.96850401
vn  0.00000000  0.25984299 -0.96850401
vn  0.00000000  0.70866102 -0.70866102
vn  0.00000000  0.49606299 -0.86614197
vn  0.00000000  0.49606299 -0.86614197
vn  0.00000000  0.25984299 -0.96850401
vn  0.00000000  0.25984299 -0.96850401
vn  0.49606299  0.00000000 -0.86614197
vn  0.25984299  0.00000000 -0.96850401
vn  0.00000000  0.00000000 -1.00000000
vn  0.00000000  0.00000000 -1.00000000
vn -1.00000000  0.00000000  0.00000000
vn  0.00000000  0.70866102 -0.70866102
vn  0.00000000  0.49606299 -0.86614197
vn  0.00000000  0.25984299 -0.96850401
vn -0.25984299  0.48031500 -0.83464599
vn  0.00000000  0.00000000 -1.00000000
vn  0.70866102  0.00000000 -0.70866102
vn  0.70866102  0.00000000 -0.70866102
vn  0.50393701  0.00000000 -0.86614197
vn  0.70866102  0.00000000 -0.70866102
vn  0.25984299  0.00000000 -0.96850401
vn  0.50393701  0.00000000 -0.86614197
vn  0.49606299 -0.22047199 -0.83464599
vn  0.25984299 -0.25196901 -0.92913401
vn  0.00000000  0.00000000 -1.00000000
vn -0.25984299  0.00000000 -0.96850401
vn  0.00000000  0.00000000 -1.00000000
vn -0.25984299  0.68503898 -0.68503898
vn -0.50393701  0.61417300 -0.61417300
vn -0.50393701  0.61417300 -0.61417300
vn -0.25984299  0.68503898 -0.68503898
vn  0.00000000  0.70866102 -0.70866102
vn -0.50393701  0.43307099 -0.74803102
vn -0.25984299  0.25196901 -0.92913401
vn -0.49606299  0.22047199 -0.83464599
vn -0.25984299  0.00000000 -0.96850401
vn -0.49606299  0.00000000 -0.86614197
vn -0.49606299  0.00000000 -0.86614197
vn -0.49606299  0.00000000 -0.86614197
vn -0.25984299  0.00000000 -0.96850401
vn  0.00000000 -0.25984299 -0.96850401
vn  0.70866102  0.00000000 -0.70866102
vn  0.69291300 -0.18897600 -0.69291300
vn  0.70866102  0.00000000 -0.70866102
vn  0.86614197  0.00000000 -0.50393701
vn  0.69291300 -0.18897600 -0.69291300
vn  0.65354300 -0.37795299 -0.65354300
vn  0.49606299 -0.43307099 -0.74803102
vn  0.50393701 -0.61417300 -0.61417300
vn  0.25984299 -0.48031500 -0.83464599
vn  0.25984299 -0.68503898 -0.68503898
vn  0.65354300 -0.37795299 -0.65354300
vn  0.00000000 -0.50393701 -0.86614197
vn  0.00000000 -0.70866102 -0.70866102
vn  0.00000000  0.00000000 -1.00000000
vn  0.00000000  0.00000000 -1.00000000
vn  0.00000000 -0.25984299 -0.96850401
vn  0.00000000 -0.25984299 -0.96850401
vn -0.25984299 -0.25196901 -0.92913401
vn  0.00000000  0.00000000 -1.00000000
vn  0.00000000 -0.25984299 -0.96850401
vn -0.25984299  0.00000000 -0.96850401
vn  0.00000000 -0.50393701 -0.86614197
vn -0.25984299 -0.48031500 -0.83464599
vn -0.49606299 -0.22047199 -0.83464599
vn -0.49606299  0.00000000 -0.86614197
vn  0.00000000 -0.49606299 -0.86614197
vn -0.50393701 -0.43307099 -0.74803102
vn -0.49606299 -0.61417300 -0.61417300
vn -0.59842497 -0.56692898 -0.56692898
vn -1.00000000  0.00000000  0.00000000
vn -0.57480299  0.57480299  0.57480299
vn -0.57480299  0.57480299  0.57480299
vn -0.64566898  0.66141701  0.37795299
vn -0.57480299  0.57480299  0.57480299
vn -0.67716497  0.53543299  0.50393701
vn -0.74803102  0.43307099  0.49606299
vn -0.64566898  0.66141701  0.37795299
vn -0.83464599  0.48031500  0.25984299
vn -0.68503898  0.69291300  0.22047199
vn -0.70866102  0.70866102  0.00000000
vn -0.86614197  0.50393701  0.00000000
vn -0.70866102  0.70866102  0.00000000
vn -0.86614197  0.49606299  0.00000000
vn -0.69291300  0.18897600  0.69291300
vn -0.70866102  0.00000000  0.70866102
vn -0.69291300  0.18897600  0.69291300
vn -0.86614197  0.00000000  0.50393701
vn -0.70866102  0.00000000  0.70866102
vn -0.65354300  0.37795299  0.65354300
vn -0.83464599  0.22047199  0.50393701
vn -0.96850401  0.00000000  0.25984299
vn -0.86614197  0.50393701  0.00000000
vn -0.70866102  0.70866102  0.00000000
vn -0.96850401  0.25984299  0.00000000
vn -0.92913401  0.25196901  0.25984299
vn -1.00000000  0.00000000  0.00000000
vn -0.96850401  0.25984299  0.00000000
vn -0.70866102  0.00000000  0.70866102
vn -1.00000000  0.00000000  0.00000000
vn -1.00000000  0.00000000  0.00000000
vn -1.00000000  0.00000000  0.00000000
vn -1.00000000  0.00000000  0.00000000
vn -1.00000000  0.00000000  0.00000000
vn -0.96850401  0.00000000 -0.25984299
vn -0.70866102  0.70866102  0.00000000
vn -0.70866102  0.70866102  0.00000000
vn -0.96850401  0.25984299  0.00000000
vn -0.96850401  0.00000000 -0.25984299
vn -0.92913401  0.25196901 -0.25984299
vn -0.96850401  0.25984299  0.00000000
vn -1.00000000  0.00000000  0.00000000
vn -1.00000000  0.00000000  0.00000000
vn -1.00000000  0.00000000  0.00000000
vn  0.00000000  0.00000000 -1.00000000
vn -1.00000000  0.00000000  0.00000000
vn -1.00000000  0.00000000  0.00000000
vn -1.00000000  0.00000000  0.00000000
vn -0.96850401  0.00000000  0.25984299
vn  0.00000000 -1.00000000  0.00000000
vn -0.70866102  0.00000000  0.70866102
vn -0.70866102  0.00000000  0.70866102
vn -0.70866102  0.00000000  0.70866102
vn -0.86614197  0.00000000  0.50393701
vn -0.70866102  0.00000000  0.70866102
vn -0.86614197  0.00000000  0.49606299
vn -0.86614197  0.00000000  0.50393701
vn -0.96850401  0.00000000  0.25984299
vn -0.96850401  0.00000000  0.25984299
vn -1.00000000  0.00000000  0.00000000
vn -0.92913401 -0.25196901  0.25984299
vn -0.86614197  0.00000000  0.49606299
vn -0.83464599 -0.22047199  0.49606299
vn -0.70866102  0.00000000  0.70866102
vn -0.69291300 -0.18897600  0.69291300
vn -0.96850401 -0.25984299  0.00000000
vn  0.00000000 -1.00000000  0.00000000
vn -1.00000000  0.00000000  0.00000000
vn -1.00000000  0.00000000  0.00000000
vn  0.00000000  0.00000000 -1.00000000
vn  0.00000000  0.00000000 -1.00000000
vn -1.00000000  0.00000000  0.00000000
vn -0.96850401  0.00000000 -0.25984299
vn -1.00000000  0.00000000  0.00000000
vn -1.00000000  0.00000000  0.00000000
vn -0.70866102  0.70866102  0.00000000
vn -0.69291300  0.69291300 -0.22047199
vn -0.70866102  0.70866102  0.00000000
vn -0.69291300  0.69291300 -0.22047199
vn -0.86614197  0.49606299  0.00000000
vn -0.64566898  0.66141701 -0.37795299
vn -0.83464599  0.48031500 -0.25984299
vn -0.64566898  0.66141701 -0.37795299
vn -0.67716497  0.53543299 -0.50393701
vn -0.59055102  0.57480299 -0.56692898
vn -0.65354300  0.37795299 -0.65354300
vn -0.59055102  0.57480299 -0.56692898
vn -0.67716497  0.53543299 -0.50393701
vn -0.74803102  0.43307099 -0.49606299
vn -0.83464599  0.22047199 -0.50393701
vn -0.86614197  0.00000000 -0.50393701
vn -0.86614197  0.00000000 -0.50393701
vn -0.96850401  0.00000000 -0.25984299
vn -0.86614197  0.00000000 -0.50393701
vn -0.83464599 -0.22047199 -0.50393701
vn -1.00000000  0.00000000  0.00000000
vn -0.65354300 -0.37795299  0.65354300
vn -0.74015701 -0.45669299  0.48818901
vn -0.96850401 -0.25984299  0.00000000
vn -0.86614197 -0.50393701  0.00000000
vn -0.83464599 -0.48031500  0.25984299
vn -0.69291300 -0.69291300  0.22047199
vn -0.64566898 -0.66141701  0.37795299
vn -1.00000000  0.00000000  0.00000000
vn -0.96850401 -0.25984299  0.00000000
vn -0.86614197 -0.50393701  0.00000000
vn -0.86614197 -0.50393701  0.00000000
vn -1.00000000  0.00000000  0.00000000
vn -0.92913401 -0.25196901 -0.25984299
vn -0.72440898 -0.46456701 -0.51181102
vn -0.96850401 -0.25984299  0.00000000
vn -0.69291300 -0.18897600 -0.69291300
vn -0.83464599 -0.48031500 -0.25984299
vn -0.65354300  0.37795299 -0.65354300
vn -0.59055102  0.57480299 -0.56692898
vn -0.69291300  0.18897600 -0.69291300
vn -0.49606299  0.00000000 -0.86614197
vn -0.70866102  0.00000000 -0.70866102
vn -0.69291300  0.18897600 -0.69291300
vn -0.70866102  0.00000000 -0.70866102
vn -0.86614197  0.00000000 -0.50393701
vn -0.70866102  0.00000000 -0.70866102
vn -0.70866102  0.00000000 -0.70866102
vn -0.70866102  0.00000000 -0.70866102
vn -0.70866102  0.00000000 -0.70866102
vn -0.69291300 -0.18897600 -0.69291300
vn -0.70866102  0.00000000 -0.70866102
vn -0.65354300 -0.37795299 -0.65354300
vn -0.65354300 -0.37795299 -0.65354300
vn -0.59842497 -0.56692898 -0.56692898
vn  0.49606299 -0.86614197  0.00000000
vn  0.70866102 -0.70866102  0.00000000
vn  0.50393701 -0.86614197  0.00000000
vn  0.25984299 -0.96850401  0.00000000
vn  0.50393701 -0.86614197  0.00000000
vn  0.50393701 -0.83464599  0.22047199
vn  0.00000000  0.00000000  1.00000000
vn  0.00000000  0.00000000  1.00000000
vn  0.64566898 -0.66141701  0.37795299
vn  0.64566898 -0.66141701  0.37795299
vn  0.73228300 -0.45669299  0.51181102
vn  0.49606299 -0.74803102  0.43307099
vn  0.50393701 -0.61417300  0.61417300
vn  0.50393701 -0.61417300  0.61417300
vn  0.25984299 -0.68503898  0.68503898
vn  0.25984299 -0.83464599  0.48031500
vn  0.00000000 -0.86614197  0.50393701
vn  0.00000000 -0.70866102  0.70866102
vn  0.00000000 -0.86614197  0.50393701
vn  0.00000000 -0.86614197  0.50393701
vn  0.00000000 -0.70866102  0.70866102
vn  0.00000000 -0.70866102  0.70866102
vn  0.00000000 -0.70866102  0.70866102
vn  0.00000000 -0.96850401  0.25984299
vn  0.25984299 -0.92913401  0.25196901
vn  0.69291300 -0.69291300  0.22047199
vn  0.70866102 -0.70866102  0.00000000
vn  0.70866102 -0.70866102  0.00000000
vn  0.69291300 -0.69291300  0.22047199
vn  0.00000000 -1.00000000  0.00000000
vn  0.00000000 -0.96850401  0.25984299
vn  0.00000000 -0.96850401  0.25984299
vn  0.70866102 -0.70866102  0.00000000
vn  0.70866102 -0.70866102  0.00000000
vn  0.00000000 -1.00000000  0.00000000
vn  0.00000000 -1.00000000  0.00000000
vn  0.25984299 -0.96850401  0.00000000
vn  0.00000000 -1.00000000  0.00000000
vn  0.00000000 -1.00000000  0.00000000
vn  0.00000000 -1.00000000  0.00000000
vn  0.00000000 -1.00000000  0.00000000
vn  0.00000000 -1.00000000  0.00000000
vn  0.70866102 -0.70866102  0.00000000
vn  0.25984299 -0.96850401  0.00000000
vn  0.00000000 -1.00000000  0.00000000
vn  0.00000000 -1.00000000  0.00000000
vn  0.00000000 -0.96850401 -0.25984299
vn  0.00000000 -0.96850401 -0.25984299
vn  0.00000000 -0.70866102  0.70866102
vn  0.00000000 -1.00000000  0.00000000
vn  0.00000000 -1.00000000  0.00000000
vn -0.25984299 -0.96850401  0.00000000
vn -0.25984299 -0.96850401  0.00000000
vn  0.00000000 -1.00000000  0.00000000
vn  0.00000000 -1.00000000  0.00000000
vn  0.00000000 -1.00000000  0.00000000
vn  0.00000000 -1.00000000  0.00000000
vn  0.00000000 -1.00000000  0.00000000
vn  0.00000000 -0.96850401 -0.25984299
vn  0.25984299 -0.92913401 -0.25196901
vn  0.50393701 -0.74803102 -0.43307099
vn  0.64566898 -0.66141701 -0.37795299
vn  0.50393701 -0.83464599 -0.22047199
vn  0.50393701 -0.61417300 -0.61417300
vn  0.68503898 -0.69291300 -0.22047199
vn  0.64566898 -0.66141701 -0.37795299
vn  0.68503898 -0.69291300 -0.22047199
vn  0.49606299 -0.86614197  0.00000000
vn  0.25984299 -0.96850401  0.00000000
vn  0.70866102 -0.70866102  0.00000000
vn  0.86614197 -0.49606299  0.00000000
vn  0.25984299 -0.83464599 -0.48031500
vn  0.00000000 -0.86614197 -0.49606299
vn  0.00000000 -0.86614197 -0.50393701
vn  0.00000000 -0.70866102 -0.70866102
vn  0.00000000 -0.86614197 -0.49606299
vn  0.00000000 -0.86614197  0.50393701
vn  0.00000000 -0.70866102  0.70866102
vn -0.25984299 -0.68503898  0.68503898
vn  0.00000000 -1.00000000  0.00000000
vn  0.00000000 -0.96850401  0.25984299
vn -0.25984299 -0.92913401  0.25196901
vn -0.25984299 -0.96850401  0.00000000
vn -0.25984299 -0.83464599  0.48031500
vn -0.50393701 -0.83464599  0.22047199
vn -0.49606299 -0.74803102  0.43307099
vn -0.64566898 -0.66141701  0.37795299
vn -0.49606299 -0.61417300  0.61417300
vn -0.50393701 -0.86614197  0.00000000
vn -0.25984299 -0.83464599 -0.48031500
vn  0.00000000 -0.86614197 -0.50393701
vn  0.00000000 -0.96850401 -0.25984299
vn -0.49606299 -0.74803102 -0.43307099
vn -0.25984299 -0.92913401 -0.25196901
vn -0.49606299 -0.61417300 -0.61417300
vn -0.49606299 -0.83464599 -0.22047199
vn -0.25984299 -0.96850401  0.00000000
vn -0.50393701 -0.86614197  0.00000000
vn  0.00000000 -0.70866102 -0.70866102
vn  0.74015701 -0.45669299 -0.49606299
vn  0.00000000 -0.70866102 -0.70866102
vn  0.25984299 -0.68503898 -0.68503898
vn  0.00000000 -0.70866102 -0.70866102
vn  0.00000000 -0.70866102 -0.70866102
vn  0.00000000 -0.49606299 -0.86614197
vn  0.00000000 -0.70866102 -0.70866102
vn -0.25984299 -0.68503898 -0.68503898
vn  0.00000000 -0.70866102 -0.70866102
vn -0.25984299 -0.68503898 -0.68503898
vn -0.72440898 -0.46456701 -0.51181102
vn -0.86614197 -0.50393701  0.00000000
vn -0.70866102 -0.70866102  0.00000000
vn -0.69291300 -0.69291300 -0.22047199
vn -0.57480299 -0.57480299  0.57480299
vn -0.57480299 -0.57480299  0.57480299
vn -0.74015701 -0.45669299  0.48818901
vn -0.57480299 -0.57480299  0.57480299
vn -0.50393701 -0.86614197  0.00000000
vn -0.69291300 -0.69291300  0.22047199
vn -0.70866102 -0.70866102  0.00000000
vn -0.70866102 -0.70866102  0.00000000
vn -0.50393701 -0.86614197  0.00000000
vn -0.70866102 -0.70866102  0.00000000
vn -0.70866102 -0.70866102  0.00000000
vn -0.70866102 -0.70866102  0.00000000
vn -0.70866102 -0.70866102  0.00000000
vn -0.64566898 -0.66141701 -0.37795299
vn -0.69291300 -0.69291300 -0.22047199
vn -0.64566898 -0.66141701 -0.37795299
vn -0.70866102 -0.70866102  0.00000000
vn -0.59842497 -0.56692898 -0.56692898
vn  0.67716497  0.53543299  0.50393701
vn  0.00000000  1.00000000  0.00000000
vn  0.00000000  0.00000000 -1.00000000
vn  0.00000000  0.00000000 -1.00000000
vn  0.00000000  0.70866102 -0.70866102
vn  0.70866102  0.00000000  0.70866102
vn  0.00000000  0.00000000  1.00000000
vn  0.00000000 -0.70866102  0.70866102
vn -0.70866102  0.00000000 -0.70866102
vn  0.50393701 -0.61417300 -0.61417300
vn  0.70866102 -0.70866102  0.00000000
vn  1.00000000  0.00000000  0.00000000
vn  0.96850401  0.00000000 -0.25984299
vn  1.00000000  0.00000000  0.00000000
vn  0.96850401  0.00000000 -0.25984299
vn  0.96850401  0.00000000  0.25984299
vn  0.96850401  0.00000000  0.25984299
vn  0.86614197  0.00000000  0.49606299
vn  0.86614197  0.00000000  0.49606299
vn  0.70866102  0.00000000  0.70866102
vn  0.76378000  0.00000000  0.64566898
vn  0.70866102  0.00000000  0.70866102
vn  0.00000000  1.00000000  0.00000000
vn  0.00000000  1.00000000  0.00000000
vn  0.00000000  1.00000000  0.00000000
vn  0.00000000  1.00000000  0.00000000
vn  0.00000000  1.00000000  0.00000000
vn  0.00000000 -1.00000000  0.00000000
vn  0.00000000 -1.00000000  0.00000000
vn  0.00000000 -1.00000000  0.00000000
vn  0.00000000 -1.00000000  0.00000000
vn  0.00000000 -1.00000000  0.00000000
vn  0.86614197  0.00000000 -0.49606299
vn  0.86614197  0.00000000 -0.49606299
vn  0.70866102  0.00000000 -0.70866102
vn  0.70866102  0.00000000 -0.70866102
vn  0.70866102  0.00000000 -0.70866102
vn  0.49606299  0.00000000 -0.86614197
vn  0.70866102  0.00000000 -0.70866102
vn  0.49606299  0.00000000 -0.86614197
vn  0.53543299  0.00000000 -0.84252000
vn  0.56692898  0.00000000 -0.81889802
vn -0.70866102  0.00000000  0.70866102
vn -0.70866102  0.00000000  0.70866102
vn -0.49606299  0.00000000  0.86614197
vn -0.49606299  0.00000000  0.86614197
vn  0.00000000  1.00000000  0.00000000
vn  0.00000000  1.00000000  0.00000000
vn  0.00000000  1.00000000  0.00000000
vn  0.00000000 -1.00000000  0.00000000
vn  0.00000000 -1.00000000  0.00000000
vn  0.00000000 -1.00000000  0.00000000
vn -0.86614197  0.00000000  0.49606299
vn -0.86614197  0.00000000  0.49606299
vn -0.70866102  0.00000000  0.70866102
vn -0.70866102  0.00000000  0.70866102
vn  0.00000000  1.00000000  0.00000000
vn  0.00000000  1.00000000  0.00000000
vn  0.00000000 -1.00000000  0.00000000
vn -0.96850401  0.00000000  0.25984299
vn -0.96850401  0.00000000  0.25984299
vn  0.00000000  1.00000000  0.00000000
vn  0.00000000 -1.00000000  0.00000000
vn -1.00000000  0.00000000  0.00000000
vn -1.00000000  0.00000000  0.00000000
vn  0.00000000  1.00000000  0.00000000
vn  0.00000000 -1.00000000  0.00000000
vn  0.00000000 -1.00000000  0.00000000
vn -0.96850401  0.00000000 -0.25984299
vn -0.96850401  0.00000000 -0.25984299
vn  0.00000000  1.00000000  0.00000000
vn  0.00000000  1.00000000  0.00000000
vn  0.00000000 -1.00000000  0.00000000
vn  0.00000000 -1.00000000  0.00000000
vn -0.86614197  0.00000000 -0.49606299
vn -0.86614197  0.00000000 -0.49606299
vn  0.00000000 -1.00000000  0.00000000
vn -0.70866102  0.00000000 -0.70866102
vn -0.70866102  0.00000000 -0.70866102
vn -0.49606299  0.00000000 -0.86614197
vn -0.49606299  0.00000000 -0.86614197
vn -0.70866102  0.00000000 -0.70866102
vn -0.70866102  0.00000000 -0.70866102
vn  0.00000000  1.00000000  0.00000000
vn  0.49606299  0.00000000  0.86614197
vn  0.53543299  0.00000000  0.84252000
vn  0.49606299  0.00000000  0.86614197
vn  0.70866102  0.00000000  0.70866102
vn  0.70866102  0.00000000  0.70866102
vn -1.00000000  0.00000000  0.00000000
vn -1.00000000  0.00000000  0.00000000
vn -1.00000000  0.00000000  0.00000000
vn -1.00000000  0.00000000  0.00000000
vn -1.00000000  0.00000000  0.00000000
vn -1.00000000  0.00000000  0.00000000
vn -1.00000000  0.00000000  0.00000000
vn -1.00000000  0.00000000  0.00000000
vn -0.36220500  0.00000000 -0.92913401
vn -0.36220500  0.00000000 -0.92913401
vn -0.36220500  0.00000000 -0.92913401
vn -0.36220500  0.00000000  0.92913401
vn -0.36220500  0.00000000  0.92913401
vn -0.36220500  0.00000000  0.92913401
vn  0.00000000  1.00000000  0.00000000
vn  0.00000000  1.00000000  0.00000000
vn  0.00000000  1.00000000  0.00000000
vn  0.00000000 -1.00000000  0.00000000
vn  0.00000000 -1.00000000  0.00000000
vn  0.00000000 -1.00000000  0.00000000
vn  0.00000000  1.00000000  0.00000000
vn  0.00000000  1.00000000  0.00000000
vn  0.00000000  1.00000000  0.00000000
vn  0.30708700  0.00000000 -0.95275599
vn  0.30708700  0.00000000 -0.95275599
vn  0.30708700  0.00000000 -0.95275599
vn  0.30708700  0.00000000  0.95275599
vn  0.30708700  0.00000000  0.95275599
vn  0.30708700  0.00000000  0.95275599
vn  0.00000000  1.00000000  0.00000000
vn  0.00000000 -1.00000000  0.00000000
vn  0.00000000 -1.00000000  0.00000000
vn  0.00000000 -1.00000000  0.00000000
vn  0.00000000 -1.00000000  0.00000000
vn  0.00000000 -1.00000000  0.00000000
vn  0.00000000  1.00000000  0.00000000
vn  0.00000000 -1.00000000  0.00000000
vn  0.00000000 -1.00000000  0.00000000
vn  0.00000000  1.00000000  0.00000000
vn  0.00000000  1.00000000  0.00000000
vn  0.00000000  1.00000000  0.00000000
vn  0.00000000 -1.00000000  0.00000000
vn  0.70866102  0.00000000  0.70866102
vn  0.49606299  0.00000000  0.86614197
vn  0.70866102  0.00000000  0.70866102
vn  0.49606299  0.00000000  0.86614197
vn  0.25984299  0.00000000  0.96850401
vn  0.25984299  0.00000000  0.96850401
vn  0.00000000  0.00000000  1.00000000
vn  0.00000000  0.00000000  1.00000000
vn -0.25984299  0.00000000  0.96850401
vn -0.25984299  0.00000000  0.96850401
vn -0.49606299  0.00000000  0.86614197
vn -0.49606299  0.00000000  0.86614197
vn -0.70866102  0.00000000  0.70866102
vn -0.70866102  0.00000000  0.70866102
vn  0.00000000  0.00000000 -1.00000000
vn  0.00000000  0.00000000 -1.00000000
vn  0.00000000  0.00000000 -1.00000000
vn  0.00000000  0.00000000 -1.00000000
vn -0.70866102  0.00000000  0.70866102
vn -0.85039401  0.00000000  0.52755898
vn -0.70866102  0.00000000  0.70866102
vn -0.85039401  0.00000000  0.52755898
vn  0.70866102  0.00000000  0.70866102
vn  0.85039401  0.00000000  0.52755898
vn  0.70866102  0.00000000  0.70866102
vn  0.85039401  0.00000000  0.52755898
vn  0.00000000 -1.00000000  0.00000000
vn  0.00000000 -1.00000000  0.00000000
vn  0.00000000 -1.00000000  0.00000000
vn  0.00000000 -1.00000000  0.00000000
vn  0.00000000 -1.00000000  0.00000000
vn  0.00000000 -1.00000000  0.00000000
vn  0.00000000 -1.00000000  0.00000000
vn  0.00000000 -1.00000000  0.00000000
vn  0.00000000 -1.00000000  0.00000000
vn  0.00000000  1.00000000  0.00000000
vn  0.00000000  1.00000000  0.00000000
vn  0.00000000  1.00000000  0.00000000
vn  0.00000000  1.00000000  0.00000000
vn  0.00000000  1.00000000  0.00000000
vn  0.00000000  1.00000000  0.00000000
vn  0.00000000  1.00000000  0.00000000
vn  0.00000000  1.00000000  0.00000000
vn  0.00000000  1.00000000  0.00000000
vn  1.00000000  0.00000000  0.00000000
vn  1.00000000  0.00000000  0.00000000
vn  1.00000000  0.00000000  0.00000000
vn  1.00000000  0.00000000  0.00000000
vn  0.00000000  1.00000000  0.00000000
vn  0.00000000  1.00000000  0.00000000
vn  0.00000000  1.00000000  0.00000000
vn  0.00000000  1.00000000  0.00000000
vn  0.00000000  0.00000000  1.00000000
vn  0.00000000  0.00000000  1.00000000
vn  0.00000000  0.00000000  1.00000000
vn  0.00000000  0.00000000  1.00000000
vn -1.00000000  0.00000000  0.00000000
vn -1.00000000  0.00000000  0.00000000
vn -1.00000000  0.00000000  0.00000000
vn -1.00000000  0.00000000  0.00000000
vn  0.00000000 -1.00000000  0.00000000
vn  0.00000000 -1.00000000  0.00000000
vn  0.00000000 -1.00000000  0.00000000
vn  0.00000000 -1.00000000  0.00000000
vn  0.00000000  0.00000000 -1.00000000
vn  0.00000000  0.00000000 -1.00000000
vn  0.00000000  0.00000000 -1.00000000
vn  0.00000000  0.00000000 -1.00000000
vn  0.00000000  0.00000000  1.00000000
vn  0.00000000  0.00000000  1.00000000
vn  0.00000000  0.00000000  1.00000000
vn  0.00000000  0.00000000  1.00000000
vn  1.00000000  0.00000000  0.00000000
vn  1.00000000  0.00000000  0.00000000
vn  1.00000000  0.00000000  0.00000000
vn  1.00000000  0.00000000  0.00000000
vn  0.00000000  1.00000000  0.00000000
vn  0.00000000  1.00000000  0.00000000
vn  0.00000000  1.00000000  0.00000000
vn  0.00000000  1.00000000  0.00000000
vn -1.00000000  0.00000000  0.00000000
vn -1.00000000  0.00000000  0.00000000
vn -1.00000000  0.00000000  0.00000000
vn -1.00000000  0.00000000  0.00000000
vn  0.00000000 -1.00000000  0.00000000
vn  0.00000000 -1.00000000  0.00000000
vn  0.00000000 -1.00000000  0.00000000
vn  0.00000000 -1.00000000  0.00000000
vn  0.00000000  0.00000000  1.00000000
vn  0.00000000  0.00000000  1.00000000
vn  0.00000000  0.00000000  1.00000000
vn  0.00000000  0.00000000  1.00000000
vn  1.00000000  0.00000000  0.00000000
vn  1.00000000  0.00000000  0.00000000
vn  1.00000000  0.00000000  0.00000000
vn  1.00000000  0.00000000  0.00000000
vn  0.00000000  1.00000000  0.00000000
vn  0.00000000  1.00000000  0.00000000
vn  0.00000000  1.00000000  0.00000000
vn  0.00000000  1.00000000  0.00000000
vn -1.00000000  0.00000000  0.00000000
vn -1.00000000  0.00000000  0.00000000
vn -1.00000000  0.00000000  0.00000000
vn -1.00000000  0.00000000  0.00000000
vn  0.00000000 -1.00000000  0.00000000
vn  0.00000000 -1.00000000  0.00000000
vn  0.00000000 -1.00000000  0.00000000
vn  0.00000000 -1.00000000  0.00000000
vn  0.00000000  0.00000000 -1.00000000
vn  0.00000000  0.00000000 -1.00000000
vn  0.00000000  0.00000000 -1.00000000
vn  0.00000000  0.00000000 -1.00000000
vn  0.00000000  0.00000000 -1.00000000
vn  0.00000000  0.00000000 -1.00000000
vn  0.00000000  0.00000000 -1.00000000
vn  0.00000000  0.00000000 -1.00000000

g Sidetrimb1
usemtl Sidetrimb1Mtl
f 1/22/1 2/1/2 3/19/3
f 2/1/2 4/2/4 3/19/3
f 2/1/2 5/3/5 4/2/4
f 5/3/5 6/4/6 4/2/4
f 5/3/5 7/5/7 6/4/6
f 7/5/7 8/7/8 6/4/6
f 7/5/7 9/6/9 8/7/8
f 9/6/9 10/8/10 8/7/8
f 9/6/9 11/9/11 10/8/10
f 11/9/11 12/10/12 10/8/10
f 11/9/11 13/11/13 12/10/12
f 13/11/13 14/18/14 12/10/12
f 15/12/15 16/13/16 17/14/17
f 16/13/16 18/15/18 17/14/17
f 19/11/19 20/16/20 21/18/21
f 20/16/20 22/17/22 21/18/21
f 23/19/23 24/20/24 25/22/25
f 24/20/24 26/21/26 25/22/25
f 27/23/27 28/24/28 29/31/29
f 28/24/28 30/25/30 29/31/29
f 30/25/30 31/26/31 29/31/29
f 31/26/31 32/27/32 29/31/29
f 32/27/32 33/28/33 29/31/29
f 33/28/33 34/29/34 29/31/29
f 34/29/34 35/30/35 29/31/29
f 36/32/36 37/33/37 38/36/38
f 37/33/37 39/34/39 38/36/38
f 39/34/39 40/35/40 38/36/38
f 40/35/40 41/37/41 38/36/38
f 41/37/41 42/38/42 38/36/38
f 42/38/42 43/39/43 38/36/38
f 43/39/43 44/40/44 38/36/38
g Feetfb1
f 45/59/45 46/41/46 47/43/47
f 46/41/46 48/42/48 47/43/47
f 49/44/49 50/45/50 51/63/51
f 50/45/50 52/46/52 51/63/51
f 53/47/53 54/48/54 55/50/55
f 54/48/54 56/49/56 55/50/55
f 57/66/57 58/51/58 59/53/59
f 58/51/58 60/52/60 59/53/59
f 61/71/61 62/55/62 63/54/63
f 62/55/62 64/56/64 63/54/63
f 65/57/65 66/58/66 67/59/67
f 66/58/66 68/60/68 67/59/67
f 69/61/69 70/62/70 71/63/71
f 70/62/70 72/46/72 71/63/71
f 73/50/73 74/49/74 75/64/75
f 74/49/74 76/65/76 75/64/75
f 77/66/77 78/51/78 79/67/79
f 78/51/78 80/68/80 79/67/79
f 81/69/81 82/70/82 83/71/83
f 82/70/82 84/55/84 83/71/83
f 85/72/85 86/73/86 87/75/87
f 86/73/86 88/74/88 87/75/87
f 89/75/89 90/76/90 91/77/91
f 90/76/90 92/78/92 91/77/91
g Union1
f 93/79/93 94/95/94 95/80/95
f 94/95/94 96/98/96 95/80/95
f 97/81/97 93/79/93 98/82/98
f 93/79/93 95/80/95 98/82/98
f 99/84/99 97/81/97 100/85/100
f 97/81/97 98/82/98 100/85/100
f 101/83/101 99/84/99 102/86/102
f 99/84/99 100/85/100 102/86/102
f 103/87/103 104/83/104 105/88/105
f 104/83/104 106/86/106 105/88/105
f 107/91/107 108/89/108 109/93/109
f 108/89/108 110/90/110 109/93/109
f 111/94/111 107/91/107 112/92/112
f 107/91/107 109/93/109 112/92/112
f 113/96/113 114/94/114 115/97/115
f 114/94/114 116/92/116 115/97/115
f 94/95/94 113/96/113 96/98/96
f 113/96/113 115/97/115 96/98/96
f 117/99/117 103/87/103 118/100/118
f 103/87/103 105/88/105 118/100/118
f 119/111/119 120/108/120 121/101/121
f 120/108/120 122/132/122 121/101/121
f 123/132/123 124/108/124 125/132/125
f 124/108/124 126/108/126 125/132/125
f 127/101/127 128/101/128 129/111/129
f 128/101/128 130/111/130 129/111/129
f 131/102/131 132/103/132 133/115/133
f 132/103/132 134/104/134 133/115/133
f 134/104/134 135/105/135 133/115/133
f 135/105/135 136/106/136 133/115/133
f 136/106/136 137/107/137 133/115/133
f 137/108/137 138/108/138 133/109/133
f 138/107/138 139/110/139 133/115/133
f 139/111/139 140/111/140 133/109/133
f 140/110/140 141/112/141 133/115/133
f 141/112/141 142/113/142 133/115/133
f 142/113/142 143/114/143 133/115/133
f 143/114/143 144/116/144 133/115/133
f 144/116/144 145/117/145 133/115/133
f 146/118/146 147/120/147 148/119/148
f 147/120/147 149/121/149 148/119/148
f 149/121/149 150/122/150 148/119/148
f 150/122/150 151/123/151 148/119/148
f 151/123/151 152/124/152 148/119/148
f 152/124/152 153/125/153 148/119/148
f 153/125/153 154/126/154 148/119/148
f 154/126/154 155/127/155 148/119/148
f 155/127/155 156/128/156 148/119/148
f 156/128/156 157/129/157 148/119/148
f 157/101/157 158/101/158 148/130/148
f 158/129/158 159/131/159 148/119/148
f 159/132/159 160/132/160 148/130/148
f 118/133/118 130/134/130 117/135/117
f 130/134/130 128/136/128 117/135/117
f 108/137/108 125/138/125 110/140/110
f 125/138/125 126/139/126 110/140/110
g Feetbb1
f 161/141/161 162/143/162 163/142/163
f 163/142/163 162/143/162 164/144/164
f 165/145/165 166/147/166 167/146/167
f 167/146/167 166/147/166 168/148/168
f 169/149/169 170/151/170 171/150/171
f 171/150/171 170/151/170 172/152/172
f 173/153/173 174/155/174 175/154/175
f 175/154/175 174/155/174 176/156/176
f 177/157/177 178/158/178 179/159/179
f 179/159/179 178/158/178 180/160/180
f 181/161/181 182/162/182 183/163/183
f 183/163/183 182/162/182 184/164/184
g Mainunit1
f 185/295/185 186/398/186 187/398/187
f 188/398/188 189/295/189 190/295/190
f 191/295/191 192/295/192 193/295/193
f 194/398/194 195/295/195 196/398/196
f 190/295/190 188/398/188 188/398/188
f 188/398/188 197/398/197 198/398/198
f 197/398/197 188/398/188 188/398/188
f 198/398/198 197/398/197 199/398/199
f 200/398/200 194/398/194 196/398/196
f 199/398/199 197/398/197 201/165/201
f 202/165/202 198/398/198 199/398/199
f 198/398/198 202/165/202 203/165/203
f 203/165/203 202/165/202 201/165/201
f 204/165/204 205/165/205 206/291/206
f 203/165/203 207/165/207 198/398/198
f 201/165/201 202/165/202 199/398/199
f 208/291/208 209/165/209 210/165/210
f 201/165/201 211/291/211 203/165/203
f 212/291/212 211/291/211 213/291/213
f 211/291/211 212/291/212 203/165/203
f 205/165/205 214/291/214 215/291/215
f 216/291/216 208/291/208 217/291/217
f 218/291/218 218/291/218 219/291/219
f 213/291/213 213/291/213 212/291/212
f 220/291/220 213/291/213 221/291/221
f 213/291/213 220/291/220 212/291/212
f 209/165/209 200/398/200 196/398/196
f 222/291/222 223/291/223 224/291/224
f 225/291/225 226/291/226 220/291/220
f 215/291/215 222/291/222 206/291/206
f 227/291/227 228/291/228 229/291/229
f 230/291/230 231/291/231 230/291/230
f 221/291/221 232/291/232 220/291/220
f 233/291/233 230/291/230 233/291/233
f 232/291/232 234/291/234 220/291/220
f 225/291/225 234/291/234 235/291/235
f 234/291/234 225/291/225 220/291/220
f 223/291/223 236/291/236 222/291/222
f 237/291/237 238/291/238 237/291/237
f 234/291/234 239/291/239 235/291/235
f 240/166/240 241/1142/241 241/1142/241
f 242/1142/242 243/166/243 244/1142/244
f 241/1142/241 245/1142/245 241/1142/241
f 246/775/246 247/775/247 248/775/248
f 249/775/249 250/775/250 251/775/251
f 251/775/251 250/775/250 252/775/252
f 253/775/253 246/775/246 248/775/248
f 254/291/254 255/291/255 256/165/256
f 255/291/255 254/291/254 257/291/257
f 258/291/258 259/291/259 258/291/258
f 260/291/260 261/291/261 262/291/262
f 257/291/257 263/291/263 255/291/255
f 264/291/264 265/291/265 266/291/266
f 267/226/267 268/226/268 269/226/269
f 270/226/270 271/226/271 272/416/272
f 272/416/272 271/226/271 273/416/273
f 274/167/274 275/168/275 276/169/276
f 277/241/277 278/699/278 279/241/279
f 280/416/280 273/416/273 281/414/281
f 273/416/273 280/416/280 272/416/272
f 282/416/282 283/416/283 284/416/284
f 285/1135/285 286/208/286 204/234/204
f 287/414/287 285/414/285 288/414/288
f 281/414/281 289/414/289 280/416/280
f 283/416/283 290/414/290 291/414/291
f 292/227/292 293/227/293 293/227/293
f 293/227/293 292/227/292 292/227/292
f 293/227/293 292/227/292 294/227/294
f 293/227/293 295/227/295 296/227/296
f 295/227/295 293/227/293 292/227/292
f 293/227/293 296/227/296 297/227/297
f 298/228/298 299/170/299 300/230/300
f 301/170/301 302/228/302 303/215/303
f 297/227/297 293/227/293 293/227/293
f 304/171/304 301/170/301 303/215/303
f 293/227/293 292/227/292 292/227/292
f 305/227/305 306/227/306 305/227/305
f 306/227/306 305/227/305 305/227/305
f 305/227/305 305/227/305 307/227/307
f 308/227/308 309/227/309 310/227/310
f 305/227/305 306/227/306 306/227/306
f 311/227/311 311/227/311 312/227/312
f 313/227/313 313/227/313 314/227/314
f 306/227/306 306/227/306 306/227/306
f 306/227/306 306/227/306 315/227/315
f 316/227/316 313/227/313 317/227/317
f 318/227/318 315/227/315 319/227/319
f 315/227/315 318/227/318 306/227/306
f 306/227/306 318/227/318 320/227/320
f 321/222/321 316/172/316 322/231/322
f 294/227/294 319/227/319 292/227/292
f 319/227/319 294/227/294 318/227/318
f 318/227/318 294/227/294 292/227/292
f 323/222/323 304/171/304 303/215/303
f 292/227/292 294/227/294 318/227/318
f 324/227/324 323/227/323 325/227/325
f 294/227/294 320/227/320 318/227/318
f 320/227/320 326/227/326 306/227/306
f 306/227/306 326/227/326 305/227/305
f 307/227/307 305/227/305 305/227/305
f 309/227/309 327/227/327 309/227/309
f 328/227/328 325/227/325 323/227/323
f 329/227/329 330/227/330 330/227/330
f 331/173/331 332/233/332 333/289/333
f 329/227/329 330/227/330 297/227/297
f 329/227/329 297/227/297 334/227/334
f 335/227/335 329/227/329 329/227/329
f 329/227/329 335/227/335 334/227/334
f 329/227/329 334/227/334 335/227/335
f 332/227/332 332/227/332 336/227/336
f 334/227/334 297/227/297 296/227/296
f 337/309/337 338/181/338 338/181/338
f 338/181/338 337/309/337 339/309/339
f 340/309/340 341/309/341 342/309/342
f 343/189/343 344/189/344 345/189/345
f 346/189/346 347/189/347 337/309/337
f 338/181/338 338/181/338 348/181/348
f 349/190/349 350/190/350 351/214/351
f 352/190/352 353/190/353 354/190/354
f 355/190/355 349/190/349 356/190/356
f 357/190/357 358/190/358 359/190/359
f 354/190/354 360/190/360 352/190/352
f 352/190/352 360/190/360 361/214/361
f 362/177/362 363/174/363 364/175/364
f 363/174/363 362/177/362 365/249/365
f 366/911/366 367/176/367 368/918/368
f 362/177/362 369/178/369 365/249/365
f 365/425/365 369/405/369 370/425/370
f 369/178/369 371/256/371 372/255/372
f 372/179/372 371/180/371 373/179/373
f 371/256/371 374/311/374 375/185/375
f 374/189/374 371/180/371 376/180/376
f 375/181/375 374/189/374 377/181/377
f 378/184/378 359/183/359 379/182/379
f 359/183/359 378/184/378 380/200/380
f 359/190/359 358/190/358 381/190/381
f 382/181/382 383/181/383 384/309/384
f 383/181/383 382/181/382 385/257/385
f 386/185/386 340/186/340 387/188/387
f 340/399/340 386/400/386 388/187/388
f 388/257/388 386/181/386 389/257/389
f 386/181/386 390/181/390 391/181/391
f 390/259/390 386/185/386 387/188/387
f 376/180/376 392/189/392 374/189/374
f 393/189/393 394/189/394 393/189/393
f 394/189/394 393/189/393 374/189/374
f 387/309/387 340/309/340 342/309/342
f 395/189/395 396/189/396 379/189/379
f 345/189/345 345/189/345 397/190/397
f 398/309/398 386/181/386 391/181/391
f 382/181/382 384/309/384 399/181/399
f 345/182/345 400/183/400 397/192/397
f 401/190/401 395/189/395 379/189/379
f 402/190/402 359/190/359 403/190/403
f 359/190/359 402/190/402 379/189/379
f 379/189/379 402/190/402 403/190/403
f 401/190/401 379/189/379 403/190/403
f 401/190/401 403/190/403 404/190/404
f 400/190/400 405/190/405 397/190/397
f 406/190/406 356/190/356 349/190/349
f 381/190/381 403/190/403 359/190/359
f 403/190/403 403/190/403 407/214/407
f 403/190/403 403/190/403 359/190/359
f 349/190/349 351/214/351 408/214/408
f 303/215/303 397/192/397 405/183/405
f 397/192/397 303/215/303 409/408/409
f 345/189/345 410/189/410 343/189/343
f 410/191/410 345/182/345 397/192/397
f 411/214/411 357/190/357 412/214/412
f 351/214/351 413/214/413 408/214/408
f 361/214/361 414/214/414 352/190/352
f 415/1133/415 416/193/416 417/248/417
f 418/194/418 419/195/419 367/203/367
f 420/196/420 421/197/421 422/198/422
f 421/1131/421 420/199/420 367/203/367
f 367/203/367 420/199/420 422/202/422
f 423/200/423 422/202/422 424/201/424
f 422/411/422 423/407/423 380/407/380
f 422/202/422 380/200/380 367/203/367
f 425/264/425 426/204/426 427/209/427
f 421/1131/421 428/1134/428 429/205/429
f 422/202/422 429/205/429 424/201/424
f 429/205/429 422/202/422 421/1131/421
f 282/208/282 430/207/430 431/206/431
f 430/207/430 282/208/282 429/205/429
f 432/226/432 433/410/433 434/241/434
f 430/410/430 435/226/435 431/226/431
f 436/250/436 427/209/427 415/1133/415
f 427/209/427 436/250/436 437/209/437
f 415/1133/415 417/248/417 436/250/436
f 380/407/380 423/407/423 359/190/359
f 380/200/380 378/184/378 367/203/367
f 424/409/424 438/692/438 439/409/439
f 438/210/438 424/201/424 429/205/429
f 438/211/438 429/212/429 284/213/284
f 423/200/423 411/216/411 357/183/357
f 411/216/411 423/200/423 439/201/439
f 424/409/424 439/409/439 423/407/423
f 411/216/411 439/201/439 440/223/440
f 412/214/412 411/214/411 309/227/309
f 411/214/411 412/214/412 357/190/357
f 411/214/411 412/214/412 441/214/441
f 438/210/438 284/208/284 439/201/439
f 284/416/284 283/416/283 291/414/291
f 442/414/442 284/416/284 443/414/443
f 284/208/284 442/1135/442 439/201/439
f 439/201/439 443/1135/443 440/223/440
f 443/414/443 439/409/439 442/414/442
f 309/227/309 411/214/411 440/227/440
f 308/227/308 309/227/309 440/227/440
f 309/227/309 308/227/308 308/227/308
f 310/227/310 309/227/309 310/227/310
f 309/227/309 310/227/310 412/214/412
f 412/214/412 310/227/310 310/227/310
f 308/227/308 308/227/308 444/227/444
f 308/227/308 310/227/310 309/227/309
f 445/190/445 403/190/403 446/214/446
f 403/190/403 445/190/445 404/190/404
f 404/190/404 445/190/445 446/214/446
f 303/215/303 405/183/405 447/216/447
f 441/214/441 412/214/412 448/214/448
f 407/214/407 441/214/441 403/190/403
f 441/214/441 407/214/407 411/214/411
f 408/214/408 406/190/406 349/190/349
f 446/214/446 441/214/441 448/214/448
f 441/214/441 446/214/446 403/190/403
f 446/214/446 448/214/448 404/190/404
f 310/227/310 309/227/309 309/227/309
f 310/227/310 309/227/309 441/214/441
f 448/214/448 412/214/412 441/214/441
f 449/216/449 328/223/328 323/222/323
f 447/214/447 449/214/449 303/214/303
f 450/227/450 308/227/308 308/227/308
f 451/217/451 300/230/300 321/222/321
f 452/219/452 453/218/453 453/218/453
f 453/218/453 453/218/453 454/221/454
f 455/219/455 456/218/456 457/221/457
f 453/218/453 452/219/452 452/219/452
f 452/219/452 452/219/452 458/220/458
f 459/221/459 453/218/453 454/221/454
f 460/224/460 451/217/451 321/222/321
f 459/221/459 454/221/454 461/225/461
f 457/224/457 462/223/462 288/1135/288
f 463/227/463 459/221/459 461/225/461
f 322/231/322 460/224/460 321/222/321
f 463/227/463 461/225/461 312/227/312
f 314/227/314 322/225/322 464/227/464
f 465/226/465 431/226/431 435/226/435
f 466/226/466 432/226/432 467/226/467
f 435/226/435 468/226/468 465/226/465
f 468/226/468 469/226/469 465/226/465
f 269/226/269 470/226/470 267/226/267
f 279/241/279 471/296/471 470/226/470
f 471/296/471 279/241/279 278/699/278
f 472/241/472 473/241/473 434/241/434
f 434/241/434 473/241/473 467/226/467
f 427/209/427 434/241/434 433/410/433
f 434/241/434 427/209/427 472/241/472
f 432/226/432 434/241/434 467/226/467
f 291/414/291 443/414/443 474/414/474
f 443/414/443 291/414/291 440/227/440
f 440/227/440 291/414/291 475/414/475
f 444/227/444 440/227/440 327/227/327
f 440/227/440 444/227/444 308/227/308
f 308/227/308 444/227/444 450/227/450
f 444/227/444 308/227/308 308/227/308
f 450/227/450 308/227/308 444/227/444
f 474/414/474 291/414/291 475/414/475
f 291/414/291 474/414/474 443/414/443
f 291/414/291 474/414/474 475/414/475
f 288/414/288 476/414/476 287/414/287
f 440/227/440 475/414/475 477/227/477
f 327/227/327 440/227/440 477/227/477
f 450/227/450 327/227/327 450/227/450
f 327/227/327 450/227/450 444/227/444
f 308/227/308 450/227/450 308/227/308
f 450/227/450 450/227/450 444/227/444
f 300/230/300 336/232/336 298/228/298
f 336/232/336 300/230/300 478/229/478
f 300/230/300 299/170/299 321/222/321
f 321/227/321 299/227/299 479/227/479
f 444/227/444 308/227/308 308/227/308
f 450/227/450 308/227/308 480/227/480
f 308/227/308 450/227/450 444/227/444
f 314/227/314 317/227/317 313/227/313
f 317/227/317 481/227/481 316/227/316
f 444/227/444 480/227/480 308/227/308
f 444/227/444 308/227/308 444/227/444
f 316/172/316 464/223/464 322/231/322
f 464/227/464 316/227/316 481/227/481
f 464/227/464 481/227/481 481/227/481
f 481/227/481 314/227/314 464/227/464
f 444/227/444 308/227/308 450/227/450
f 336/232/336 478/229/478 332/233/332
f 333/289/333 332/233/332 482/239/482
f 483/301/483 484/236/484 204/234/204
f 485/235/485 486/290/486 487/286/487
f 484/236/484 488/239/488 285/1135/285
f 489/237/489 485/235/485 489/237/489
f 489/237/489 489/237/489 490/220/490
f 458/220/458 490/220/490 452/219/452
f 490/220/490 458/220/458 489/237/489
f 488/237/488 491/220/491 455/219/455
f 492/206/492 493/238/493 286/208/286
f 471/296/471 267/226/267 470/226/470
f 478/229/478 482/239/482 332/233/332
f 276/307/276 494/716/494 495/716/495
f 494/716/494 276/307/276 496/716/496
f 497/716/497 498/716/498 499/240/499
f 500/307/500 276/307/276 275/241/275
f 276/307/276 500/307/500 496/716/496
f 501/716/501 502/307/502 503/716/503
f 502/307/502 472/241/472 427/209/427
f 504/242/504 505/242/505 506/242/506
f 505/242/505 504/242/504 507/242/507
f 508/242/508 509/242/509 507/242/507
f 509/242/509 508/242/508 510/242/510
f 510/242/510 508/242/508 511/242/511
f 507/242/507 509/242/509 505/242/505
f 512/242/512 510/242/510 511/242/511
f 510/242/510 512/242/512 509/242/509
f 509/242/509 512/242/512 505/242/505
f 506/242/506 509/242/509 505/242/505
f 509/242/509 506/242/506 505/242/505
f 513/242/513 514/242/514 514/242/514
f 515/254/515 516/258/516 517/278/517
f 518/242/518 518/242/518 519/242/519
f 518/242/518 518/242/518 520/242/520
f 521/261/521 522/262/522 523/314/523
f 524/242/524 525/242/525 526/242/526
f 520/242/520 518/242/518 519/242/519
f 511/242/511 505/242/505 512/242/512
f 520/242/520 518/242/518 518/242/518
f 527/257/527 388/257/388 389/257/389
f 528/257/528 529/257/529 338/181/338
f 530/181/530 531/257/531 385/257/385
f 529/257/529 348/181/348 338/181/338
f 377/181/377 530/181/530 375/181/375
f 519/242/519 518/242/518 532/282/532
f 505/242/505 533/242/533 506/242/506
f 533/242/533 534/242/534 535/242/535
f 536/242/536 519/242/519 537/282/537
f 537/282/537 519/242/519 532/282/532
f 538/251/538 539/245/539 540/243/540
f 541/245/541 542/251/542 543/244/543
f 539/245/539 544/244/544 545/246/545
f 546/247/546 543/700/543 547/263/547
f 539/245/539 545/246/545 365/249/365
f 546/247/546 546/247/546 548/250/548
f 545/247/545 545/247/545 363/248/363
f 417/248/417 546/247/546 436/250/436
f 363/174/363 365/249/365 545/246/545
f 547/263/547 543/700/543 549/266/549
f 550/331/550 542/331/542 551/331/551
f 542/331/542 550/331/550 549/266/549
f 552/266/552 553/331/553 554/266/554
f 555/266/555 556/266/556 557/266/557
f 558/331/558 559/331/559 560/331/560
f 553/331/553 561/331/561 554/266/554
f 556/266/556 562/331/562 557/266/557
f 562/331/562 556/266/556 563/331/563
f 546/247/546 548/250/548 436/250/436
f 538/331/538 564/718/564 565/718/565
f 564/267/564 538/251/538 540/243/540
f 540/421/540 539/1132/539 566/421/566
f 564/718/564 540/421/540 565/718/565
f 565/718/565 567/318/567 568/318/568
f 567/269/567 565/267/565 569/253/569
f 540/421/540 566/421/566 569/252/569
f 569/253/569 566/243/566 370/249/370
f 570/252/570 569/252/569 385/257/385
f 569/252/569 570/252/570 567/318/567
f 567/269/567 570/253/570 507/254/507
f 568/318/568 567/318/567 507/242/507
f 571/257/571 570/252/570 385/257/385
f 570/253/570 571/260/571 507/254/507
f 568/318/568 507/242/507 504/242/504
f 507/242/507 571/257/571 508/242/508
f 508/242/508 571/257/571 385/257/385
f 508/242/508 572/242/572 511/242/511
f 572/242/572 508/242/508 385/257/385
f 370/249/370 566/243/566 539/245/539
f 372/255/372 370/249/370 369/178/369
f 370/249/370 372/255/372 569/253/569
f 569/253/569 372/255/372 385/260/385
f 372/179/372 373/179/373 375/181/375
f 375/185/375 373/255/373 371/256/371
f 375/181/375 530/181/530 372/179/372
f 385/257/385 531/257/531 573/257/573
f 574/718/574 575/718/575 576/718/576
f 575/718/575 574/718/574 565/718/565
f 575/718/575 565/718/565 577/318/577
f 568/318/568 578/318/578 577/318/577
f 578/318/578 568/318/568 579/318/579
f 568/318/568 504/242/504 579/318/579
f 389/257/389 580/257/580 581/257/581
f 582/257/582 573/257/573 583/257/583
f 584/257/584 573/257/573 572/242/572
f 573/257/573 584/257/584 583/257/583
f 583/257/583 584/257/584 382/181/382
f 582/257/582 583/257/583 585/181/585
f 584/257/584 572/242/572 385/257/385
f 584/257/584 385/257/385 382/181/382
f 586/254/586 389/260/389 587/258/587
f 514/242/514 588/242/588 513/242/513
f 581/313/581 580/260/580 390/259/390
f 389/260/389 581/313/581 589/262/589
f 389/260/389 590/261/590 587/258/587
f 590/261/590 389/260/389 589/262/589
f 588/242/588 591/242/591 513/242/513
f 513/242/513 591/242/591 525/242/525
f 585/181/585 382/181/382 399/181/399
f 382/181/382 585/181/585 583/257/583
f 383/181/383 385/257/385 573/257/573
f 585/181/585 399/181/399 582/257/582
f 526/242/526 525/242/525 591/242/591
f 592/713/592 502/307/502 593/713/593
f 502/307/502 592/713/592 503/716/503
f 593/713/593 594/275/594 592/713/592
f 594/275/594 593/713/593 547/263/547
f 595/263/595 593/713/593 436/250/436
f 593/713/593 595/263/595 547/263/547
f 547/263/547 595/263/595 548/250/548
f 594/275/594 547/263/547 596/266/596
f 596/266/596 547/263/547 549/266/549
f 549/266/549 543/700/543 542/331/542
f 427/209/427 437/209/437 593/713/593
f 593/713/593 437/209/437 436/250/436
f 593/713/593 502/307/502 427/209/427
f 597/250/597 436/250/436 548/250/548
f 436/250/436 597/250/597 595/263/595
f 595/263/595 597/250/597 548/250/548
f 425/264/425 427/209/427 433/410/433
f 497/716/497 598/265/598 599/307/599
f 598/265/598 497/716/497 499/240/499
f 598/265/598 499/240/499 600/240/600
f 599/307/599 598/265/598 601/1142/601
f 599/307/599 601/1142/601 602/732/602
f 603/716/603 501/716/501 503/716/503
f 496/716/496 604/716/604 494/716/494
f 605/716/605 604/716/604 606/716/606
f 604/716/604 605/716/605 494/716/494
f 607/716/607 603/716/603 503/716/503
f 608/716/608 609/716/609 610/716/610
f 606/716/606 611/716/611 605/716/605
f 504/242/504 506/242/506 533/242/533
f 612/242/612 613/282/613 614/274/614
f 615/331/615 615/331/615 616/331/616
f 615/331/615 615/331/615 538/331/538
f 542/331/542 617/331/617 551/331/551
f 538/331/538 576/718/576 615/331/615
f 576/718/576 538/331/538 574/718/574
f 618/331/618 619/331/619 620/332/620
f 621/331/621 622/331/622 623/266/623
f 616/331/616 624/331/624 615/331/615
f 617/331/617 621/331/621 625/266/625
f 551/331/551 617/331/617 626/266/626
f 626/266/626 625/266/625 596/266/596
f 625/266/625 626/266/626 617/331/617
f 625/266/625 621/331/621 623/266/623
f 549/266/549 626/266/626 596/266/596
f 596/266/596 625/266/625 627/266/627
f 628/266/628 629/266/629 630/346/630
f 623/266/623 627/266/627 625/266/625
f 596/266/596 627/266/627 594/275/594
f 629/266/629 618/331/618 620/332/620
f 631/251/631 632/267/632 633/329/633
f 634/269/634 635/340/635 636/267/636
f 635/268/635 634/318/634 637/318/637
f 638/277/638 637/269/637 614/270/614
f 637/269/637 638/277/638 639/284/639
f 638/316/638 614/274/614 613/282/613
f 632/718/632 636/718/636 635/268/635
f 578/318/578 579/318/579 640/318/640
f 577/318/577 578/318/578 640/318/640
f 637/318/637 641/427/641 642/271/642
f 641/272/641 637/269/637 643/273/643
f 637/318/637 634/318/634 644/318/644
f 644/269/644 645/254/645 614/270/614
f 646/242/646 640/318/640 504/242/504
f 646/242/646 504/242/504 533/242/533
f 637/318/637 644/318/644 614/274/614
f 612/242/612 614/274/614 647/242/647
f 646/242/646 533/242/533 535/242/535
f 645/242/645 647/242/647 614/274/614
f 648/1137/648 649/716/649 608/716/608
f 649/716/649 648/1137/648 650/1138/650
f 594/275/594 651/275/651 503/716/503
f 651/275/651 594/275/594 652/275/652
f 503/716/503 592/713/592 594/275/594
f 503/716/503 653/716/653 607/716/607
f 653/716/653 503/716/503 654/275/654
f 648/1137/648 610/716/610 655/275/655
f 610/716/610 648/1137/648 608/716/608
f 654/275/654 651/275/651 652/275/652
f 651/275/651 654/275/654 503/716/503
f 655/275/655 656/275/656 648/1137/648
f 648/1137/648 656/275/656 628/266/628
f 498/716/498 657/716/657 658/716/658
f 498/716/498 658/716/658 499/240/499
f 659/716/659 660/716/660 499/240/499
f 499/240/499 660/716/660 600/240/600
f 521/261/521 523/314/523 661/277/661
f 662/344/662 663/276/663 664/344/664
f 663/276/663 662/344/662 643/283/643
f 641/272/641 643/273/643 662/490/662
f 665/325/665 650/1138/650 666/1143/666
f 650/1138/650 665/325/665 667/325/667
f 661/277/661 523/314/523 668/327/668
f 521/261/521 661/277/661 516/258/516
f 516/258/516 661/277/661 517/278/517
f 669/316/669 670/280/670 671/281/671
f 672/279/672 523/314/523 673/420/673
f 523/314/523 672/279/672 674/317/674
f 670/280/670 675/276/675 671/281/671
f 675/276/675 670/280/670 676/344/676
f 677/316/677 678/281/678 639/281/639
f 671/281/671 679/316/679 669/316/669
f 677/316/677 677/316/677 638/316/638
f 679/316/679 679/316/679 669/316/669
f 669/316/669 679/316/679 532/282/532
f 613/282/613 677/316/677 638/316/638
f 679/316/679 537/282/537 532/282/532
f 663/276/663 639/281/639 678/281/678
f 639/281/639 663/276/663 643/283/643
f 639/284/639 643/273/643 637/269/637
f 638/316/638 639/281/639 638/316/638
f 639/281/639 638/316/638 677/316/677
f 638/316/638 638/316/638 677/316/677
f 649/716/649 650/1138/650 680/240/680
f 482/239/482 681/285/681 333/289/333
f 487/286/487 489/237/489 485/235/485
f 681/286/681 682/290/682 683/287/683
f 684/290/684 487/286/487 486/290/486
f 204/234/204 484/236/484 285/1135/285
f 683/287/683 681/286/681 685/287/685
f 681/285/681 683/288/683 333/289/333
f 686/287/686 681/286/681 683/287/683
f 681/286/681 686/287/686 685/287/685
f 685/287/685 686/287/686 683/287/683
f 683/288/683 682/301/682 333/289/333
f 687/291/687 688/291/688 204/165/204
f 689/291/689 690/291/690 691/291/691
f 691/291/691 690/291/690 692/291/692
f 689/291/689 691/291/691 684/290/684
f 688/366/688 483/301/483 204/234/204
f 486/290/486 689/291/689 684/290/684
f 684/290/684 692/291/692 218/291/218
f 692/291/692 684/290/684 691/291/691
f 682/290/682 693/291/693 694/291/694
f 695/291/695 684/290/684 218/291/218
f 206/291/206 687/291/687 204/165/204
f 696/291/696 697/291/697 698/291/698
f 693/291/693 699/291/699 700/291/700
f 701/358/701 702/361/702 493/238/493
f 703/292/703 704/293/704 705/294/705
f 706/295/706 707/295/707 708/295/708
f 704/295/704 709/295/709 705/398/705
f 703/398/703 705/398/705 710/398/710
f 701/295/701 493/296/493 711/295/711
f 712/398/712 703/398/703 710/398/710
f 702/398/702 713/398/713 714/398/714
f 702/398/702 714/398/714 493/296/493
f 710/398/710 705/398/705 715/398/715
f 712/398/712 710/398/710 715/398/715
f 714/398/714 713/398/713 187/398/187
f 716/295/716 709/295/709 717/295/717
f 709/295/709 716/295/716 715/398/715
f 187/398/187 718/295/718 185/295/185
f 195/295/195 716/295/716 717/295/717
f 719/295/719 706/295/706 708/295/708
f 195/295/195 717/295/717 196/398/196
f 187/398/187 186/398/186 714/398/714
f 720/378/720 721/378/721 722/732/722
f 721/378/721 720/378/720 708/295/708
f 723/378/723 724/295/724 471/296/471
f 708/295/708 725/378/725 719/295/719
f 725/378/725 708/295/708 720/378/720
f 714/361/714 286/208/286 493/238/493
f 286/208/286 714/361/714 204/234/204
f 206/291/206 205/165/205 215/291/215
f 333/289/333 682/301/682 726/297/726
f 224/291/224 223/291/223 222/291/222
f 698/291/698 727/291/727 728/291/728
f 224/291/224 729/291/729 222/291/222
f 222/291/222 729/291/729 206/291/206
f 700/291/700 694/291/694 693/291/693
f 728/291/728 698/291/698 698/291/698
f 698/291/698 698/291/698 696/291/696
f 728/291/728 727/291/727 730/291/730
f 731/291/731 732/291/732 733/291/733
f 732/298/732 731/299/731 734/370/734
f 735/291/735 730/291/730 727/291/727
f 733/291/733 736/291/736 731/291/731
f 731/299/731 736/366/736 734/370/734
f 737/291/737 738/552/738 739/552/739
f 738/385/738 737/300/737 740/370/740
f 741/291/741 742/291/742 743/291/743
f 737/291/737 744/291/744 732/291/732
f 730/291/730 741/291/741 743/291/743
f 737/300/737 732/298/732 740/370/740
f 682/301/682 694/366/694 745/322/745
f 746/1142/746 747/1142/747 748/775/748
f 747/1142/747 746/1142/746 749/1142/749
f 746/1142/746 750/1142/750 749/1142/749
f 749/1142/749 750/1142/750 751/376/751
f 752/166/752 748/775/748 753/801/753
f 748/302/748 752/303/752 746/169/746
f 754/775/754 755/775/755 756/775/756
f 755/775/755 754/775/754 748/775/748
f 748/775/748 754/775/754 757/775/757
f 758/775/758 759/1142/759 598/265/598
f 760/1142/760 755/775/755 748/775/748
f 760/1142/760 747/1142/747 761/1142/761
f 747/1142/747 760/1142/760 748/775/748
f 762/775/762 758/775/758 598/265/598
f 754/775/754 763/775/763 764/775/764
f 763/775/763 754/775/754 756/775/756
f 749/1142/749 720/378/720 747/1142/747
f 720/378/720 749/1142/749 725/378/725
f 602/732/602 723/378/723 471/296/471
f 722/304/722 761/305/761 720/306/720
f 759/1142/759 601/1142/601 598/265/598
f 602/732/602 278/699/278 599/307/599
f 278/699/278 602/732/602 471/296/471
f 757/775/757 754/775/754 764/775/764
f 757/775/757 765/775/765 748/775/748
f 748/775/748 765/775/765 766/801/766
f 764/775/764 763/775/763 756/775/756
f 762/775/762 598/265/598 767/775/767
f 767/775/767 598/265/598 600/240/600
f 768/775/768 769/775/769 770/775/770
f 764/775/764 771/775/771 757/775/757
f 248/775/248 772/775/772 773/775/773
f 253/775/253 248/775/248 773/775/773
f 770/775/770 774/350/774 775/775/775
f 774/350/774 770/775/770 769/775/769
f 774/350/774 776/775/776 776/775/776
f 776/775/776 774/350/774 769/775/769
f 775/775/775 774/350/774 777/801/777
f 778/775/778 764/775/764 756/775/756
f 767/775/767 767/775/767 762/775/762
f 779/308/779 780/775/780 781/240/781
f 776/775/776 782/308/782 774/350/774
f 779/308/779 781/240/781 783/348/783
f 302/228/302 784/173/784 303/215/303
f 785/227/785 786/227/786 787/227/787
f 788/227/788 330/227/330 330/227/330
f 789/227/789 790/227/790 791/227/791
f 792/227/792 330/227/330 793/227/793
f 794/227/794 795/227/795 795/227/795
f 792/227/792 793/227/793 330/227/330
f 796/181/796 797/309/797 798/309/798
f 799/309/799 800/181/800 800/181/800
f 799/309/799 801/309/801 802/189/802
f 801/309/801 799/309/799 799/309/799
f 800/181/800 800/181/800 803/257/803
f 804/189/804 799/309/799 805/189/805
f 797/309/797 806/189/806 807/189/807
f 808/310/808 342/188/342 341/186/341
f 809/189/809 410/189/410 810/190/810
f 802/189/802 805/189/805 799/309/799
f 804/189/804 805/189/805 811/190/811
f 812/311/812 808/310/808 341/186/341
f 813/189/813 814/190/814 815/190/815
f 814/190/814 813/189/813 816/189/816
f 813/189/813 815/190/815 817/190/817
f 805/189/805 818/190/818 811/190/811
f 397/192/397 810/312/810 410/191/410
f 810/190/810 397/190/397 819/190/819
f 820/190/820 814/190/814 821/190/821
f 814/190/814 820/190/820 815/190/815
f 822/190/822 820/190/820 823/214/823
f 820/190/820 822/190/822 815/190/815
f 817/190/817 822/190/822 824/214/824
f 822/190/822 817/190/817 815/190/815
f 819/190/819 825/190/825 810/190/810
f 820/190/820 821/190/821 826/214/826
f 823/214/823 820/190/820 826/214/826
f 824/214/824 823/214/823 827/214/827
f 823/214/823 824/214/824 822/190/822
f 409/408/409 819/312/819 397/192/397
f 823/214/823 826/214/826 827/214/827
f 409/214/409 303/214/303 828/214/828
f 823/214/823 824/214/824 829/227/829
f 824/214/824 823/214/823 817/190/817
f 817/190/817 823/214/823 823/214/823
f 830/227/830 831/214/831 832/214/832
f 827/214/827 833/227/833 829/227/829
f 829/227/829 833/227/833 791/227/791
f 823/214/823 829/227/829 834/227/834
f 787/227/787 830/227/830 787/227/787
f 829/227/829 791/227/791 834/227/834
f 791/227/791 835/227/835 790/227/790
f 790/227/790 835/227/835 835/227/835
f 791/227/791 790/227/790 789/227/789
f 790/227/790 791/227/791 791/227/791
f 791/227/791 791/227/791 789/227/789
f 836/214/836 409/214/409 828/214/828
f 787/227/787 830/227/830 832/214/832
f 837/227/837 828/214/828 784/227/784
f 787/227/787 787/227/787 785/227/785
f 828/408/828 303/215/303 784/173/784
f 789/227/789 790/227/790 835/227/835
f 791/227/791 790/227/790 838/414/838
f 839/227/839 839/227/839 840/227/840
f 839/227/839 841/319/841 842/319/842
f 841/319/841 839/227/839 840/227/840
f 840/227/840 839/227/839 842/319/842
f 835/227/835 789/227/789 789/227/789
f 794/227/794 795/227/795 843/319/843
f 844/420/844 589/262/589 581/313/581
f 589/242/589 844/242/844 845/242/845
f 522/262/522 846/420/846 523/314/523
f 847/242/847 848/257/848 849/242/849
f 850/242/850 849/242/849 851/242/851
f 849/242/849 850/242/850 847/242/847
f 852/242/852 853/242/853 854/242/854
f 854/242/854 853/242/853 853/242/853
f 853/242/853 854/242/854 854/242/854
f 854/242/854 854/242/854 855/242/855
f 848/257/848 800/181/800 803/257/803
f 856/242/856 857/257/857 858/257/858
f 803/257/803 849/242/849 848/257/848
f 859/242/859 856/242/856 860/318/860
f 861/242/861 862/242/862 862/242/862
f 860/315/860 856/420/856 863/422/863
f 854/242/854 853/242/853 854/242/854
f 857/257/857 796/181/796 798/309/798
f 864/242/864 865/242/865 673/242/673
f 673/242/673 865/242/865 864/242/864
f 854/242/854 855/242/855 854/242/854
f 864/242/864 673/242/673 523/344/523
f 864/242/864 523/344/523 846/242/846
f 856/242/856 860/318/860 866/318/866
f 860/318/860 856/242/856 859/242/859
f 854/242/854 867/242/867 868/242/868
f 867/242/867 854/242/854 853/242/853
f 854/242/854 869/316/869 870/316/870
f 869/316/869 854/242/854 868/242/868
f 871/242/871 856/242/856 872/242/872
f 873/316/873 874/242/874 875/242/875
f 876/344/876 877/281/877 878/344/878
f 879/281/879 880/344/880 881/281/881
f 882/429/882 877/317/877 883/315/883
f 877/317/877 882/429/882 878/352/878
f 672/316/672 884/316/884 674/281/674
f 885/316/885 870/316/870 869/316/869
f 881/281/881 885/316/885 886/316/886
f 879/281/879 881/281/881 886/316/886
f 877/281/877 887/316/887 873/316/873
f 869/316/869 886/316/886 885/316/885
f 877/317/877 873/279/873 888/315/888
f 877/281/877 888/318/888 883/318/883
f 795/227/795 889/319/889 843/319/843
f 890/319/890 842/319/842 841/319/841
f 890/319/890 841/319/841 891/320/891
f 892/320/892 890/319/890 891/320/891
f 843/319/843 893/320/893 794/227/794
f 892/320/892 891/320/891 894/323/894
f 895/321/895 726/297/726 682/301/682
f 896/323/896 894/323/894 897/290/897
f 894/323/894 896/323/896 892/320/892
f 745/322/745 895/321/895 682/301/682
f 745/290/745 898/291/898 899/291/899
f 898/380/898 745/322/745 694/366/694
f 900/291/900 897/290/897 901/291/901
f 897/290/897 900/291/900 896/323/896
f 902/291/902 896/323/896 900/291/900
f 903/323/903 904/291/904 905/291/905
f 902/291/902 900/291/900 906/291/906
f 907/291/907 908/291/908 909/291/909
f 908/291/908 907/291/907 910/291/910
f 910/291/910 907/291/907 911/291/911
f 908/291/908 910/291/910 912/291/912
f 910/291/910 908/291/908 908/291/908
f 908/291/908 908/291/908 264/291/264
f 913/291/913 914/291/914 915/291/915
f 909/291/909 916/291/916 907/291/907
f 917/291/917 918/291/918 919/291/919
f 916/291/916 911/291/911 907/291/907
f 907/291/907 911/291/911 911/291/911
f 909/291/909 908/291/908 264/291/264
f 920/291/920 920/291/920 921/291/921
f 922/291/922 922/291/922 923/291/923
f 911/291/911 911/291/911 907/291/907
f 910/291/910 911/291/911 908/291/908
f 924/291/924 913/291/913 915/291/915
f 918/291/918 925/291/925 919/291/919
f 921/291/921 926/291/926 927/291/927
f 915/291/915 914/291/914 928/291/928
f 924/291/924 903/323/903 905/291/905
f 903/323/903 924/291/924 915/291/915
f 922/291/922 906/291/906 900/291/900
f 901/291/901 923/291/923 900/291/900
f 923/291/923 901/291/901 929/291/929
f 922/291/922 923/291/923 923/291/923
f 930/291/930 902/291/902 906/291/906
f 912/291/912 910/291/910 908/291/908
f 931/291/931 258/291/258 258/291/258
f 912/291/912 932/291/932 908/291/908
f 908/291/908 932/291/932 264/291/264
f 929/291/929 923/291/923 923/291/923
f 928/291/928 259/291/259 931/291/931
f 259/291/259 928/291/928 258/291/258
f 258/291/258 928/291/928 931/291/931
f 929/291/929 929/291/929 923/291/923
f 933/291/933 258/291/258 258/291/258
f 742/291/742 934/291/934 935/291/935
f 262/291/262 737/291/737 260/291/260
f 934/291/934 936/291/936 935/291/935
f 937/324/937 938/324/938 939/513/939
f 938/324/938 937/324/937 940/325/940
f 941/324/941 666/1143/666 942/324/942
f 943/1143/943 938/324/938 940/325/940
f 944/325/944 945/324/945 946/325/946
f 662/344/662 643/283/643 662/344/662
f 947/344/947 948/344/948 949/344/949
f 950/326/950 951/490/951 952/490/952
f 953/344/953 954/344/954 955/344/955
f 676/344/676 953/344/953 956/344/956
f 952/490/952 957/490/957 950/326/950
f 950/326/950 957/490/957 668/327/668
f 950/326/950 668/327/668 958/328/958
f 959/344/959 960/344/960 961/344/961
f 962/450/962 523/314/523 674/317/674
f 948/344/948 963/344/963 963/344/963
f 668/327/668 523/314/523 958/328/958
f 964/344/964 965/344/965 965/344/965
f 954/344/954 955/344/955 954/344/954
f 966/344/966 967/344/967 662/344/662
f 955/344/955 956/344/956 953/344/953
f 664/344/664 966/344/966 662/344/662
f 956/344/956 676/344/676 676/344/676
f 676/344/676 676/344/676 670/280/670
f 968/335/968 969/750/969 970/335/970
f 971/453/971 972/329/972 973/453/973
f 973/453/973 972/329/972 974/330/974
f 975/750/975 620/332/620 976/750/976
f 977/332/977 971/750/971 973/750/973
f 978/332/978 979/750/979 980/752/980
f 969/750/969 981/750/981 970/335/970
f 968/335/968 970/335/970 982/335/982
f 633/329/633 983/453/983 631/251/631
f 976/750/976 620/332/620 619/331/619
f 984/346/984 628/266/628 630/346/630
f 628/266/628 984/346/984 648/1137/648
f 985/346/985 986/346/986 980/752/980
f 980/752/980 986/346/986 978/332/978
f 620/332/620 630/346/630 629/266/629
f 987/335/987 968/335/968 988/335/988
f 972/335/972 989/335/989 974/333/974
f 974/330/974 989/329/989 990/272/990
f 991/335/991 991/335/991 992/335/992
f 993/335/993 993/335/993 994/335/994
f 994/335/994 993/335/993 995/335/995
f 993/335/993 994/335/994 996/334/996
f 997/335/997 991/335/991 998/335/998
f 999/335/999 995/335/995 1000/339/1000
f 995/335/995 999/335/999 994/335/994
f 994/335/994 999/335/999 1001/336/1001
f 1002/337/1002 997/606/997 635/338/635
f 1001/341/1001 1000/343/1000 1003/1136/1003
f 1000/339/1000 1001/336/1001 999/335/999
f 998/335/998 633/335/633 632/718/632
f 992/335/992 998/335/998 991/335/991
f 982/335/982 988/335/988 968/335/968
f 987/335/987 988/335/988 1004/427/1004
f 998/329/998 632/267/632 635/340/635
f 997/606/997 998/606/998 635/338/635
f 1001/341/1001 996/342/996 994/329/994
f 996/342/996 1001/341/1001 1003/1136/1003
f 642/1136/642 1002/343/1002 635/340/635
f 1005/344/1005 1006/427/1006 1004/427/1004
f 990/272/990 1007/490/1007 1008/490/1008
f 1003/271/1003 1009/427/1009 996/334/996
f 1010/427/1010 642/271/642 641/427/641
f 996/342/996 1009/272/1009 993/329/993
f 965/344/965 1005/344/1005 965/344/965
f 1007/344/1007 1011/344/1011 1008/344/1008
f 1004/427/1004 1006/427/1006 987/335/987
f 1004/427/1004 965/344/965 1005/344/1005
f 965/344/965 1004/427/1004 1012/427/1012
f 1010/272/1010 641/272/641 992/329/992
f 1010/272/1010 992/329/992 991/329/991
f 965/344/965 964/344/964 965/344/965
f 974/330/974 990/272/990 1013/462/1013
f 1014/427/1014 992/335/992 641/427/641
f 949/344/949 947/344/947 947/344/947
f 1011/344/1011 1015/344/1015 1008/344/1008
f 949/344/949 948/344/948 1016/344/1016
f 1015/344/1015 1017/344/1017 1018/344/1018
f 1015/344/1015 1018/344/1018 1008/344/1008
f 1016/344/1016 948/344/948 963/344/963
f 1019/344/1019 1020/344/1020 1021/344/1021
f 959/344/959 961/344/961 963/344/963
f 963/344/963 963/344/963 961/344/961
f 1022/490/1022 1021/328/1021 1023/490/1023
f 1024/324/1024 1025/513/1025 1026/324/1026
f 1025/513/1025 1024/324/1024 1027/513/1027
f 1028/324/1028 1029/324/1029 1030/324/1030
f 1026/324/1026 1031/324/1031 1024/324/1024
f 1029/324/1029 1032/324/1032 1030/324/1030
f 1033/324/1033 1026/324/1026 1025/513/1025
f 1034/324/1034 942/324/942 1035/324/1035
f 1036/324/1036 1024/324/1024 1031/324/1031
f 1024/324/1024 1036/324/1036 1037/755/1037
f 1037/755/1037 1038/755/1038 1024/324/1024
f 1038/755/1038 1037/755/1037 1039/345/1039
f 1040/345/1040 1041/755/1041 648/1137/648
f 1038/755/1038 1039/345/1039 1042/1145/1042
f 1041/755/1041 1035/324/1035 666/1143/666
f 984/346/984 1040/345/1040 648/1137/648
f 1039/345/1039 985/346/985 1043/347/1043
f 1044/513/1044 946/325/946 945/324/945
f 946/325/946 1044/513/1044 1045/325/1045
f 1045/325/1045 1044/513/1044 1046/514/1046
f 650/1138/650 667/325/667 1047/348/1047
f 666/1143/666 650/1138/650 1041/755/1041
f 1045/325/1045 1046/514/1046 1048/348/1048
f 1049/842/1049 1046/514/1046 1050/520/1050
f 1046/514/1046 1049/842/1049 1051/349/1051
f 1048/348/1048 1046/514/1046 1052/308/1052
f 1053/349/1053 1054/842/1054 1055/807/1055
f 1054/842/1054 1053/349/1053 1056/842/1056
f 1057/349/1057 1053/349/1053 1058/308/1058
f 1053/349/1053 1057/349/1057 1056/842/1056
f 1059/308/1059 1060/349/1060 774/350/774
f 1061/349/1061 1058/308/1058 1053/349/1053
f 1055/807/1055 1061/349/1061 1053/349/1053
f 1060/349/1060 1062/807/1062 1063/1151/1063
f 774/350/774 1060/349/1060 1063/1151/1063
f 1064/308/1064 1059/308/1059 782/308/782
f 1058/308/1058 1065/308/1065 1057/349/1057
f 1051/349/1051 1066/308/1066 1052/308/1052
f 1065/308/1065 1067/349/1067 1057/349/1057
f 1057/349/1057 1067/349/1067 1056/842/1056
f 1056/351/1056 1068/351/1068 1069/515/1069
f 1068/842/1068 1056/842/1056 1067/349/1067
f 1020/450/1020 1070/352/1070 1071/1164/1071
f 1072/352/1072 962/450/962 674/317/674
f 1073/344/1073 881/281/881 1074/344/1074
f 1075/344/1075 1076/344/1076 1077/344/1077
f 1078/344/1078 1079/344/1079 1080/344/1080
f 1081/344/1081 1082/344/1082 1083/344/1083
f 1080/344/1080 1084/344/1084 1078/344/1078
f 1085/344/1085 1086/344/1086 1087/344/1087
f 1079/344/1079 1088/353/1088 1080/344/1080
f 1088/353/1088 1079/344/1079 1089/344/1089
f 1083/344/1083 1082/344/1082 1090/353/1090
f 1091/344/1091 1092/344/1092 1073/344/1073
f 1093/344/1093 1094/344/1094 1095/344/1095
f 1077/344/1077 1075/344/1075 1075/344/1075
f 1075/344/1075 1075/344/1075 1096/344/1096
f 1091/344/1091 1073/344/1073 1074/344/1074
f 878/344/878 1095/344/1095 876/344/876
f 1095/344/1095 878/344/878 1093/344/1093
f 1093/344/1093 878/344/878 1097/344/1097
f 1074/344/1074 881/281/881 880/344/880
f 878/586/878 882/354/882 1098/586/1098
f 219/291/219 1099/291/1099 218/291/218
f 1099/291/1099 219/291/219 219/291/219
f 1100/291/1100 1100/291/1100 217/291/217
f 1100/291/1100 216/291/216 217/291/217
f 228/291/228 238/291/238 229/291/229
f 1101/291/1101 1102/291/1102 1099/291/1099
f 1102/291/1102 1101/291/1101 1103/552/1103
f 1104/552/1104 1105/291/1105 1106/552/1106
f 1107/552/1107 1103/552/1103 1108/1152/1108
f 1103/552/1103 1107/552/1107 1102/291/1102
f 1105/291/1105 1100/291/1100 1109/291/1109
f 219/291/219 1101/291/1101 1099/291/1099
f 238/291/238 1110/291/1110 1111/291/1111
f 1112/1152/1112 1113/371/1113 1114/371/1114
f 1115/355/1115 1108/356/1108 1103/357/1103
f 740/370/740 1112/374/1112 1116/381/1116
f 1117/371/1117 1104/552/1104 1104/552/1104
f 1118/365/1118 719/295/719 725/378/725
f 717/358/717 1119/359/1119 1120/361/1120
f 1121/363/1121 1119/359/1119 1122/360/1122
f 1119/359/1119 1121/363/1121 1120/361/1120
f 1123/362/1123 1121/363/1121 1124/364/1124
f 1121/363/1121 1123/362/1123 1120/361/1120
f 1120/398/1120 1123/777/1123 1123/777/1123
f 196/398/196 1120/398/1120 1125/398/1125
f 1120/398/1120 196/398/196 717/295/717
f 1123/777/1123 1123/777/1123 1126/432/1126
f 1125/361/1125 1123/362/1123 1127/234/1127
f 1123/777/1123 1125/398/1125 1120/398/1120
f 1128/398/1128 1125/398/1125 1127/165/1127
f 1125/398/1125 1128/398/1128 196/398/196
f 196/398/196 1128/398/1128 209/165/209
f 1129/550/1129 1118/365/1118 1130/377/1130
f 1124/364/1124 1121/363/1121 1131/372/1131
f 1123/362/1123 1132/555/1132 1126/1146/1126
f 1132/555/1132 1123/362/1123 1124/364/1124
f 1130/377/1130 1118/365/1118 725/378/725
f 217/291/217 1109/291/1109 1100/291/1100
f 1109/291/1109 217/291/217 208/291/208
f 1109/291/1109 208/291/208 210/165/210
f 1127/165/1127 210/165/210 1128/398/1128
f 210/165/210 1127/165/1127 1109/291/1109
f 1109/366/1109 1127/234/1127 1133/367/1133
f 210/165/210 209/165/209 1128/398/1128
f 1134/367/1134 1123/362/1123 1126/1146/1126
f 1123/362/1123 1134/367/1134 1127/234/1127
f 1133/368/1133 1134/368/1134 1106/552/1106
f 1134/368/1134 1133/368/1133 1127/165/1127
f 1133/367/1133 1106/370/1106 1109/366/1109
f 1109/291/1109 1106/552/1106 1105/291/1105
f 1104/552/1104 1104/552/1104 1106/552/1106
f 1134/367/1134 1126/1146/1126 1104/370/1104
f 1132/554/1132 1124/780/1124 1131/369/1131
f 1104/552/1104 1135/371/1135 1117/371/1117
f 1135/557/1135 1104/370/1104 1126/1146/1126
f 1136/371/1136 1135/371/1135 1126/432/1126
f 1135/371/1135 1136/371/1136 1117/371/1117
f 1117/371/1117 1136/371/1136 1137/371/1137
f 1132/555/1132 1131/372/1131 1138/373/1138
f 230/291/230 233/291/233 230/291/230
f 233/291/233 230/291/230 1139/291/1139
f 733/291/733 229/291/229 238/291/238
f 1100/291/1100 1139/291/1139 1105/291/1105
f 1139/291/1139 1100/291/1100 233/291/233
f 233/291/233 1100/291/1100 1105/291/1105
f 733/291/733 238/291/238 1111/291/1111
f 734/552/734 736/291/736 237/291/237
f 1105/291/1105 1105/291/1105 1100/291/1100
f 1105/291/1105 1105/291/1105 1140/552/1140
f 1141/552/1141 1111/291/1111 1110/291/1110
f 1142/552/1142 1140/552/1140 1143/552/1143
f 1140/552/1140 1142/552/1142 1105/291/1105
f 1105/291/1105 1142/552/1142 1143/552/1143
f 738/385/738 740/370/740 1116/381/1116
f 1141/552/1141 740/552/740 734/552/734
f 740/552/740 1141/552/1141 1110/291/1110
f 1105/291/1105 1143/552/1143 233/291/233
f 237/291/237 734/552/734 237/291/237
f 1143/552/1143 1144/291/1144 233/291/233
f 233/291/233 1144/291/1144 233/291/233
f 1112/374/1112 1114/557/1114 1116/381/1116
f 734/552/734 740/552/740 732/291/732
f 1145/546/1145 1116/1152/1116 1146/546/1146
f 1116/381/1116 1145/553/1145 1147/375/1147
f 751/376/751 1148/376/1148 1149/377/1149
f 1148/376/1148 751/376/751 1150/567/1150
f 1150/567/1150 751/376/751 753/801/753
f 1151/801/1151 753/801/753 766/801/766
f 753/801/753 1151/801/1151 1152/872/1152
f 753/801/753 748/775/748 766/801/766
f 749/1142/749 751/376/751 1149/377/1149
f 1149/377/1149 1148/376/1148 1153/551/1153
f 1130/377/1130 1149/377/1149 1153/551/1153
f 1149/377/1149 1130/377/1130 725/378/725
f 1129/550/1129 1130/377/1130 1153/551/1153
f 765/775/765 1154/775/1154 766/801/766
f 777/801/777 774/350/774 1063/1151/1063
f 1155/379/1155 1156/379/1156 1157/379/1157
f 1156/379/1156 1155/379/1155 1158/801/1158
f 1157/379/1157 1156/379/1156 1159/379/1159
f 1160/379/1160 1161/801/1161 1162/379/1162
f 1158/801/1158 1159/379/1159 1156/379/1156
f 1158/801/1158 1151/801/1151 766/801/766
f 1151/801/1151 1158/801/1158 1155/379/1155
f 1163/379/1163 1160/379/1160 1162/379/1162
f 1161/801/1161 777/801/777 1063/1151/1063
f 777/801/777 1164/775/1164 775/775/775
f 1162/379/1162 1165/584/1165 1166/579/1166
f 1165/584/1165 1162/379/1162 1063/1151/1063
f 1167/552/1167 1168/552/1168 1169/552/1169
f 1168/552/1168 1167/552/1167 266/291/266
f 739/385/739 260/380/260 737/300/737
f 265/291/265 1168/552/1168 266/291/266
f 1170/384/1170 1171/382/1171 1116/381/1116
f 1172/382/1172 1173/384/1173 1174/383/1174
f 1174/371/1174 1173/371/1173 1175/371/1175
f 1116/381/1116 1176/382/1176 738/385/738
f 1176/1152/1176 1116/1152/1116 1171/1152/1171
f 1116/381/1116 1147/375/1147 1170/384/1170
f 1176/1152/1176 1171/1152/1171 1177/1152/1177
f 1167/552/1167 1169/552/1169 1178/368/1178
f 1169/385/1169 1179/386/1179 1180/433/1180
f 1179/386/1179 1169/385/1169 1175/383/1175
f 1181/1152/1181 1172/1152/1172 1175/371/1175
f 1175/371/1175 1172/1152/1172 1174/371/1174
f 1182/552/1182 739/552/739 738/552/738
f 1183/552/1183 1184/552/1184 1185/1152/1185
f 1173/384/1173 1186/375/1186 1175/383/1175
f 1187/388/1187 1188/395/1188 1189/387/1189
f 1188/395/1188 1187/388/1187 1190/388/1190
f 1191/388/1191 1192/388/1192 1165/584/1165
f 1193/1153/1193 1188/395/1188 1194/395/1194
f 1188/392/1188 1193/389/1193 1189/390/1189
f 1165/584/1165 1195/807/1195 1191/388/1191
f 1195/807/1195 1165/584/1165 1063/1151/1063
f 1196/807/1196 1197/802/1197 1188/395/1188
f 1197/802/1197 1196/807/1196 1055/807/1055
f 1062/807/1062 1195/807/1195 1063/1151/1063
f 1197/802/1197 1055/807/1055 1054/842/1054
f 1190/388/1190 1196/807/1196 1188/395/1188
f 1188/395/1188 1197/802/1197 1198/802/1198
f 1197/391/1197 1199/391/1199 1200/527/1200
f 1199/802/1199 1197/802/1197 1054/842/1054
f 1201/395/1201 1193/1153/1193 1202/395/1202
f 1193/389/1193 1201/392/1201 1203/393/1203
f 1204/802/1204 1205/395/1205 1206/395/1206
f 1197/394/1197 1200/509/1200 1203/394/1203
f 1193/1153/1193 1194/395/1194 1202/395/1202
f 1207/395/1207 1208/395/1208 1209/395/1209
f 1210/802/1210 1211/802/1211 1212/802/1212
f 1203/802/1203 1198/802/1198 1197/802/1197
f 1213/395/1213 1210/802/1210 1209/395/1209
f 1198/802/1198 1194/395/1194 1188/395/1188
f 1208/395/1208 1213/395/1213 1209/395/1209
f 1214/395/1214 1207/395/1207 1209/395/1209
f 1212/802/1212 1214/395/1214 1209/395/1209
f 1206/395/1206 1215/802/1215 1204/802/1204
f 1210/802/1210 1212/802/1212 1209/395/1209
f 1216/502/1216 1056/396/1056 1069/504/1069
f 1056/351/1056 1216/446/1216 1217/351/1217
f 1218/291/1218 1219/291/1219 915/291/915
f 1220/291/1220 1221/291/1221 1222/165/1222
f 1222/165/1222 254/291/254 256/165/256
f 254/291/254 1222/165/1222 1221/291/1221
f 1223/165/1223 1224/291/1224 1225/165/1225
f 1226/291/1226 256/165/256 255/291/255
f 1222/165/1222 1227/398/1227 1228/165/1228
f 1227/398/1227 1222/165/1222 256/165/256
f 1229/431/1229 1230/397/1230 1231/1159/1231
f 1232/398/1232 1228/165/1228 1232/398/1232
f 1233/398/1233 1228/165/1228 1227/398/1227
f 1228/165/1228 1233/398/1233 1232/398/1232
f 1232/398/1232 1233/398/1233 1227/398/1227
f 1232/398/1232 1232/398/1232 1232/398/1232
f 1232/398/1232 1232/398/1232 1228/165/1228
f 1232/398/1232 1232/398/1232 1234/295/1234
f 1232/398/1232 1232/398/1232 1227/398/1227
f 1224/291/1224 264/291/264 266/291/266
f 259/291/259 1218/291/1218 915/291/915
f 1235/398/1235 1223/165/1223 1225/165/1225
f 330/227/330 1236/414/1236 1237/414/1237
f 1236/414/1236 330/227/330 1238/227/1238
f 1239/227/1239 795/227/795 1240/227/1240
f 1241/414/1241 1239/227/1239 1240/227/1240
f 1238/227/1238 1242/414/1242 1236/414/1236
f 795/227/795 794/227/794 1240/227/1240
f 1243/414/1243 1244/414/1244 1245/414/1245
f 790/227/790 1246/414/1246 838/414/838
f 1237/414/1237 792/227/792 330/227/330
f 798/309/798 797/309/797 807/189/807
f 1247/259/1247 798/188/798 1248/423/1248
f 798/399/798 1247/400/1247 858/187/858
f 857/257/857 798/309/798 858/257/858
f 798/188/798 807/310/807 1249/404/1249
f 1250/401/1250 1251/406/1251 1252/1154/1252
f 1253/180/1253 1254/405/1254 1249/180/1249
f 1255/402/1255 1254/405/1254 1254/405/1254
f 1254/403/1254 1255/424/1255 1256/423/1256
f 1254/403/1254 1256/423/1256 1249/404/1249
f 1251/180/1251 1257/180/1257 1252/407/1252
f 1250/405/1250 1250/405/1250 1258/411/1258
f 813/189/813 1259/190/1259 1260/189/1260
f 1259/190/1259 813/189/813 817/190/817
f 1257/406/1257 1259/312/1259 1252/1154/1252
f 1259/312/1259 1257/406/1257 1260/191/1260
f 1250/405/1250 1258/411/1258 1261/411/1261
f 1250/401/1250 1261/693/1261 1262/689/1262
f 1259/190/1259 817/190/817 1263/407/1263
f 1259/190/1259 1263/407/1263 1252/407/1252
f 823/214/823 823/214/823 834/227/834
f 1264/1155/1264 823/408/823 834/173/834
f 823/408/823 1264/1155/1264 1263/1154/1263
f 1263/407/1263 1264/409/1264 1252/407/1252
f 1265/409/1265 1264/409/1264 1266/414/1266
f 1264/409/1264 1265/409/1265 1267/692/1267
f 1267/413/1267 1265/1155/1265 1266/412/1266
f 1268/692/1268 1267/692/1267 1269/410/1269
f 1267/692/1267 1268/692/1268 1258/411/1258
f 834/227/834 791/227/791 789/227/789
f 789/227/789 791/227/791 838/414/838
f 1264/1155/1264 834/173/834 1266/412/1266
f 838/414/838 834/227/834 789/227/789
f 834/227/834 838/414/838 1266/414/1266
f 1266/414/1266 838/414/838 1270/416/1270
f 1271/416/1271 1266/414/1266 1272/416/1272
f 1266/412/1266 1271/417/1271 1267/413/1267
f 1267/413/1267 1271/417/1271 1269/1156/1269
f 1272/416/1272 1266/414/1266 1270/416/1270
f 1271/416/1271 1272/416/1272 1270/416/1270
f 1273/416/1273 1270/416/1270 838/414/838
f 1270/416/1270 1273/416/1273 1274/226/1274
f 1275/414/1275 1273/416/1273 838/414/838
f 1273/416/1273 1275/414/1275 1276/416/1276
f 1244/414/1244 1241/414/1241 1245/414/1245
f 1246/414/1246 1275/414/1275 838/414/838
f 1245/414/1245 1241/414/1241 1231/415/1231
f 915/291/915 1240/227/1240 794/227/794
f 1240/173/1240 915/380/915 1241/412/1241
f 1277/416/1277 1278/416/1278 1279/730/1279
f 1276/416/1276 1280/416/1280 1273/416/1273
f 1273/416/1273 1280/416/1280 1281/226/1281
f 1278/417/1278 1245/412/1245 1231/1159/1231
f 1278/417/1278 1231/1159/1231 1279/418/1279
f 1277/417/1277 1279/418/1279 1282/419/1282
f 863/422/863 856/420/856 858/313/858
f 863/422/863 858/313/858 1256/423/1256
f 1283/252/1283 863/252/863 1284/421/1284
f 863/252/863 1283/252/1283 860/318/860
f 1283/252/1283 1284/421/1284 1285/421/1285
f 1285/421/1285 1284/421/1284 1286/425/1286
f 860/315/860 1285/1158/1285 1287/717/1287
f 1285/1158/1285 860/315/860 1283/422/1283
f 858/313/858 1247/259/1247 1256/423/1256
f 1247/181/1247 1248/179/1248 1256/179/1256
f 1256/179/1256 1248/179/1248 1249/180/1249
f 863/422/863 1256/423/1256 1288/426/1288
f 1288/426/1288 1256/423/1256 1255/424/1255
f 1286/425/1286 1288/425/1288 1289/247/1289
f 1288/425/1288 1286/425/1286 1284/421/1284
f 1285/1158/1285 1286/426/1286 1290/702/1290
f 1249/404/1249 1248/423/1248 798/188/798
f 1288/426/1288 1255/424/1255 1289/702/1289
f 860/318/860 1287/718/1287 1291/718/1291
f 1292/318/1292 866/318/866 1293/318/1293
f 866/318/866 1292/318/1292 856/242/856
f 1294/318/1294 1292/318/1292 1293/318/1293
f 1292/318/1292 1294/318/1294 872/242/872
f 875/420/875 888/315/888 873/279/873
f 1291/718/1291 1287/718/1287 1295/718/1295
f 1296/318/1296 1297/718/1297 883/318/883
f 1291/718/1291 1293/318/1293 866/318/866
f 888/318/888 1296/318/1296 883/318/883
f 794/227/794 893/320/893 915/291/915
f 903/323/903 915/291/915 893/320/893
f 915/291/915 1219/291/1219 1298/165/1298
f 915/291/915 928/291/928 259/291/259
f 1231/1159/1231 1230/397/1230 1279/418/1279
f 1230/398/1230 1231/415/1231 1230/398/1230
f 928/291/928 931/291/931 259/291/259
f 1089/352/1089 1299/430/1299 1300/430/1300
f 1299/427/1299 1089/344/1089 1301/427/1301
f 1301/430/1301 1089/352/1089 1302/430/1302
f 1301/427/1301 1302/427/1302 1303/427/1303
f 1304/427/1304 1305/427/1305 882/428/882
f 1301/427/1301 1303/427/1303 1299/427/1299
f 1305/430/1305 1098/352/1098 882/429/882
f 1306/352/1306 1302/430/1302 1089/352/1089
f 1304/430/1304 882/429/882 1307/541/1307
f 1299/430/1299 1308/541/1308 1309/541/1309
f 1308/335/1308 1299/427/1299 1310/335/1310
f 1310/335/1310 1299/427/1299 1311/335/1311
f 1303/430/1303 1312/541/1312 1311/541/1311
f 1307/541/1307 882/429/882 1297/717/1297
f 1079/344/1079 1313/344/1313 1089/344/1089
f 1306/344/1306 1089/344/1089 1313/344/1313
f 1098/344/1098 1097/344/1097 878/344/878
f 1299/430/1299 1309/541/1309 1314/540/1314
f 1315/335/1315 1309/335/1309 1316/335/1316
f 1309/335/1309 1315/335/1315 1314/472/1314
f 1309/335/1309 1308/335/1308 1316/335/1316
f 1316/335/1316 1308/335/1308 1310/335/1310
f 1225/431/1225 266/380/266 1178/433/1178
f 266/291/266 1225/165/1225 1224/291/1224
f 1235/398/1235 1317/398/1317 1318/398/1318
f 1317/398/1317 1235/398/1235 1319/398/1319
f 1319/398/1319 1235/398/1235 1320/777/1320
f 1317/398/1317 1319/398/1319 1321/398/1321
f 1318/398/1318 1317/398/1317 1321/398/1321
f 266/380/266 1167/385/1167 1178/433/1178
f 1225/431/1225 1178/433/1178 1320/434/1320
f 1180/368/1180 1178/368/1178 1169/552/1169
f 1178/368/1178 1180/368/1180 1320/777/1320
f 1225/431/1225 1320/434/1320 1235/397/1235
f 1322/432/1322 1179/432/1179 1323/780/1323
f 1179/432/1179 1322/432/1322 1180/368/1180
f 1180/433/1180 1322/386/1322 1323/784/1323
f 1175/371/1175 1169/552/1169 1181/1152/1181
f 1180/433/1180 1323/784/1323 1320/434/1320
f 1323/780/1323 1324/620/1324 1325/780/1325
f 1324/435/1324 1323/784/1323 1179/386/1179
f 1326/513/1326 939/513/939 1327/436/1327
f 939/513/939 1326/513/1326 937/324/937
f 1044/513/1044 1328/513/1328 1046/514/1046
f 1326/513/1326 1329/513/1329 937/324/937
f 1330/437/1330 1331/437/1331 1332/504/1332
f 1331/1117/1331 1330/1117/1330 1333/937/1333
f 1334/438/1334 1335/443/1335 1336/438/1336
f 1330/443/1330 1337/438/1337 1333/439/1333
f 1338/502/1338 1339/440/1339 1340/441/1340
f 1339/442/1339 1338/505/1338 1332/840/1332
f 1335/437/1335 1341/502/1341 1342/437/1342
f 1338/446/1338 1330/443/1330 1332/515/1332
f 1327/436/1327 1340/444/1340 1326/513/1326
f 1340/445/1340 1327/447/1327 1338/446/1338
f 1341/446/1341 1343/447/1343 1027/448/1027
f 1344/445/1344 1345/449/1345 1346/515/1346
f 1343/436/1343 1025/513/1025 1027/513/1027
f 1020/450/1020 1347/451/1347 1023/490/1023
f 1347/451/1347 1020/450/1020 1071/1164/1071
f 1348/452/1348 974/330/974 1013/462/1013
f 974/330/974 1348/452/1348 973/453/973
f 1349/454/1349 1350/476/1350 1351/455/1351
f 1350/456/1350 1349/1160/1349 1352/457/1352
f 1349/454/1349 1351/455/1351 1353/909/1353
f 1354/463/1354 1355/458/1355 1356/464/1356
f 1352/459/1352 1357/460/1357 1358/461/1358
f 1359/461/1359 1354/460/1354 1360/452/1360
f 1013/462/1013 1358/461/1358 1348/452/1348
f 1358/461/1358 1013/462/1013 1352/459/1352
f 1352/459/1352 1013/462/1013 1361/471/1361
f 1043/347/1043 980/752/980 979/750/979
f 980/752/980 1043/347/1043 985/346/985
f 1039/345/1039 1043/347/1043 1042/1145/1042
f 1362/906/1362 1363/497/1363 1356/464/1356
f 1363/497/1363 1362/906/1362 1364/905/1364
f 1354/463/1354 1356/464/1356 1043/347/1043
f 1356/468/1356 1363/465/1363 1365/466/1365
f 1043/467/1043 1356/468/1356 1366/469/1366
f 990/427/990 1367/427/1367 1368/470/1368
f 1367/427/1367 990/427/990 1008/344/1008
f 1350/476/1350 1352/459/1352 1361/471/1361
f 1369/473/1369 1350/473/1350 1361/472/1361
f 1350/473/1350 1369/473/1369 1351/474/1351
f 1351/474/1351 1369/473/1369 1370/475/1370
f 1371/482/1371 1369/476/1369 1368/489/1368
f 1369/476/1369 1371/482/1371 1370/480/1370
f 1372/477/1372 1371/478/1371 1373/478/1373
f 1371/482/1371 1372/479/1372 1370/480/1370
f 1373/478/1373 1371/478/1371 1368/481/1368
f 1374/920/1374 1373/482/1373 1375/483/1375
f 1373/538/1373 1374/491/1374 1376/491/1376
f 1377/484/1377 1378/921/1378 1376/920/1376
f 1378/921/1378 1377/484/1377 1379/484/1379
f 1361/485/1361 1013/486/1013 1368/487/1368
f 1361/471/1361 1368/489/1368 1369/476/1369
f 1373/482/1373 1368/489/1368 1380/494/1380
f 1381/481/1381 1368/481/1368 1367/488/1367
f 1368/489/1368 1381/489/1381 1380/494/1380
f 1381/489/1381 1367/272/1367 1380/494/1380
f 1367/272/1367 1008/490/1008 1382/490/1382
f 1382/344/1382 1018/344/1018 1383/344/1383
f 1018/344/1018 1382/344/1382 1008/344/1008
f 1382/344/1382 1383/344/1383 1384/353/1384
f 1375/483/1375 1373/482/1373 1380/494/1380
f 1376/491/1376 1374/491/1374 1385/491/1385
f 1385/491/1385 1374/491/1374 1375/522/1375
f 1376/491/1376 1385/491/1385 1386/924/1386
f 1375/962/1375 1380/523/1380 1387/523/1387
f 1388/492/1388 1384/523/1384 1383/493/1383
f 1384/353/1384 1388/524/1388 1380/353/1380
f 1389/494/1389 1390/495/1390 1347/451/1347
f 1388/524/1388 1387/353/1387 1380/353/1380
f 1384/523/1384 1380/523/1380 1382/493/1382
f 1391/483/1391 1389/494/1389 1392/1165/1392
f 1387/353/1387 1393/522/1393 1375/522/1375
f 1375/522/1375 1393/522/1393 1385/491/1385
f 1382/490/1382 1380/494/1380 1367/272/1367
f 1390/495/1390 1394/490/1394 1347/451/1347
f 1023/490/1023 1347/451/1347 1394/490/1394
f 1023/490/1023 1021/328/1021 1020/450/1020
f 1042/1145/1042 1043/347/1043 1366/512/1366
f 1335/437/1335 1342/437/1342 1336/936/1336
f 1395/507/1395 1396/496/1396 1397/508/1397
f 1396/510/1396 1395/498/1395 1363/497/1363
f 1365/837/1365 1395/498/1395 1398/511/1398
f 1395/499/1395 1365/500/1365 1363/501/1363
f 1399/504/1399 1400/502/1400 1027/503/1027
f 1400/502/1400 1399/504/1399 1342/437/1342
f 1342/437/1342 1399/504/1399 1401/935/1401
f 1400/505/1400 1341/505/1341 1027/513/1027
f 1341/505/1341 1400/505/1400 1342/1117/1342
f 1397/506/1397 1399/840/1399 1398/511/1398
f 1399/840/1399 1397/506/1397 1396/510/1396
f 1395/507/1395 1397/508/1397 1398/509/1398
f 1399/840/1399 1396/510/1396 1401/937/1401
f 1366/512/1366 1398/511/1398 1042/1145/1042
f 1398/511/1398 1366/512/1366 1365/837/1365
f 1365/466/1365 1366/469/1366 1356/468/1356
f 1042/1145/1042 1398/511/1398 1027/513/1027
f 1046/514/1046 1328/513/1328 1344/444/1344
f 1046/514/1046 1344/444/1344 1346/840/1346
f 1046/514/1046 1346/840/1346 1050/520/1050
f 1049/842/1049 1050/520/1050 1402/520/1402
f 1050/520/1050 1346/840/1346 1403/517/1403
f 1404/1003/1404 1405/517/1405 1406/517/1406
f 1405/443/1405 1404/439/1404 1407/515/1407
f 1408/516/1408 1404/439/1404 1406/443/1406
f 1404/1003/1404 1408/958/1408 1409/958/1409
f 1403/517/1403 1410/1117/1410 1411/517/1411
f 1410/1117/1410 1403/517/1403 1346/840/1346
f 1050/515/1050 1403/443/1403 1412/515/1412
f 1216/518/1216 1407/520/1407 1413/519/1413
f 1407/520/1407 1216/518/1216 1414/520/1414
f 1405/517/1405 1407/520/1407 1414/520/1414
f 1414/515/1414 1415/443/1415 1405/443/1405
f 1415/517/1415 1406/517/1406 1405/517/1405
f 1050/520/1050 1412/520/1412 1402/520/1402
f 1069/520/1069 1414/520/1414 1216/518/1216
f 1416/521/1416 1083/493/1083 1417/523/1417
f 1389/494/1389 1347/451/1347 1392/1165/1392
f 1391/483/1391 1418/965/1418 1419/920/1419
f 1418/965/1418 1391/483/1391 1392/1165/1392
f 1420/491/1420 1421/491/1421 1088/353/1088
f 1421/491/1421 1420/491/1420 1422/491/1422
f 1421/491/1421 1422/491/1422 1423/924/1423
f 1424/491/1424 1425/522/1425 1090/353/1090
f 1425/522/1425 1424/491/1424 1426/924/1426
f 1425/522/1425 1417/353/1417 1090/353/1090
f 1090/353/1090 1417/353/1417 1083/344/1083
f 1089/493/1089 1427/492/1427 1088/523/1088
f 1427/524/1427 1089/344/1089 1428/344/1428
f 1429/528/1429 1430/1005/1430 1431/1071/1431
f 1430/525/1430 1429/526/1429 1413/527/1413
f 1413/527/1413 1200/527/1200 1199/391/1199
f 1200/519/1200 1413/519/1413 1432/529/1432
f 1413/519/1413 1429/528/1429 1432/529/1432
f 1216/518/1216 1413/519/1413 1054/842/1054
f 1203/802/1203 1200/519/1200 1433/663/1433
f 1217/842/1217 1216/518/1216 1054/842/1054
f 1300/430/1300 1299/430/1299 1314/540/1314
f 1428/352/1428 1089/352/1089 1300/430/1300
f 1422/491/1422 1420/491/1420 1434/491/1434
f 1435/532/1435 1434/531/1434 1420/531/1420
f 1434/531/1434 1435/532/1435 1436/530/1436
f 1436/530/1436 1435/532/1435 1437/814/1437
f 1434/531/1434 1436/530/1436 1438/1022/1438
f 1439/532/1439 1435/532/1435 1088/1165/1088
f 1435/532/1435 1439/532/1439 1437/814/1437
f 1440/539/1440 1439/532/1439 1441/536/1441
f 1439/532/1439 1440/539/1440 1437/814/1437
f 1437/473/1437 1440/533/1440 1442/472/1442
f 1443/534/1443 1437/814/1437 1444/815/1444
f 1437/814/1437 1443/534/1443 1436/530/1436
f 1445/536/1445 1427/535/1427 1300/430/1300
f 1427/535/1427 1445/536/1445 1088/1165/1088
f 1441/536/1441 1445/536/1445 1442/540/1442
f 1445/537/1445 1441/537/1441 1439/538/1439
f 1441/536/1441 1442/540/1442 1440/539/1440
f 1314/540/1314 1442/540/1442 1300/430/1300
f 1442/540/1442 1314/540/1314 1446/816/1446
f 1445/536/1445 1300/430/1300 1442/540/1442
f 1314/540/1314 1315/541/1315 1447/817/1447
f 1448/597/1448 1449/597/1449 1450/597/1450
f 1451/597/1451 1452/597/1452 1453/597/1453
f 1453/597/1453 1452/597/1452 1454/597/1454
f 1451/597/1451 1453/597/1453 1455/597/1455
f 1453/597/1453 1451/597/1451 1451/597/1451
f 1451/597/1451 1451/597/1451 1453/597/1453
f 1456/597/1456 1457/597/1457 1458/597/1458
f 1459/597/1459 1460/597/1460 1461/597/1461
f 1462/597/1462 1463/597/1463 1464/597/1464
f 1449/597/1449 1448/597/1448 1465/597/1465
f 1452/597/1452 1451/597/1451 1451/597/1451
f 1466/597/1466 1453/597/1453 1467/597/1467
f 1453/597/1453 1466/597/1466 1451/597/1451
f 1468/597/1468 1469/597/1469 1469/597/1469
f 1466/597/1466 1451/597/1451 1451/597/1451
f 1452/597/1452 1451/597/1451 1470/597/1470
f 1471/597/1471 1462/597/1462 1472/597/1472
f 1461/542/1461 1473/545/1473 1474/667/1474
f 1475/597/1475 1475/597/1475 1476/597/1476
f 1475/597/1475 1475/597/1475 1448/597/1448
f 1448/597/1448 1475/597/1475 1476/597/1476
f 1450/597/1450 1449/597/1449 1477/597/1477
f 1478/597/1478 1469/597/1469 1468/597/1468
f 1465/597/1465 1479/597/1479 1449/597/1449
f 1477/597/1477 1449/597/1449 1479/597/1479
f 1465/597/1465 1448/597/1448 1480/597/1480
f 1481/597/1481 1482/597/1482 1482/597/1482
f 1464/597/1464 1472/597/1472 1462/597/1462
f 1483/597/1483 1484/597/1484 1485/580/1485
f 1486/597/1486 1487/597/1487 1486/597/1486
f 1486/597/1486 1487/597/1487 1468/597/1468
f 1486/597/1486 1486/597/1486 1488/597/1488
f 1483/545/1483 1485/581/1485 1489/582/1489
f 1482/597/1482 1483/597/1483 1489/543/1489
f 1487/597/1487 1478/597/1478 1468/597/1468
f 1478/597/1478 1478/597/1478 1468/597/1468
f 1468/597/1468 1469/597/1469 1490/597/1490
f 1469/597/1469 1469/597/1469 1488/597/1488
f 1486/597/1486 1469/597/1469 1488/597/1488
f 1469/597/1469 1486/597/1486 1468/597/1468
f 1482/597/1482 1489/543/1489 1481/597/1481
f 1489/543/1489 1491/597/1491 1481/597/1481
f 1491/597/1491 1489/543/1489 1492/544/1492
f 1473/545/1473 1493/599/1493 1474/667/1474
f 1494/546/1494 1495/591/1495 1496/591/1496
f 1497/591/1497 1498/546/1498 1498/546/1498
f 1145/546/1145 1145/546/1145 1146/546/1146
f 1499/591/1499 1500/546/1500 1501/591/1501
f 1498/546/1498 1502/591/1502 1497/591/1497
f 1497/591/1497 1502/591/1502 1503/591/1503
f 1504/549/1504 1505/369/1505 1506/551/1506
f 1131/372/1131 1507/547/1507 1508/548/1508
f 1509/558/1509 1504/549/1504 1506/551/1506
f 1138/373/1138 1131/372/1131 1508/548/1508
f 1506/551/1506 1129/550/1129 1153/551/1153
f 1129/550/1129 1506/551/1506 1505/369/1505
f 1106/552/1106 1134/368/1134 1104/552/1104
f 1510/557/1510 1126/1146/1126 1511/553/1511
f 1126/432/1126 1510/371/1510 1136/371/1136
f 1136/371/1136 1510/371/1510 1137/371/1137
f 1512/563/1512 1513/563/1513 1514/619/1514
f 1138/563/1138 1515/563/1515 1132/554/1132
f 1132/555/1132 1515/373/1515 1516/1146/1516
f 1515/373/1515 1517/556/1517 1516/1146/1516
f 1516/432/1516 1517/619/1517 1126/432/1126
f 1518/619/1518 1514/619/1514 1513/563/1513
f 1517/619/1517 1519/619/1519 1520/546/1520
f 1521/590/1521 1518/570/1518 1522/594/1522
f 1523/546/1523 1521/546/1521 1501/591/1501
f 1520/546/1520 1511/546/1511 1517/619/1517
f 1510/371/1510 1511/546/1511 1137/371/1137
f 1522/594/1522 1518/570/1518 1524/569/1524
f 1523/546/1523 1501/591/1501 1500/546/1500
f 1523/546/1523 1500/546/1500 1525/546/1525
f 1511/546/1511 1526/546/1526 1137/371/1137
f 1114/557/1114 1146/553/1146 1116/381/1116
f 1527/591/1527 1499/591/1499 1501/591/1501
f 1528/591/1528 1503/591/1503 1529/595/1529
f 1503/591/1503 1528/591/1528 1497/591/1497
f 1530/591/1530 1497/591/1497 1528/591/1528
f 1531/595/1531 1527/591/1527 1501/591/1501
f 1532/595/1532 1529/595/1529 1450/597/1450
f 1529/595/1529 1532/595/1532 1528/591/1528
f 1476/597/1476 1475/597/1475 1533/597/1533
f 1454/597/1454 1531/595/1531 1455/597/1455
f 1529/595/1529 1533/597/1533 1450/597/1450
f 1533/597/1533 1475/597/1475 1448/597/1448
f 1476/597/1476 1533/597/1533 1448/597/1448
f 1534/568/1534 1509/558/1509 1506/551/1506
f 1535/565/1535 1536/562/1536 1537/573/1537
f 1538/869/1538 1534/568/1534 1539/578/1539
f 1536/559/1536 1540/560/1540 1537/561/1537
f 1537/573/1537 1540/562/1540 1541/577/1541
f 1513/563/1513 1537/564/1537 1542/564/1542
f 1537/573/1537 1513/571/1513 1535/565/1535
f 1543/578/1543 1539/578/1539 1534/568/1534
f 1541/578/1541 1544/578/1544 1545/585/1545
f 1546/579/1546 1543/578/1543 1547/567/1547
f 1544/577/1544 1548/566/1548 1549/575/1549
f 1547/567/1547 1543/578/1543 1534/568/1534
f 1152/872/1152 1547/567/1547 1150/567/1150
f 1547/567/1547 1152/872/1152 1546/579/1546
f 1150/567/1150 1547/567/1547 1534/568/1534
f 1148/376/1148 1150/567/1150 1153/551/1153
f 1534/568/1534 1506/551/1506 1153/551/1153
f 1153/551/1153 1150/567/1150 1534/568/1534
f 1542/564/1542 1537/564/1537 1550/862/1550
f 1551/625/1551 1542/564/1542 1524/625/1524
f 1542/573/1542 1551/569/1551 1513/571/1513
f 1518/619/1518 1551/625/1551 1524/625/1524
f 1551/569/1551 1518/570/1518 1513/571/1513
f 1501/591/1501 1522/591/1522 1531/595/1531
f 1522/591/1522 1501/591/1501 1521/546/1521
f 1550/862/1550 1541/578/1541 1552/862/1552
f 1541/577/1541 1550/576/1550 1537/573/1537
f 1542/564/1542 1550/862/1550 1552/862/1552
f 1553/574/1553 1552/576/1552 1554/581/1554
f 1552/862/1552 1553/572/1553 1555/572/1555
f 1555/572/1555 1553/572/1553 1554/580/1554
f 1524/569/1524 1555/574/1555 1522/594/1522
f 1555/574/1555 1524/569/1524 1542/573/1542
f 1556/596/1556 1555/574/1555 1455/545/1455
f 1555/574/1555 1556/596/1556 1522/594/1522
f 1522/591/1522 1556/595/1556 1531/595/1531
f 1531/595/1531 1557/595/1557 1455/597/1455
f 1557/595/1557 1531/595/1531 1556/595/1556
f 1552/862/1552 1545/585/1545 1558/585/1558
f 1545/575/1545 1552/576/1552 1541/577/1541
f 1552/576/1552 1558/575/1558 1554/581/1554
f 1544/578/1544 1549/585/1549 1545/585/1545
f 1554/580/1554 1558/585/1558 1545/585/1545
f 1554/581/1554 1455/545/1455 1555/574/1555
f 1455/597/1455 1554/580/1554 1451/597/1451
f 1451/597/1451 1554/580/1554 1559/597/1559
f 1556/595/1556 1455/597/1455 1557/595/1557
f 1455/597/1455 1453/597/1453 1454/597/1454
f 1494/590/1494 1496/594/1496 1560/593/1560
f 1561/594/1561 1562/596/1562 1563/592/1563
f 1463/1167/1463 1564/618/1564 1565/592/1565
f 1566/585/1566 1567/579/1567 1568/579/1568
f 1569/579/1569 1549/585/1549 1548/579/1548
f 1570/579/1570 1571/579/1571 1572/579/1572
f 1573/579/1573 1569/579/1569 1574/579/1574
f 1573/579/1573 1574/579/1574 1575/579/1575
f 1566/585/1566 1576/585/1576 1577/585/1577
f 1576/585/1576 1566/585/1566 1578/585/1578
f 1572/579/1572 1571/579/1571 1166/579/1166
f 1579/579/1579 1580/579/1580 1546/579/1546
f 1157/379/1157 1546/579/1546 1155/379/1155
f 1546/579/1546 1157/379/1157 1579/579/1579
f 1166/579/1166 1163/379/1163 1162/379/1162
f 1581/585/1581 1566/585/1566 1577/585/1577
f 1582/585/1582 1583/585/1583 1584/585/1584
f 1581/585/1581 1577/585/1577 1585/580/1585
f 1586/580/1586 1554/580/1554 1587/580/1587
f 1554/580/1554 1586/580/1586 1559/597/1559
f 1559/597/1559 1586/580/1586 1587/580/1587
f 1451/597/1451 1559/597/1559 1453/597/1453
f 1453/597/1453 1559/597/1559 1467/597/1467
f 1588/580/1588 1488/597/1488 1488/597/1488
f 1488/597/1488 1588/580/1588 1486/597/1486
f 1585/580/1585 1588/580/1588 1581/585/1581
f 1588/580/1588 1585/580/1585 1486/597/1486
f 1485/580/1485 1589/580/1589 1590/614/1590
f 1585/580/1585 1591/580/1591 1486/597/1486
f 1590/614/1590 1589/580/1589 1592/610/1592
f 1488/597/1488 1469/597/1469 1488/597/1488
f 1593/580/1593 1581/585/1581 1588/580/1588
f 1545/585/1545 1587/580/1587 1554/580/1554
f 1593/580/1593 1588/580/1588 1488/597/1488
f 1589/581/1589 1582/575/1582 1592/609/1592
f 1587/580/1587 1467/597/1467 1559/597/1559
f 1489/582/1489 1590/608/1590 1594/583/1594
f 1590/608/1590 1489/582/1489 1485/581/1485
f 1489/543/1489 1594/611/1594 1492/544/1492
f 1166/579/1166 1165/584/1165 1572/579/1572
f 1582/585/1582 1584/585/1584 1595/607/1595
f 1596/597/1596 1597/597/1597 1596/597/1596
f 1598/597/1598 1599/597/1599 1459/597/1459
f 1457/597/1457 1600/597/1600 1458/597/1458
f 1601/597/1601 1459/597/1459 1599/597/1599
f 1602/586/1602 1603/587/1603 1474/667/1474
f 1604/589/1604 1605/611/1605 1606/598/1606
f 1607/597/1607 1596/597/1596 1608/597/1608
f 1596/597/1596 1607/597/1607 1596/597/1596
f 1596/597/1596 1607/597/1607 1609/597/1609
f 1607/597/1607 1596/597/1596 1596/597/1596
f 1610/597/1610 1611/597/1611 1610/597/1610
f 1610/597/1610 1612/588/1612 1613/597/1613
f 1612/588/1612 1610/597/1610 1611/597/1611
f 1603/587/1603 1598/618/1598 1459/1166/1459
f 1611/597/1611 1614/589/1614 1612/588/1612
f 1612/588/1612 1614/589/1614 1615/598/1615
f 1179/386/1179 1175/383/1175 1324/435/1324
f 1616/546/1616 1617/546/1617 1618/546/1618
f 1186/546/1186 1619/546/1619 1175/371/1175
f 1616/546/1616 1620/591/1620 1621/591/1621
f 1620/591/1620 1616/546/1616 1618/546/1618
f 1622/546/1622 1147/546/1147 1145/546/1145
f 1623/624/1623 1494/590/1494 1560/593/1560
f 1624/591/1624 1621/591/1621 1625/595/1625
f 1621/591/1621 1624/591/1624 1626/591/1626
f 1626/591/1626 1624/591/1624 1627/591/1627
f 1628/591/1628 1560/591/1560 1496/591/1496
f 1620/591/1620 1629/591/1629 1630/591/1630
f 1630/591/1630 1629/591/1629 1631/595/1631
f 1628/591/1628 1496/591/1496 1561/591/1561
f 1563/592/1563 1628/593/1628 1561/594/1561
f 1629/591/1629 1632/595/1632 1631/595/1631
f 1631/595/1631 1632/595/1632 1633/595/1633
f 1630/591/1630 1631/595/1631 1621/591/1621
f 1563/595/1563 1562/595/1562 1565/595/1565
f 1625/595/1625 1621/591/1621 1634/595/1634
f 1625/595/1625 1634/595/1634 1624/591/1624
f 1635/595/1635 1634/595/1634 1636/597/1636
f 1634/595/1634 1635/595/1635 1624/591/1624
f 1625/595/1625 1635/595/1635 1637/597/1637
f 1635/595/1635 1625/595/1625 1624/591/1624
f 1624/593/1624 1625/592/1625 1638/626/1638
f 1634/595/1634 1631/595/1631 1633/595/1633
f 1631/595/1631 1634/595/1634 1621/591/1621
f 1636/597/1636 1634/595/1634 1636/597/1636
f 1637/597/1637 1636/597/1636 1639/597/1639
f 1636/597/1636 1637/597/1637 1635/595/1635
f 1639/597/1639 1636/597/1636 1636/597/1636
f 1640/597/1640 1639/597/1639 1640/597/1640
f 1639/597/1639 1640/597/1640 1637/597/1637
f 1637/597/1637 1640/597/1640 1639/597/1639
f 1634/595/1634 1633/595/1633 1636/597/1636
f 1641/597/1641 1565/595/1565 1564/597/1564
f 1564/597/1564 1641/597/1641 1564/597/1564
f 1636/597/1636 1639/597/1639 1639/597/1639
f 1639/597/1639 1639/597/1639 1642/597/1642
f 1643/597/1643 1609/597/1609 1608/597/1608
f 1609/597/1609 1643/597/1643 1596/597/1596
f 1644/597/1644 1643/597/1643 1608/597/1608
f 1643/597/1643 1644/597/1644 1596/597/1596
f 1596/597/1596 1644/597/1644 1645/597/1645
f 1565/592/1565 1562/596/1562 1463/1167/1463
f 1646/597/1646 1647/597/1647 1646/597/1646
f 1564/597/1564 1648/597/1648 1564/597/1564
f 1564/597/1564 1648/597/1648 1649/597/1649
f 1645/597/1645 1644/597/1644 1645/597/1645
f 1647/597/1647 1650/597/1650 1646/597/1646
f 1646/597/1646 1646/597/1646 1651/597/1651
f 1596/597/1596 1645/597/1645 1652/597/1652
f 1645/597/1645 1596/597/1596 1645/597/1645
f 1653/597/1653 1637/597/1637 1639/597/1639
f 1637/597/1637 1653/597/1653 1625/595/1625
f 1625/595/1625 1653/597/1653 1639/597/1639
f 1639/597/1639 1640/597/1640 1642/597/1642
f 1608/597/1608 1609/597/1609 1607/597/1607
f 1640/597/1640 1639/597/1639 1642/597/1642
f 1654/597/1654 1640/597/1640 1642/597/1642
f 1640/597/1640 1654/597/1654 1640/597/1640
f 1655/597/1655 1644/597/1644 1644/597/1644
f 1654/597/1654 1642/597/1642 1640/597/1640
f 1639/597/1639 1642/597/1642 1656/597/1656
f 1649/597/1649 1649/597/1649 1648/597/1648
f 1642/597/1642 1642/597/1642 1654/597/1654
f 1644/597/1644 1655/597/1655 1652/597/1652
f 1655/597/1655 1608/597/1608 1596/597/1596
f 1608/597/1608 1655/597/1655 1644/597/1644
f 1645/597/1645 1644/597/1644 1652/597/1652
f 1644/597/1644 1645/597/1645 1644/597/1644
f 1646/597/1646 1646/597/1646 1651/597/1651
f 1648/597/1648 1648/597/1648 1649/597/1649
f 1655/597/1655 1596/597/1596 1652/597/1652
f 1606/598/1606 1605/611/1605 1657/611/1657
f 1612/615/1612 1615/616/1615 1658/617/1658
f 1659/667/1659 1660/583/1660 1661/583/1661
f 1662/583/1662 1474/667/1474 1493/599/1493
f 1663/611/1663 1492/544/1492 1664/611/1664
f 1665/544/1665 1666/611/1666 1667/611/1667
f 1668/611/1668 1669/611/1669 1670/611/1670
f 1666/611/1666 1671/611/1671 1667/611/1667
f 1672/611/1672 1667/611/1667 1671/611/1671
f 1667/611/1667 1672/611/1672 1673/611/1673
f 1165/600/1165 1674/601/1674 1675/879/1675
f 1674/387/1674 1165/584/1165 1192/388/1192
f 1676/566/1676 1677/606/1677 1584/575/1584
f 1677/606/1677 1676/566/1676 1678/602/1678
f 1595/607/1595 1584/585/1584 1677/638/1677
f 1679/638/1679 1680/638/1680 1681/638/1681
f 1680/638/1680 1679/638/1679 1682/638/1682
f 1682/638/1682 1679/638/1679 1683/638/1683
f 1684/603/1684 1685/638/1685 1686/638/1686
f 1682/606/1682 1687/602/1687 1688/1168/1688
f 1689/638/1689 1690/638/1690 1691/638/1691
f 1683/638/1683 1679/638/1679 1681/638/1681
f 1674/387/1674 1692/603/1692 1675/603/1675
f 1687/603/1687 1693/387/1693 1688/604/1688
f 1694/604/1694 1189/387/1189 1695/642/1695
f 1677/638/1677 1689/638/1689 1691/638/1691
f 1696/603/1696 1684/603/1684 1686/638/1686
f 1675/603/1675 1572/579/1572 1165/584/1165
f 1595/607/1595 1677/638/1677 1691/638/1691
f 1189/387/1189 1193/1153/1193 1695/642/1695
f 1697/638/1697 1681/638/1681 1682/638/1682
f 1681/638/1681 1697/638/1697 1683/638/1683
f 1681/638/1681 1680/638/1680 1682/638/1682
f 1698/606/1698 1697/606/1697 1699/608/1699
f 1697/638/1697 1698/638/1698 1683/638/1683
f 1700/638/1700 1698/638/1698 1701/638/1701
f 1698/638/1698 1700/638/1700 1683/638/1683
f 1701/606/1701 1698/606/1698 1699/608/1699
f 1702/605/1702 1701/606/1701 1703/608/1703
f 1701/638/1701 1702/607/1702 1700/638/1700
f 1703/608/1703 1701/606/1701 1699/608/1699
f 1704/610/1704 1703/614/1703 1699/614/1699
f 1703/608/1703 1704/609/1704 1702/605/1702
f 1595/605/1595 1592/609/1592 1582/575/1582
f 1705/614/1705 1699/614/1699 1706/614/1706
f 1699/614/1699 1705/614/1705 1704/610/1704
f 1699/614/1699 1705/614/1705 1707/611/1707
f 1705/614/1705 1699/614/1699 1704/610/1704
f 1708/611/1708 1707/611/1707 1709/611/1709
f 1707/611/1707 1708/611/1708 1699/614/1699
f 1590/614/1590 1594/611/1594 1594/611/1594
f 1707/611/1707 1705/614/1705 1710/611/1710
f 1594/611/1594 1664/611/1664 1492/544/1492
f 1711/611/1711 1708/611/1708 1670/611/1670
f 1670/611/1670 1708/611/1708 1709/611/1709
f 1708/611/1708 1670/611/1670 1708/611/1708
f 1670/611/1670 1709/611/1709 1710/611/1710
f 1711/611/1711 1670/611/1670 1669/611/1669
f 1709/611/1709 1707/611/1707 1710/611/1710
f 1712/637/1712 1706/608/1706 1713/606/1713
f 1706/608/1706 1712/637/1712 1714/645/1714
f 1697/638/1697 1682/638/1682 1713/638/1713
f 1706/614/1706 1715/612/1715 1716/612/1716
f 1715/613/1715 1706/608/1706 1714/645/1714
f 1706/608/1706 1699/608/1699 1713/606/1713
f 1717/614/1717 1718/611/1718 1719/611/1719
f 1720/611/1720 1721/614/1721 1722/611/1722
f 1706/614/1706 1716/612/1716 1721/614/1721
f 1722/583/1722 1721/608/1721 1716/613/1716
f 1723/614/1723 1724/614/1724 1725/614/1725
f 1721/614/1721 1726/614/1726 1706/614/1706
f 1706/614/1706 1726/614/1726 1705/614/1705
f 1727/614/1727 1723/614/1723 1725/614/1725
f 1726/614/1726 1728/614/1728 1705/614/1705
f 1705/614/1705 1728/614/1728 1710/611/1710
f 1729/611/1729 1722/611/1722 1668/611/1668
f 1722/611/1722 1729/611/1729 1720/611/1720
f 1718/611/1718 1730/611/1730 1731/611/1731
f 1732/611/1732 1668/611/1668 1670/611/1670
f 1668/611/1668 1732/611/1732 1729/611/1729
f 1733/611/1733 1734/611/1734 1735/611/1735
f 1734/611/1734 1736/611/1736 1735/611/1735
f 1710/611/1710 1732/611/1732 1670/611/1670
f 1736/583/1736 1727/608/1727 1725/608/1725
f 1737/614/1737 1717/614/1717 1719/611/1719
f 1719/611/1719 1718/611/1718 1731/611/1731
f 1736/583/1736 1725/608/1725 1738/583/1738
f 1739/611/1739 1733/611/1733 1735/611/1735
f 1738/611/1738 1739/611/1739 1735/611/1735
f 1738/611/1738 1735/611/1735 1736/611/1736
f 1612/615/1612 1658/617/1658 1740/628/1740
f 1741/611/1741 1615/598/1615 1742/611/1742
f 1615/616/1615 1741/586/1741 1658/617/1658
f 1743/611/1743 1744/611/1744 1745/611/1745
f 1744/611/1744 1743/611/1743 1746/611/1746
f 1746/611/1746 1743/611/1743 1747/611/1747
f 1748/611/1748 1746/611/1746 1749/611/1749
f 1746/611/1746 1748/611/1748 1744/611/1744
f 1744/611/1744 1748/611/1748 1750/611/1750
f 1747/611/1747 1743/611/1743 1751/611/1751
f 1749/611/1749 1746/611/1746 1747/611/1747
f 1752/611/1752 1753/611/1753 1754/611/1754
f 1749/611/1749 1755/611/1755 1756/611/1756
f 1757/586/1757 1758/586/1758 1659/667/1659
f 1759/611/1759 1657/611/1657 1605/611/1605
f 1760/611/1760 1752/611/1752 1754/611/1754
f 1757/586/1757 1659/667/1659 1761/586/1761
f 1613/618/1613 1612/615/1612 1740/628/1740
f 1762/546/1762 1616/546/1616 1621/591/1621
f 1619/546/1619 1763/546/1763 1764/619/1764
f 1765/619/1765 1766/619/1766 1767/625/1767
f 1764/619/1764 1768/619/1768 1324/620/1324
f 1324/435/1324 1768/621/1768 1769/622/1769
f 1770/860/1770 1765/623/1765 1638/626/1638
f 1324/620/1324 1769/563/1769 1771/563/1771
f 1762/546/1762 1626/591/1626 1627/591/1627
f 1626/591/1626 1762/546/1762 1621/591/1621
f 1767/626/1767 1766/623/1766 1627/593/1627
f 1627/593/1627 1766/623/1766 1762/624/1762
f 1627/591/1627 1624/591/1624 1767/625/1767
f 1638/625/1638 1767/625/1767 1624/591/1624
f 1767/625/1767 1638/625/1638 1765/619/1765
f 1772/859/1772 1638/626/1638 1773/627/1773
f 1638/625/1638 1772/564/1772 1774/564/1774
f 1638/626/1638 1774/859/1774 1775/860/1775
f 1776/572/1776 1625/595/1625 1773/572/1773
f 1625/592/1625 1776/627/1776 1638/626/1638
f 1638/625/1638 1776/572/1776 1773/572/1773
f 1777/863/1777 1773/627/1773 1778/628/1778
f 1773/627/1773 1777/863/1777 1772/859/1772
f 1779/862/1779 1777/862/1777 1780/585/1780
f 1777/862/1777 1779/862/1779 1772/564/1772
f 1772/564/1772 1779/862/1779 1781/564/1781
f 1782/580/1782 1596/597/1596 1608/597/1608
f 1656/618/1656 1783/628/1783 1625/592/1625
f 1778/580/1778 1783/580/1783 1780/585/1780
f 1783/580/1783 1778/580/1778 1625/595/1625
f 1778/628/1778 1773/627/1773 1625/592/1625
f 1639/597/1639 1656/597/1656 1625/595/1625
f 1778/628/1778 1780/865/1780 1777/863/1777
f 1784/585/1784 1782/580/1782 1785/580/1785
f 1783/580/1783 1786/585/1786 1780/585/1780
f 1784/585/1784 1787/585/1787 1788/579/1788
f 1787/585/1787 1784/585/1784 1785/580/1785
f 1740/628/1740 1658/617/1658 1789/633/1789
f 1790/629/1790 1791/629/1791 1792/630/1792
f 1791/629/1791 1790/629/1790 1789/629/1789
f 1789/629/1789 1790/629/1790 1792/630/1792
f 1793/611/1793 1747/611/1747 1751/611/1751
f 1792/632/1792 1658/617/1658 1794/631/1794
f 1658/617/1658 1792/632/1792 1791/633/1791
f 1751/611/1751 1745/611/1745 1750/611/1750
f 1745/611/1745 1751/611/1751 1743/611/1743
f 1745/611/1745 1744/611/1744 1750/611/1750
f 1793/586/1793 1751/586/1751 1795/636/1795
f 1796/636/1796 1751/586/1751 1797/636/1797
f 1751/586/1751 1796/636/1796 1795/636/1795
f 1795/614/1795 1796/614/1796 1798/614/1798
f 1741/586/1741 1799/636/1799 1658/617/1658
f 1799/614/1799 1800/614/1800 1801/638/1801
f 1798/614/1798 1796/614/1796 1797/614/1797
f 1658/617/1658 1799/636/1799 1801/631/1801
f 1798/636/1798 1797/636/1797 1802/631/1802
f 1803/634/1803 1804/634/1804 1805/635/1805
f 1804/631/1804 1803/631/1803 1797/636/1797
f 1806/638/1806 1801/638/1801 1807/638/1807
f 1801/638/1801 1806/638/1806 1658/874/1658
f 1751/611/1751 1750/611/1750 1797/614/1797
f 1808/638/1808 1805/878/1805 1809/638/1809
f 1805/878/1805 1808/638/1808 1803/638/1803
f 1810/668/1810 1722/583/1722 1716/613/1716
f 1672/611/1672 1811/1081/1811 1673/611/1673
f 1812/1083/1812 1813/1080/1813 1814/1083/1814
f 1813/1062/1813 1812/1085/1812 1815/1062/1815
f 1816/1062/1816 1817/1085/1817 1818/1062/1818
f 1712/637/1712 1688/1168/1688 1819/645/1819
f 1688/1168/1688 1712/637/1712 1713/606/1713
f 1682/638/1682 1680/638/1680 1713/638/1713
f 1688/639/1688 1820/640/1820 1821/641/1821
f 1822/658/1822 1695/642/1695 1193/1153/1193
f 1823/643/1823 1822/658/1822 1824/657/1824
f 1821/1170/1821 1825/644/1825 1819/645/1819
f 1819/645/1819 1825/644/1825 1826/646/1826
f 1712/647/1712 1819/648/1819 1714/648/1714
f 1714/648/1714 1819/648/1819 1827/653/1827
f 1828/649/1828 1824/646/1824 1829/1069/1829
f 1826/650/1826 1830/651/1830 1819/652/1819
f 1714/645/1714 1827/654/1827 1715/613/1715
f 1831/653/1831 1827/653/1827 1832/1072/1832
f 1827/653/1827 1831/653/1831 1833/679/1833
f 1832/1069/1832 1827/654/1827 1830/649/1830
f 1833/664/1833 1834/1070/1834 1835/665/1835
f 1834/1070/1834 1833/664/1833 1831/654/1831
f 1834/1070/1834 1831/654/1831 1832/1069/1832
f 1836/655/1836 1824/657/1824 1837/656/1837
f 1824/657/1824 1836/655/1836 1432/529/1432
f 1432/529/1432 1836/655/1836 1200/519/1200
f 1432/529/1432 1429/528/1429 1431/1071/1431
f 1837/656/1837 1822/658/1822 1193/1153/1193
f 1822/658/1822 1837/656/1837 1824/657/1824
f 1433/659/1433 1837/660/1837 1193/661/1193
f 1837/660/1837 1433/659/1433 1836/662/1836
f 1836/655/1836 1433/663/1433 1200/519/1200
f 1810/668/1810 1716/613/1716 1817/1089/1817
f 1838/664/1838 1833/664/1833 1817/1089/1817
f 1833/678/1833 1838/678/1838 1715/677/1715
f 1716/613/1716 1838/664/1838 1817/1089/1817
f 1838/679/1838 1716/612/1716 1715/612/1715
f 1817/1089/1817 1835/665/1835 1818/666/1818
f 1835/665/1835 1817/1089/1817 1833/664/1833
f 1659/667/1659 1661/583/1661 1761/586/1761
f 1761/586/1761 1661/583/1661 1839/668/1839
f 1750/611/1750 1748/611/1748 1756/611/1756
f 1840/611/1840 1756/611/1756 1841/611/1841
f 1756/611/1756 1840/611/1840 1750/611/1750
f 1750/586/1750 1840/586/1840 1797/636/1797
f 1761/586/1761 1839/668/1839 1842/670/1842
f 1843/669/1843 1844/611/1844 1845/611/1845
f 1844/611/1844 1843/669/1843 1846/669/1846
f 1756/611/1756 1844/611/1844 1841/611/1841
f 1844/611/1844 1756/611/1756 1845/611/1845
f 1841/611/1841 1844/611/1844 1844/611/1844
f 1840/611/1840 1841/611/1841 1797/614/1797
f 1845/611/1845 1847/674/1847 1848/674/1848
f 1848/674/1848 1847/674/1847 1849/674/1849
f 1843/669/1843 1848/674/1848 1846/669/1846
f 1848/674/1848 1843/669/1843 1845/611/1845
f 1842/670/1842 1839/668/1839 1850/670/1850
f 1851/676/1851 1841/586/1841 1852/670/1852
f 1841/586/1841 1851/676/1851 1797/636/1797
f 1846/669/1846 1841/611/1841 1844/611/1844
f 1841/671/1841 1846/672/1846 1852/673/1852
f 1846/669/1846 1844/611/1844 1844/611/1844
f 1852/674/1852 1846/669/1846 1848/674/1848
f 1852/674/1852 1848/674/1848 1849/674/1849
f 1849/673/1849 1853/1085/1853 1852/673/1852
f 1853/1083/1853 1849/674/1849 1854/1083/1854
f 1854/1085/1854 1849/673/1849 1855/1085/1855
f 1856/673/1856 1857/675/1857 1858/1085/1858
f 1859/1087/1859 1850/670/1850 1839/668/1839
f 1859/1087/1859 1839/668/1839 1860/1089/1860
f 1851/676/1851 1852/670/1852 1861/670/1861
f 1861/674/1861 1852/674/1852 1853/1083/1853
f 1862/676/1862 1861/670/1861 1863/680/1863
f 1861/670/1861 1862/676/1862 1851/676/1851
f 1851/677/1851 1862/677/1862 1864/678/1864
f 1797/636/1797 1851/676/1851 1805/886/1805
f 1805/886/1805 1851/676/1851 1865/886/1865
f 1797/636/1797 1805/886/1805 1804/631/1804
f 1861/670/1861 1853/1084/1853 1863/680/1863
f 1853/1083/1853 1854/1083/1854 1866/1083/1866
f 1864/679/1864 1862/612/1862 1863/679/1863
f 1863/679/1863 1853/1083/1853 1867/1083/1867
f 1868/653/1868 1864/679/1864 1863/679/1863
f 1864/680/1864 1868/681/1868 1869/887/1869
f 1851/676/1851 1869/887/1869 1865/886/1865
f 1869/887/1869 1851/676/1851 1864/680/1864
f 1868/681/1868 1863/680/1863 1870/682/1870
f 1870/682/1870 1871/889/1871 1868/681/1868
f 1871/683/1871 1870/1094/1870 1872/1094/1872
f 1873/775/1873 1873/775/1873 1874/775/1874
f 1873/775/1873 1873/775/1873 1875/775/1875
f 1876/775/1876 1877/775/1877 1878/775/1878
f 1877/775/1877 1879/775/1879 1878/775/1878
f 1874/775/1874 1873/775/1873 1873/775/1873
f 1877/775/1877 1877/775/1877 1878/775/1878
f 1232/398/1232 1232/398/1232 1880/295/1880
f 1881/295/1881 1318/398/1318 1882/295/1882
f 1883/295/1883 1884/295/1884 1885/732/1885
f 1886/295/1886 1880/295/1880 1232/398/1232
f 1887/732/1887 1886/295/1886 1888/732/1888
f 1886/295/1886 1234/295/1234 1888/732/1888
f 1234/295/1234 1886/295/1886 1232/398/1232
f 1888/732/1888 1888/732/1888 1889/732/1889
f 1888/732/1888 1888/732/1888 1886/295/1886
f 1885/732/1885 1890/732/1890 1891/732/1891
f 1888/732/1888 1234/295/1234 1892/732/1892
f 1889/732/1889 1888/732/1888 1892/732/1892
f 1890/732/1890 1893/732/1893 1891/732/1891
f 1894/732/1894 1895/295/1895 1896/732/1896
f 1892/732/1892 1892/732/1892 1897/1142/1897
f 1892/732/1892 1892/732/1892 1888/732/1888
f 1898/1142/1898 1894/732/1894 1896/732/1896
f 1899/1142/1899 1900/1142/1900 1901/1142/1901
f 1897/1142/1897 1902/1142/1902 1892/732/1892
f 1903/775/1903 1876/775/1876 1904/775/1904
f 1875/775/1875 1905/775/1905 1906/775/1906
f 1907/775/1907 1908/775/1908 1909/801/1909
f 1910/842/1910 1911/842/1911 1912/684/1912
f 1913/842/1913 1914/842/1914 1915/842/1915
f 1915/842/1915 1914/842/1914 1916/842/1916
f 1917/842/1917 1918/842/1918 1919/842/1919
f 1915/842/1915 1920/842/1920 1913/842/1913
f 1921/842/1921 1917/842/1917 1919/842/1919
f 1922/842/1922 1923/842/1923 1923/842/1923
f 1924/842/1924 1925/842/1925 1926/842/1926
f 1927/842/1927 1928/842/1928 1929/842/1929
f 1924/842/1924 1926/842/1926 1930/520/1930
f 1931/842/1931 1910/842/1910 1932/842/1932
f 1918/842/1918 1933/842/1933 1919/842/1919
f 1934/686/1934 1935/775/1935 1878/775/1878
f 1936/775/1936 1937/686/1937 1938/775/1938
f 1939/775/1939 1934/686/1934 1879/775/1879
f 1937/685/1937 1940/729/1940 1941/728/1941
f 1942/716/1942 1943/716/1943 1937/686/1937
f 1944/716/1944 1945/716/1945 1946/716/1946
f 1934/686/1934 1878/775/1878 1879/775/1879
f 1947/687/1947 1250/401/1250 1262/689/1262
f 1254/403/1254 1948/688/1948 1255/424/1255
f 1255/424/1255 1948/688/1948 1289/702/1289
f 1262/689/1262 1261/693/1261 1949/690/1949
f 1950/703/1950 1951/691/1951 1952/711/1952
f 1261/411/1261 1258/411/1258 1268/692/1268
f 1949/690/1949 1261/693/1261 1268/413/1268
f 1951/691/1951 1953/694/1953 1954/712/1954
f 1953/694/1953 1955/708/1955 1954/712/1954
f 1956/1157/1956 1949/690/1949 1268/413/1268
f 1269/1156/1269 1271/417/1271 1274/419/1274
f 1270/416/1270 1274/226/1274 1271/416/1271
f 1274/226/1274 1270/416/1270 1274/226/1274
f 1274/226/1274 1273/416/1273 1281/226/1281
f 1957/226/1957 1957/226/1957 1958/699/1958
f 1274/226/1274 1281/226/1281 1959/226/1959
f 1958/699/1958 1957/226/1957 1960/699/1960
f 1957/226/1957 1961/226/1961 1960/699/1960
f 1962/696/1962 1963/709/1963 1964/695/1964
f 1963/709/1963 1962/696/1962 1885/697/1885
f 1965/698/1965 1963/699/1963 1885/732/1885
f 1960/699/1960 1966/698/1966 1958/699/1958
f 1965/698/1965 1885/732/1885 1891/732/1891
f 1962/730/1962 1964/226/1964 1967/226/1967
f 1968/716/1968 1969/716/1969 1970/716/1970
f 1971/717/1971 1285/1158/1285 1972/701/1972
f 1285/421/1285 1971/718/1971 1287/718/1287
f 1287/718/1287 1971/718/1971 1295/718/1295
f 1973/700/1973 1974/700/1974 1975/247/1975
f 1976/700/1976 1972/700/1972 1285/421/1285
f 1977/748/1977 1973/1173/1973 1978/749/1978
f 1972/700/1972 1979/331/1979 1980/331/1980
f 1971/717/1971 1972/701/1972 1980/746/1980
f 1981/331/1981 1977/331/1977 1982/331/1982
f 1971/718/1971 1980/331/1980 1295/718/1295
f 1290/247/1290 1286/425/1286 1289/247/1289
f 1290/702/1290 1976/701/1976 1285/1158/1285
f 1983/706/1983 1950/703/1950 1952/711/1952
f 1975/247/1975 1983/247/1983 1984/263/1984
f 1295/718/1295 1980/331/1980 1985/331/1985
f 1952/250/1952 1951/704/1951 1986/250/1986
f 1983/247/1983 1952/250/1952 1986/250/1986
f 1984/705/1984 1983/706/1983 1986/711/1986
f 1973/1173/1973 1987/705/1987 1978/749/1978
f 1987/263/1987 1973/700/1973 1984/263/1984
f 1978/266/1978 1988/275/1988 1989/266/1989
f 1988/753/1988 1978/749/1978 1984/705/1984
f 1978/266/1978 1989/266/1989 1990/266/1990
f 1978/266/1978 1987/263/1987 1984/263/1984
f 1977/331/1977 1978/266/1978 1990/266/1990
f 1991/709/1991 1955/708/1955 1992/707/1992
f 1955/708/1955 1991/709/1991 1954/712/1954
f 1954/209/1954 1993/209/1993 1994/713/1994
f 1993/209/1993 1954/209/1954 1991/699/1991
f 1991/699/1991 1957/226/1957 1958/699/1958
f 1957/695/1957 1991/709/1991 1992/707/1992
f 1993/712/1993 1991/709/1991 1995/710/1995
f 1986/711/1986 1954/712/1954 1994/714/1994
f 1954/712/1954 1986/711/1986 1951/691/1951
f 1995/307/1995 1991/699/1991 1996/307/1996
f 1996/710/1996 1991/709/1991 1966/715/1966
f 1997/713/1997 1998/307/1998 1994/713/1994
f 1998/307/1998 1997/713/1997 1995/307/1995
f 1993/209/1993 1997/713/1997 1994/713/1994
f 1997/714/1997 1993/712/1993 1995/710/1995
f 1998/307/1998 1995/307/1995 1999/716/1999
f 1984/705/1984 1994/714/1994 1988/753/1988
f 1994/714/1994 1984/705/1984 1986/711/1986
f 1998/710/1998 1999/1172/1999 1994/714/1994
f 2000/716/2000 1999/716/1999 2001/716/2001
f 1999/716/1999 2000/716/2000 2000/716/2000
f 1994/713/1994 2002/275/2002 1988/275/1988
f 2002/753/2002 1994/714/1994 1999/1172/1999
f 2002/275/2002 1999/716/1999 1988/275/1988
f 2003/710/2003 1965/715/1965 1891/697/1891
f 1995/307/1995 1996/307/1996 2004/307/2004
f 1995/307/1995 2004/307/2004 1999/716/1999
f 2005/716/2005 1999/716/1999 2004/307/2004
f 1999/716/1999 2005/716/2005 2006/716/2006
f 2007/307/2007 2003/307/2003 1891/732/1891
f 2008/716/2008 2009/716/2009 2009/716/2009
f 1945/716/1945 2010/716/2010 1946/716/1946
f 2006/716/2006 2001/716/2001 1999/716/1999
f 2011/718/2011 2012/335/2012 1307/335/1307
f 2012/541/2012 2011/717/2011 2013/747/2013
f 2011/718/2011 1297/718/1297 2014/718/2014
f 1297/718/1297 2011/718/2011 1307/335/1307
f 2015/718/2015 2016/718/2016 2017/331/2017
f 2017/331/2017 2018/331/2018 2019/266/2019
f 2018/331/2018 2017/331/2017 2016/718/2016
f 2020/275/2020 2021/266/2021 2022/275/2022
f 2021/266/2021 2020/275/2020 2019/266/2019
f 1990/266/1990 1989/266/1989 1988/275/1988
f 1990/266/1990 1988/275/1988 2023/275/2023
f 2018/331/2018 2021/266/2021 2019/266/2019
f 1990/266/1990 1982/331/1982 1977/331/1977
f 2024/716/2024 2009/716/2009 2009/716/2009
f 2009/716/2009 2024/716/2024 2020/275/2020
f 2008/716/2008 2025/716/2025 2026/716/2026
f 2025/716/2025 2008/716/2008 2009/716/2009
f 2025/716/2025 2009/716/2009 2022/275/2022
f 2009/716/2009 2008/716/2008 2009/716/2009
f 2022/275/2022 2026/716/2026 2025/716/2025
f 2027/716/2027 2023/275/2023 1988/275/1988
f 2000/716/2000 2027/716/2027 1999/716/1999
f 2026/716/2026 2009/716/2009 2008/716/2008
f 2020/275/2020 2022/275/2022 2009/716/2009
f 1297/717/1297 882/429/882 883/315/883
f 1937/686/1937 2028/775/2028 1938/775/1938
f 2028/775/2028 1937/686/1937 1943/716/1943
f 2029/775/2029 1968/716/1968 2030/775/2030
f 2031/775/2031 2032/775/2032 2033/775/2033
f 2034/775/2034 2035/775/2035 2036/775/2036
f 2034/775/2034 2036/775/2036 2034/775/2034
f 1936/775/1936 1938/775/1938 2037/775/2037
f 2038/775/2038 1876/775/1876 1935/775/1935
f 2034/775/2034 2039/775/2039 2034/775/2034
f 2040/775/2040 2041/775/2041 2042/775/2042
f 2041/775/2041 2040/775/2040 2043/719/2043
f 2044/775/2044 2041/775/2041 2043/719/2043
f 2045/727/2045 2046/721/2046 2047/723/2047
f 2046/721/2046 2045/727/2045 2048/733/2048
f 2049/720/2049 2050/719/2050 2049/720/2049
f 1941/728/1941 2048/733/2048 1937/685/1937
f 2051/724/2051 2049/720/2049 2049/720/2049
f 2046/721/2046 2052/722/2052 2047/723/2047
f 2053/736/2053 2051/724/2051 2054/734/2054
f 2055/738/2055 2053/736/2053 2056/736/2056
f 2052/722/2052 2057/725/2057 2047/723/2047
f 2058/739/2058 2055/738/2055 2055/738/2055
f 2057/725/2057 2059/726/2059 2060/767/2060
f 2047/723/2047 2057/725/2057 2060/767/2060
f 2059/726/2059 2061/770/2061 2060/767/2060
f 2062/740/2062 2058/739/2058 2058/739/2058
f 1937/685/1937 2045/727/2045 2063/742/2063
f 2045/727/2045 1937/685/1937 2048/733/2048
f 2043/728/2043 2040/729/2040 2064/737/2064
f 2007/307/2007 1891/732/1891 2065/732/2065
f 1230/398/1230 1230/398/1230 1279/730/1279
f 1883/778/1883 1885/697/1885 1962/696/1962
f 2066/731/2066 1279/418/1279 1230/397/1230
f 1891/732/1891 1893/732/1893 2065/732/2065
f 2007/710/2007 2065/697/2065 1899/1174/1899
f 2067/1142/2067 1898/1142/1898 2068/376/2068
f 1898/1142/1898 2067/1142/2067 2069/1142/2069
f 2069/1142/2069 1898/1142/1898 1898/1142/1898
f 1898/1142/1898 1898/1142/1898 1896/732/1896
f 2067/1142/2067 2070/1142/2070 2069/1142/2069
f 2070/1142/2070 2067/1142/2067 2071/1142/2071
f 1901/1142/1901 2072/1142/2072 2007/307/2007
f 2071/1142/2071 2067/1142/2067 2068/376/2068
f 2073/775/2073 1909/801/1909 1908/775/1908
f 1909/737/1909 2073/729/2073 2068/795/2068
f 2071/1142/2071 2073/775/2073 2074/775/2074
f 2073/729/2073 2071/1174/2071 2068/795/2068
f 2075/775/2075 2076/775/2076 2077/775/2077
f 2032/775/2032 2078/775/2078 2033/775/2033
f 2031/775/2031 2033/775/2033 2079/775/2079
f 2077/775/2077 2076/775/2076 2080/775/2080
f 2074/775/2074 2081/775/2081 2082/775/2082
f 2081/775/2081 2074/775/2074 2073/775/2073
f 2072/1174/2072 2083/729/2083 2084/1172/2084
f 2074/775/2074 2070/1142/2070 2071/1142/2071
f 2081/775/2081 2073/775/2073 1908/775/1908
f 1968/716/1968 1970/716/1970 2030/775/2030
f 2085/775/2085 1903/775/1903 1904/775/1904
f 1908/775/1908 2082/775/2082 2081/775/2081
f 1876/775/1876 2086/775/2086 1904/775/1904
f 2078/775/2078 2032/775/2032 2033/775/2033
f 2033/775/2033 2032/775/2032 2079/775/2079
f 2085/775/2085 1904/775/1904 2084/716/2084
f 2083/775/2083 2085/775/2085 2084/716/2084
f 2087/733/2087 2043/728/2043 2088/737/2088
f 2051/724/2051 2049/720/2049 2054/734/2054
f 2089/735/2089 2087/733/2087 2088/737/2088
f 2054/734/2054 2056/736/2056 2053/736/2053
f 2090/722/2090 2089/735/2089 2088/737/2088
f 2056/736/2056 2055/738/2055 2055/738/2055
f 2091/725/2091 2090/722/2090 2088/737/2088
f 2055/738/2055 2058/739/2058 2058/739/2058
f 2092/739/2092 2091/738/2091 2093/769/2093
f 2058/739/2058 2062/740/2062 2062/740/2062
f 2094/740/2094 2092/739/2092 2093/769/2093
f 2094/740/2094 2093/769/2093 2095/741/2095
f 2062/740/2062 2062/740/2062 2096/772/2096
f 2097/324/2097 2098/324/2098 2099/716/2099
f 2100/324/2100 2101/324/2101 2102/324/2102
f 2099/1172/2099 2098/742/2098 2103/753/2103
f 2104/744/2104 2105/743/2105 2105/743/2105
f 2106/324/2106 2104/744/2104 2107/745/2107
f 2108/324/2108 2106/324/2106 2107/745/2107
f 2109/324/2109 2110/324/2110 2111/324/2111
f 2101/324/2101 2112/324/2112 2102/324/2102
f 1299/430/1299 1303/430/1303 1311/541/1311
f 1311/335/1311 1312/335/1312 2113/335/2113
f 1310/335/1310 1311/335/1311 2113/335/2113
f 2114/335/2114 1307/335/1307 2012/335/2012
f 2115/335/2115 2116/750/2116 2117/335/2117
f 2116/750/2116 2115/335/2115 2118/750/2118
f 2119/750/2119 2120/750/2120 2121/331/2121
f 2122/746/2122 2013/747/2013 2011/717/2011
f 2119/761/2119 2121/748/2121 2123/749/2123
f 2114/335/2114 2124/335/2124 2125/335/2125
f 2124/335/2124 2114/335/2114 2012/335/2012
f 2126/335/2126 1316/335/1316 2127/335/2127
f 1316/335/1316 2126/335/2126 1315/335/1315
f 2128/750/2128 2129/335/2129 2117/335/2117
f 2126/335/2126 2130/750/2130 1315/335/1315
f 1315/541/1315 2130/747/2130 1447/817/1447
f 2127/335/2127 1310/335/1310 2113/335/2113
f 1310/335/1310 2127/335/2127 1316/335/1316
f 2125/335/2125 2131/335/2131 2114/335/2114
f 2118/750/2118 2116/750/2116 2132/752/2132
f 2116/750/2116 2118/750/2118 2117/335/2117
f 2128/750/2128 2118/750/2118 2133/752/2133
f 2118/750/2118 2128/750/2128 2117/335/2117
f 2134/751/2134 2134/751/2134 2135/751/2135
f 2134/751/2134 2134/751/2134 2136/754/2136
f 2137/759/2137 2119/761/2119 2123/749/2123
f 2138/752/2138 2133/752/2133 2133/752/2133
f 2133/752/2133 2138/752/2138 2139/752/2139
f 2133/752/2133 2140/752/2140 2128/750/2128
f 2140/752/2140 2133/752/2133 2141/755/2141
f 2142/752/2142 2123/266/2123 2134/751/2134
f 2123/266/2123 2142/752/2142 2137/752/2137
f 2142/752/2142 2134/751/2134 2142/752/2142
f 2142/752/2142 2134/751/2134 2143/346/2143
f 2139/752/2139 2138/752/2138 2133/752/2133
f 2139/752/2139 2133/752/2133 2141/755/2141
f 2142/752/2142 2144/752/2144 2145/752/2145
f 2144/752/2144 2142/752/2142 2143/346/2143
f 2136/1175/2136 2103/753/2103 2146/760/2146
f 2103/753/2103 2136/1175/2136 2123/749/2123
f 2135/758/2135 2136/1175/2136 2134/758/2134
f 2136/754/2136 2135/751/2135 2134/751/2134
f 2147/324/2147 2148/324/2148 2149/324/2149
f 2148/324/2148 2147/324/2147 2150/324/2150
f 2148/324/2148 2151/324/2151 2152/324/2152
f 2148/324/2148 2152/324/2152 2149/324/2149
f 2102/324/2102 2153/324/2153 2100/324/2100
f 2154/324/2154 2153/324/2153 2141/755/2141
f 2153/324/2153 2154/324/2154 2100/324/2100
f 2098/324/2098 2155/324/2155 2103/275/2103
f 2156/755/2156 2157/345/2157 2136/754/2136
f 2158/345/2158 2159/755/2159 2160/755/2160
f 2160/760/2160 2159/760/2159 2161/759/2161
f 2158/756/2158 2160/760/2160 2162/757/2162
f 2154/324/2154 2141/755/2141 2163/755/2163
f 2155/742/2155 2146/760/2146 2103/753/2103
f 2136/1175/2136 2157/756/2157 2143/757/2143
f 2160/760/2160 2161/759/2161 2162/757/2162
f 2162/346/2162 2161/752/2161 2164/752/2164
f 2143/757/2143 2134/758/2134 2136/1175/2136
f 2164/759/2164 2161/759/2161 2159/760/2159
f 2161/752/2161 2164/752/2164 2164/752/2164
f 2164/752/2164 2164/752/2164 2165/752/2165
f 2153/324/2153 2141/755/2141 2141/755/2141
f 2166/760/2166 2150/742/2150 2167/836/2167
f 2141/755/2141 2141/755/2141 2139/752/2139
f 2146/755/2146 2168/755/2168 2156/755/2156
f 2156/760/2156 2168/760/2168 2145/759/2145
f 2169/759/2169 2166/760/2166 2170/833/2170
f 2159/760/2159 2165/759/2165 2164/759/2164
f 2141/755/2141 2133/752/2133 2139/752/2139
f 2168/760/2168 2142/759/2142 2145/759/2145
f 2171/761/2171 2169/759/2169 2172/818/2172
f 2173/324/2173 2108/324/2108 2107/745/2107
f 2152/324/2152 2174/324/2174 2149/324/2149
f 2107/745/2107 2104/744/2104 2105/743/2105
f 2175/762/2175 2176/723/2176 2177/765/2177
f 2178/763/2178 2105/743/2105 2105/743/2105
f 2176/723/2176 2179/764/2179 2177/765/2177
f 2178/763/2178 2105/743/2105 2180/773/2180
f 2181/842/2181 2182/842/2182 2182/842/2182
f 2183/842/2183 2184/842/2184 2185/842/2185
f 2180/773/2180 2181/842/2181 2186/842/2186
f 2184/808/2184 2060/767/2060 2187/808/2187
f 2184/842/2184 2188/842/2188 2185/842/2185
f 2188/842/2188 2184/842/2184 2187/842/2187
f 2189/842/2189 2190/769/2190 2190/769/2190
f 2191/768/2191 2187/808/2187 2060/767/2060
f 2192/766/2192 2060/767/2060 2193/771/2193
f 2060/767/2060 2192/766/2192 2194/768/2194
f 2190/769/2190 2195/769/2195 2195/769/2195
f 2194/769/2194 2191/769/2191 2060/773/2060
f 2195/769/2195 2196/741/2196 2197/741/2197
f 2196/741/2196 2198/772/2198 2096/772/2096
f 2060/767/2060 2061/770/2061 2193/771/2193
f 2198/772/2198 2062/740/2062 2096/772/2096
f 2199/842/2199 2200/842/2200 2201/842/2201
f 2202/772/2202 2094/740/2094 2095/741/2095
f 2203/773/2203 2180/773/2180 2186/842/2186
f 2180/773/2180 2203/773/2203 2178/763/2178
f 2096/772/2096 2197/741/2197 2196/741/2196
f 2197/741/2197 2195/769/2195 2195/769/2195
f 2190/769/2190 2190/769/2190 2195/769/2195
f 2190/769/2190 2204/684/2204 2189/842/2189
f 1912/774/1912 2205/768/2205 2206/809/2206
f 2189/842/2189 2204/684/2204 2207/842/2207
f 1912/684/1912 2208/842/2208 1911/842/1911
f 2208/842/2208 1912/684/1912 1911/842/1911
f 1910/842/1910 1912/684/1912 1932/842/1932
f 2189/842/2189 2207/842/2207 2200/842/2200
f 1919/842/1919 1918/842/1918 1919/842/1919
f 2209/773/2209 2210/842/2210 2211/842/2211
f 2186/842/2186 2181/842/2181 2182/842/2182
f 2212/842/2212 2213/842/2213 2177/520/2177
f 1923/842/1923 2214/842/2214 2215/842/2215
f 2216/842/2216 2217/842/2217 2199/842/2199
f 2218/842/2218 2219/842/2219 2208/842/2208
f 2215/842/2215 1923/842/1923 1923/842/1923
f 2212/842/2212 2209/773/2209 2211/842/2211
f 2209/767/2209 2212/808/2212 2177/765/2177
f 2220/842/2220 2182/842/2182 2182/842/2182
f 2216/842/2216 2199/842/2199 2201/842/2201
f 2221/842/2221 2220/842/2220 2182/842/2182
f 1919/842/1919 1921/842/1921 1919/842/1919
f 1911/842/1911 2222/842/2222 1931/842/1931
f 1911/842/1911 1932/842/1932 2208/842/2208
f 1932/842/1932 1911/842/1911 1931/842/1931
f 2207/842/2207 2201/842/2201 2200/842/2200
f 2036/775/2036 2040/775/2040 2034/775/2034
f 2223/775/2223 2224/775/2224 2079/775/2079
f 2224/775/2224 2031/775/2031 2079/775/2079
f 2040/775/2040 2042/775/2042 2034/775/2034
f 1882/731/1882 1321/397/1321 2225/776/2225
f 1321/398/1321 1882/295/1882 1318/398/1318
f 2226/295/2226 2227/295/2227 1896/732/1896
f 1882/295/1882 2228/295/2228 1881/295/1881
f 1321/398/1321 1319/398/1319 1320/777/1320
f 1895/295/1895 2226/295/2226 1896/732/1896
f 1320/777/1320 1320/777/1320 2229/780/2229
f 1320/777/1320 1320/777/1320 1319/398/1319
f 1321/397/1321 1320/434/1320 2225/776/2225
f 2225/776/2225 1320/434/1320 2230/783/2230
f 2227/778/2227 2231/779/2231 1896/697/1896
f 2229/780/2229 1323/780/1323 1325/780/1325
f 1323/780/1323 2229/780/2229 1320/777/1320
f 2232/781/2232 2233/782/2233 2234/789/2234
f 2235/788/2235 2230/783/2230 1320/434/1320
f 2231/779/2231 2232/781/2232 2234/789/2234
f 2229/780/2229 1325/780/1325 1320/777/1320
f 1325/784/1325 1324/435/1324 1771/622/1771
f 2236/787/2236 2237/785/2237 2238/790/2238
f 2239/857/2239 2240/786/2240 1325/784/1325
f 2233/782/2233 2236/787/2236 2234/789/2234
f 2240/786/2240 2235/788/2235 1325/784/1325
f 2236/787/2236 2241/796/2241 2234/789/2234
f 2241/796/2241 2236/787/2236 2242/790/2242
f 2231/779/2231 2234/789/2234 1896/697/1896
f 2234/793/2234 2241/791/2241 2243/792/2243
f 2234/793/2234 2243/792/2243 1896/794/1896
f 1896/697/1896 2243/789/2243 1898/1174/1898
f 2068/376/2068 2244/376/2244 1909/801/1909
f 2244/376/2244 2068/376/2068 2245/567/2245
f 2243/789/2243 2068/795/2068 1898/1174/1898
f 2068/795/2068 2243/789/2243 2246/796/2246
f 2247/797/2247 2248/798/2248 2249/799/2249
f 2250/379/2250 2251/801/2251 1909/801/1909
f 1909/737/1909 2244/795/2244 2252/800/2252
f 2253/801/2253 2254/801/2254 2223/775/2223
f 2254/801/2254 2253/801/2253 2247/801/2247
f 2247/801/2247 2253/801/2253 2079/775/2079
f 2249/872/2249 2248/379/2248 2255/872/2255
f 2256/872/2256 2249/872/2249 2257/872/2257
f 2249/872/2249 2256/872/2256 2247/801/2247
f 2088/737/2088 2258/880/2258 2259/806/2259
f 2258/872/2258 2088/801/2088 2258/872/2258
f 2079/775/2079 2253/801/2253 2223/775/2223
f 2260/872/2260 2250/379/2250 2261/872/2261
f 2249/872/2249 2255/872/2255 2256/872/2256
f 2262/775/2262 2247/801/2247 2032/775/2032
f 2251/801/2251 1907/775/1907 1909/801/1909
f 2064/801/2064 2088/801/2088 2043/719/2043
f 2263/801/2263 2254/801/2254 2247/801/2247
f 2259/806/2259 2258/880/2258 2264/1176/2264
f 2206/802/2206 2205/769/2205 2093/769/2093
f 2265/803/2265 2266/804/2266 2267/1176/2267
f 2266/804/2266 2265/803/2265 2268/879/2268
f 2269/805/2269 2266/804/2266 2270/892/2270
f 2266/804/2266 2269/805/2269 2267/1176/2267
f 2267/1176/2267 2269/805/2269 2271/809/2271
f 2271/809/2271 2269/805/2269 2272/891/2272
f 2273/807/2273 2271/802/2271 2274/802/2274
f 2271/809/2271 2273/806/2273 2267/1176/2267
f 2088/801/2088 2259/807/2259 2206/802/2206
f 2274/809/2274 2275/809/2275 2276/808/2276
f 2275/802/2275 2274/802/2274 2271/802/2271
f 2275/809/2275 2271/809/2271 2272/891/2272
f 2206/809/2206 2277/808/2277 1912/774/1912
f 2276/842/2276 2278/842/2278 2279/842/2279
f 2278/808/2278 2276/808/2276 2275/809/2275
f 2088/737/2088 2206/809/2206 2091/725/2091
f 1912/684/1912 2277/842/2277 2280/842/2280
f 2272/810/2272 2269/811/2269 2270/812/2270
f 1929/842/1929 2278/842/2278 1927/842/1927
f 2278/842/2278 1929/842/1929 2279/842/2279
f 2281/842/2281 2214/842/2214 2282/842/2282
f 2214/842/2214 1922/842/1922 2282/842/2282
f 1927/842/1927 2278/842/2278 2283/842/2283
f 2280/842/2280 1932/842/1932 1912/684/1912
f 1932/842/1932 2218/842/2218 2208/842/2208
f 1923/842/1923 2282/842/2282 1922/842/1922
f 2284/829/2284 1930/830/1930 1926/829/1926
f 1930/852/1930 2284/850/2284 2285/852/2285
f 2286/852/2286 2283/850/2283 2287/850/2287
f 2288/813/2288 2285/852/2285 2289/813/2289
f 2285/852/2285 2288/813/2288 1930/852/1930
f 1444/815/1444 1437/814/1437 1442/540/1442
f 2290/815/2290 2291/815/2291 2172/816/2172
f 1444/815/1444 2292/815/2292 2293/534/2293
f 1443/534/1443 1444/815/1444 2293/534/2293
f 1446/816/1446 1444/815/1444 1442/540/1442
f 1314/540/1314 1447/817/1447 1446/816/1446
f 2294/817/2294 2171/747/2171 2172/816/2172
f 2172/818/2172 2295/833/2295 2290/822/2290
f 2295/819/2295 2172/820/2172 2170/821/2170
f 2170/833/2170 2172/818/2172 2169/759/2169
f 2296/1177/2296 2297/1177/2297 2290/822/2290
f 2297/1177/2297 2296/1177/2296 2298/823/2298
f 2295/833/2295 2296/1177/2296 2290/822/2290
f 2296/824/2296 2295/825/2295 2170/826/2170
f 2299/827/2299 2297/1177/2297 2300/823/2300
f 2297/1177/2297 2299/827/2299 2301/828/2301
f 2147/829/2147 2302/830/2302 2303/830/2303
f 2302/840/2302 2147/324/2147 2149/324/2149
f 2147/829/2147 2303/830/2303 2150/829/2150
f 2303/831/2303 2302/831/2302 2304/836/2304
f 2167/846/2167 2304/846/2304 2298/832/2298
f 2304/836/2304 2167/836/2167 2303/831/2303
f 2150/742/2150 2303/831/2303 2167/836/2167
f 2166/760/2166 2167/836/2167 2170/833/2170
f 2170/833/2170 2167/836/2167 2296/1177/2296
f 2305/813/2305 2302/852/2302 2306/834/2306
f 2302/831/2302 2305/835/2305 2298/823/2298
f 2304/836/2304 2302/831/2302 2298/823/2298
f 2298/510/2298 2307/937/2307 2300/510/2300
f 2307/937/2307 2298/510/2298 2305/937/2305
f 2300/510/2300 2297/837/2297 2298/510/2298
f 2307/937/2307 2305/937/2305 2308/1107/2308
f 2300/823/2300 2309/838/2309 2310/1110/2310
f 2309/838/2309 2300/823/2300 2311/839/2311
f 2311/839/2311 2300/823/2300 2307/835/2307
f 2312/742/2312 2313/742/2313 2175/762/2175
f 2312/742/2312 2175/762/2175 2314/831/2314
f 2149/324/2149 2315/840/2315 2302/840/2302
f 2302/840/2302 2315/840/2315 2316/840/2316
f 2175/745/2175 2317/840/2317 2314/840/2314
f 2317/831/2317 2175/762/2175 2177/765/2177
f 2302/840/2302 2316/840/2316 2306/1117/2306
f 2318/841/2318 2317/831/2317 2177/765/2177
f 2209/767/2209 2177/765/2177 2179/764/2179
f 2177/765/2177 2319/1096/2319 2318/841/2318
f 2287/808/2287 2275/809/2275 2320/848/2320
f 2275/802/2275 2287/842/2287 2278/842/2278
f 2321/843/2321 2272/891/2272 2322/844/2322
f 2272/891/2272 2321/843/2321 2275/809/2275
f 2320/845/2320 2321/846/2321 2323/832/2323
f 2321/846/2321 2320/845/2320 2275/847/2275
f 2324/849/2324 2320/848/2320 2286/765/2286
f 2320/848/2320 2324/849/2324 2287/808/2287
f 2287/850/2287 2324/851/2324 2286/852/2286
f 2287/842/2287 2283/842/2283 2278/842/2278
f 2322/844/2322 2272/891/2272 2325/893/2325
f 2323/853/2323 2322/844/2322 2326/853/2326
f 2322/844/2322 2323/853/2323 2321/843/2321
f 2323/854/2323 2326/854/2326 2320/855/2320
f 2326/853/2326 2322/844/2322 2327/856/2327
f 2328/563/2328 1770/563/1770 1775/563/1775
f 1325/784/1325 1771/622/1771 2239/857/2239
f 1771/563/1771 2329/563/2329 2239/558/2239
f 2236/858/2236 2238/869/2238 2242/869/2242
f 1772/564/1772 1781/564/1781 1774/564/1774
f 1774/564/1774 1781/564/1781 2330/869/2330
f 1774/859/1774 2330/864/2330 1775/860/1775
f 2330/864/2330 2331/861/2331 1775/860/1775
f 2332/862/2332 1779/862/1779 2333/578/2333
f 1779/862/1779 2332/862/2332 1781/564/1781
f 1781/859/1781 2332/863/2332 2334/864/2334
f 2332/863/2332 2333/1169/2333 2334/864/2334
f 2242/869/2242 2335/578/2335 2336/578/2336
f 2334/869/2334 2330/869/2330 1781/564/1781
f 2337/865/2337 1789/633/1789 2338/866/2338
f 1789/633/1789 2337/865/2337 1740/628/1740
f 1780/585/1780 1786/585/1786 1779/862/1779
f 2339/579/2339 2340/579/2340 2260/872/2260
f 2341/579/2341 2342/579/2342 1786/585/1786
f 2336/870/2336 2339/867/2339 2261/880/2261
f 2342/579/2342 2343/578/2343 2333/578/2333
f 2344/579/2344 2345/579/2345 2346/875/2346
f 1788/579/1788 2347/579/2347 2348/872/2348
f 1788/579/1788 2348/872/2348 2255/872/2255
f 1788/579/1788 2255/872/2255 2349/579/2349
f 2349/579/2349 1784/585/1784 1788/579/1788
f 2338/866/2338 1789/633/1789 2350/877/2350
f 2345/867/2345 2351/879/2351 2346/868/2346
f 2246/796/2246 2242/790/2242 2245/800/2245
f 2242/869/2242 2246/551/2246 2241/551/2241
f 2241/551/2241 2246/551/2246 2243/377/2243
f 2245/567/2245 2336/578/2336 2252/567/2252
f 2336/870/2336 2245/800/2245 2242/790/2242
f 2246/796/2246 2245/800/2245 2068/795/2068
f 2245/567/2245 2252/567/2252 2244/376/2244
f 2261/872/2261 2339/579/2339 2260/872/2260
f 2252/800/2252 2261/880/2261 2250/871/2250
f 2261/880/2261 2252/800/2252 2336/870/2336
f 2258/872/2258 2352/872/2352 2353/872/2353
f 2348/872/2348 2256/872/2256 2255/872/2255
f 2257/872/2257 2256/872/2256 2256/872/2256
f 2256/872/2256 2257/872/2257 2249/872/2249
f 2352/872/2352 2344/579/2344 2353/872/2353
f 2353/880/2353 2344/867/2344 2346/868/2346
f 2258/872/2258 2353/872/2353 2354/873/2354
f 1789/629/1789 1792/630/1792 1794/638/1794
f 1789/633/1789 1794/631/1794 2350/877/2350
f 1794/638/1794 1658/874/1658 1806/638/1806
f 1794/638/1794 1806/638/1806 2355/638/2355
f 1803/638/1803 1808/638/1808 1802/638/1802
f 2356/603/2356 2357/603/2357 2346/875/2346
f 2358/603/2358 2359/603/2359 2360/603/2360
f 2360/603/2360 2359/603/2359 2361/603/2361
f 2268/879/2268 2362/879/2362 2266/804/2266
f 2351/603/2351 2363/603/2363 2346/875/2346
f 2364/603/2364 2365/603/2365 2366/638/2366
f 2355/631/2355 2350/877/2350 1794/631/1794
f 2355/638/2355 2355/638/2355 1806/638/1806
f 2366/638/2366 2366/638/2366 2364/603/2364
f 2364/603/2364 2366/638/2366 2367/638/2367
f 1806/638/1806 2368/638/2368 2355/638/2355
f 2368/638/2368 1806/638/1806 1807/638/1807
f 2346/875/2346 2369/603/2369 2356/603/2356
f 2369/603/2369 2346/875/2346 2363/603/2363
f 2346/868/2346 2357/879/2357 2354/803/2354
f 2361/603/2361 2370/604/2370 2360/603/2360
f 2370/876/2370 2361/877/2361 1809/631/1809
f 1809/638/1809 1805/878/1805 1865/878/1865
f 2362/879/2362 2371/639/2371 2266/804/2266
f 2372/603/2372 2364/603/2364 2367/638/2367
f 2353/880/2353 2346/868/2346 2354/803/2354
f 2325/817/2325 2373/816/2373 2374/815/2374
f 2375/881/2375 2376/893/2376 2370/639/2370
f 2371/639/2371 2325/893/2325 2266/804/2266
f 2375/882/2375 2370/876/2370 1809/631/1809
f 2375/882/2375 1865/886/1865 2377/888/2377
f 1865/886/1865 2375/882/2375 1809/631/1809
f 1869/883/1869 1868/884/1868 1871/885/1871
f 1865/886/1865 1869/887/1869 2377/888/2377
f 2377/888/2377 1869/887/1869 1871/889/1871
f 2374/890/2374 2378/894/2378 2325/893/2325
f 2379/894/2379 2377/890/2377 1871/885/1871
f 2270/892/2270 2325/893/2325 2272/891/2272
f 2325/893/2325 2270/892/2270 2266/804/2266
f 2327/856/2327 2378/894/2378 2380/1126/2380
f 2378/894/2378 2327/856/2327 2325/893/2325
f 2327/856/2327 2322/844/2322 2325/893/2325
f 2327/856/2327 2380/1126/2380 2326/853/2326
f 2380/1126/2380 2378/894/2378 2381/885/2381
f 2382/1184/2382 2383/1183/2383 2384/927/2384
f 2385/895/2385 2386/1061/2386 2387/1061/2387
f 2388/936/2388 2389/1014/2389 2390/1004/2390
f 2387/1061/2387 2391/895/2391 2385/895/2385
f 2392/895/2392 2393/895/2393 2394/958/2394
f 2395/896/2395 2396/896/2396 2397/899/2397
f 2396/896/2396 2395/896/2395 2386/897/2386
f 2398/1178/2398 2399/1056/2399 2400/1056/2400
f 2395/896/2395 2401/897/2401 2387/897/2387
f 2396/898/2396 2386/1014/2386 2402/1014/2402
f 2403/1178/2403 2382/1178/2382 2384/1179/2384
f 2399/1056/2399 2404/989/2404 2400/1056/2400
f 2404/899/2404 2405/899/2405 2400/896/2400
f 2406/989/2406 2397/989/2397 2407/989/2407
f 2408/989/2408 2409/989/2409 2410/989/2410
f 2407/989/2407 2411/989/2411 2412/989/2412
f 2413/989/2413 2414/989/2414 2415/989/2415
f 2412/989/2412 2416/989/2416 2407/989/2407
f 2417/989/2417 2407/989/2407 2416/989/2416
f 2407/989/2407 2417/989/2417 2407/989/2407
f 2405/989/2405 2418/989/2418 2419/989/2419
f 2417/989/2417 2406/989/2406 2407/989/2407
f 2420/989/2420 2421/989/2421 2420/989/2420
f 2413/989/2413 2413/989/2413 2421/989/2421
f 2416/989/2416 2416/989/2416 2407/989/2407
f 2418/989/2418 2422/989/2422 2423/989/2423
f 2424/989/2424 2425/989/2425 2425/989/2425
f 2425/989/2425 2424/989/2424 2426/989/2426
f 2427/989/2427 2428/989/2428 2429/989/2429
f 2430/989/2430 2426/989/2426 2430/989/2430
f 2426/989/2426 2430/989/2430 2425/989/2425
f 2431/989/2431 2432/989/2432 2432/989/2432
f 2430/989/2430 2425/989/2425 2425/989/2425
f 2425/989/2425 2425/989/2425 2433/989/2433
f 2434/989/2434 2427/989/2427 2435/989/2435
f 2436/989/2436 2437/989/2437 2438/989/2438
f 2430/989/2430 2439/989/2439 2430/989/2430
f 2432/989/2432 2440/989/2440 2441/989/2441
f 2428/989/2428 2442/989/2442 2429/989/2429
f 2425/989/2425 2425/989/2425 2433/989/2433
f 2443/897/2443 2444/897/2444 2445/896/2445
f 2446/1179/2446 2447/1179/2447 2448/1179/2448
f 2449/935/2449 2450/936/2450 1410/437/1410
f 2451/936/2451 1333/935/1333 1337/936/1337
f 2452/896/2452 2453/897/2453 2443/897/2443
f 2453/897/2453 2452/896/2452 2454/896/2454
f 2454/898/2454 2452/898/2452 2443/1014/2443
f 2454/896/2454 2443/897/2443 2455/896/2455
f 2456/1181/2456 2455/1180/2455 2445/1180/2445
f 2455/896/2455 2456/899/2456 2454/896/2454
f 2457/1181/2457 2456/1181/2456 2458/1181/2458
f 2456/899/2456 2457/899/2457 2454/896/2454
f 2458/1181/2458 2456/1181/2456 2459/1181/2459
f 2460/959/2460 2461/927/2461 2462/933/2462
f 2445/1180/2445 2455/1180/2455 2443/1179/2443
f 2447/1179/2447 2463/1179/2463 2384/1179/2384
f 2459/1181/2459 2456/1181/2456 2445/1180/2445
f 2464/900/2464 2465/900/2465 2466/901/2466
f 2459/1181/2459 2467/1181/2467 2458/1181/2458
f 2468/1181/2468 2458/1181/2458 2458/1181/2458
f 2458/1181/2458 2468/1181/2468 2457/1181/2457
f 2469/1181/2469 2470/1181/2470 2471/1181/2471
f 2472/1181/2472 2458/1181/2458 2467/1181/2467
f 2473/1181/2473 2474/1181/2474 2475/1181/2475
f 2476/1181/2476 2477/1181/2477 2478/1181/2478
f 2477/1181/2477 2476/1181/2476 2479/1181/2479
f 2480/1181/2480 2481/1181/2481 2482/1181/2482
f 1364/905/1364 2483/902/2483 1396/510/1396
f 2484/903/2484 2485/910/2485 2486/939/2486
f 2487/904/2487 1364/905/1364 1362/906/1362
f 2485/910/2485 2488/907/2488 2489/911/2489
f 2490/908/2490 1353/909/1353 1351/455/1351
f 2486/939/2486 2485/910/2485 2489/911/2489
f 2490/912/2490 1351/913/1351 1370/915/1370
f 1363/497/1363 1364/905/1364 1396/510/1396
f 2491/911/2491 2492/918/2492 2493/919/2493
f 2493/914/2493 2492/1162/2492 2494/1163/2494
f 2489/912/2489 2491/915/2491 2486/916/2486
f 2495/917/2495 2494/918/2494 2496/963/2496
f 2494/918/2494 2495/917/2495 2493/919/2493
f 2495/922/2495 2496/924/2496 2497/924/2497
f 2497/924/2497 2496/924/2496 2498/924/2498
f 1373/482/1373 1376/920/1376 1378/921/1378
f 2499/922/2499 2495/922/2495 2500/924/2500
f 2495/1026/2495 2499/1026/2499 2501/971/2501
f 1386/924/1386 1377/924/1377 1376/491/1376
f 2498/924/2498 2502/924/2502 2497/924/2497
f 2503/484/2503 2504/484/2504 2505/923/2505
f 2502/924/2502 2500/924/2500 2495/922/2495
f 2502/961/2502 2495/925/2495 2497/961/2497
f 2506/1026/2506 2507/1026/2507 2508/1026/2508
f 2507/1028/2507 2506/917/2506 2509/963/2509
f 2504/484/2504 1419/920/1419 2505/923/2505
f 2510/926/2510 2464/954/2464 2466/938/2466
f 2511/1181/2511 2512/971/2512 2513/1181/2513
f 2513/1181/2513 2514/1181/2514 2511/1181/2511
f 2515/931/2515 1336/1107/1336 1401/937/1401
f 2516/945/2516 2517/928/2517 2518/927/2518
f 2519/933/2519 2517/928/2517 2520/929/2520
f 2517/928/2517 2519/933/2519 2518/927/2518
f 2462/930/2462 2519/930/2519 2521/934/2521
f 2519/1031/2519 2462/1031/2462 2518/1179/2518
f 2518/1179/2518 2462/1031/2462 2522/1179/2522
f 2462/1031/2462 2461/1179/2461 2522/1179/2522
f 2523/932/2523 2515/931/2515 1396/510/1396
f 2483/902/2483 2523/932/2523 1396/510/1396
f 2520/929/2520 2484/903/2484 2519/933/2519
f 2521/939/2521 2519/933/2519 2484/903/2484
f 2486/934/2486 2521/934/2521 2484/902/2484
f 2521/934/2521 2486/934/2486 2462/930/2462
f 1342/437/1342 1401/935/1401 1336/936/1336
f 1401/937/1401 1396/510/1396 2515/931/2515
f 2466/938/2466 2462/933/2462 2486/939/2486
f 2462/933/2462 2466/938/2466 2460/959/2460
f 2460/959/2460 2466/938/2466 2465/954/2465
f 2466/901/2466 2524/1016/2524 2510/1016/2510
f 2524/971/2524 2466/1025/2466 2525/1025/2525
f 2493/919/2493 2486/939/2486 2491/911/2491
f 2486/939/2486 2493/919/2493 2466/938/2466
f 2526/1027/2526 2493/1027/2493 2495/1026/2495
f 2493/1027/2493 2526/1027/2526 2466/1025/2466
f 2525/938/2525 2526/919/2526 2501/926/2501
f 2526/1027/2526 2525/1025/2525 2466/1025/2466
f 2526/919/2526 2495/917/2495 2501/926/2501
f 2527/1181/2527 2482/1181/2482 2481/1181/2481
f 2482/943/2482 2527/954/2527 2528/926/2528
f 2470/1181/2470 2481/1181/2481 2529/1181/2529
f 2481/1181/2481 2470/1181/2470 2527/1181/2527
f 2525/940/2525 2501/941/2501 2524/941/2524
f 2524/971/2524 2501/971/2501 2530/971/2530
f 2531/971/2531 2524/971/2524 2530/971/2530
f 2524/971/2524 2531/971/2531 2510/971/2510
f 2532/971/2532 2528/971/2528 2528/971/2528
f 2533/1181/2533 2470/1181/2470 2469/1181/2469
f 2534/1181/2534 2464/1181/2464 2535/1181/2535
f 2535/1181/2535 2464/1181/2464 2534/1181/2534
f 2533/1181/2533 2471/1181/2471 2527/1181/2527
f 2471/1181/2471 2533/1181/2533 2469/1181/2469
f 2469/1181/2469 2470/1181/2470 2533/1181/2533
f 2528/941/2528 2536/941/2536 2507/942/2507
f 2470/1181/2470 2533/1181/2533 2527/1181/2527
f 2535/1181/2535 2534/1181/2534 2537/1181/2537
f 2528/926/2528 2507/1028/2507 2538/944/2538
f 2527/1181/2527 2471/1181/2471 2528/971/2528
f 2470/1181/2470 2529/1181/2529 2539/1181/2539
f 2501/971/2501 2499/1026/2499 2530/971/2530
f 2540/1026/2540 2499/1026/2499 2541/1026/2541
f 2499/1026/2499 2540/1026/2540 2530/971/2530
f 2536/926/2536 2508/917/2508 2507/1028/2507
f 2541/922/2541 2499/922/2499 2500/924/2500
f 2482/943/2482 2528/926/2528 2538/944/2538
f 2542/945/2542 2543/927/2543 2383/1183/2383
f 2544/947/2544 2545/946/2545 2518/947/2518
f 2546/946/2546 2547/946/2547 1334/1107/1334
f 2545/946/2545 2548/946/2548 2518/947/2518
f 2518/948/2518 2548/949/2548 2516/438/2516
f 2549/1179/2549 2518/1179/2518 2550/1179/2550
f 2518/1179/2518 2549/1179/2549 2544/1179/2544
f 2544/1179/2544 2549/1179/2549 2551/1179/2551
f 2542/946/2542 2383/895/2383 2552/1107/2552
f 2543/947/2543 2553/947/2553 2383/895/2383
f 2554/1179/2554 2544/1179/2544 2551/1179/2551
f 2551/1179/2551 2549/1179/2549 2550/1179/2550
f 2554/1179/2554 2551/1179/2551 2555/1179/2555
f 1336/1107/1336 2546/946/2546 1334/1107/1334
f 2556/1179/2556 2446/1179/2446 2448/1179/2448
f 2557/1179/2557 2556/1179/2556 2448/1179/2448
f 2522/1179/2522 2550/1179/2550 2518/1179/2518
f 2551/1179/2551 2550/1179/2550 2555/1179/2555
f 2448/1179/2448 2447/1179/2447 2557/1179/2557
f 2558/1107/2558 2542/946/2542 2552/1107/2552
f 1410/1117/1410 2450/1107/2450 1411/517/1411
f 2450/1107/2450 2392/895/2392 2394/958/2394
f 2559/956/2559 2560/956/2560 2561/950/2561
f 2560/956/2560 2559/956/2559 2562/989/2562
f 2563/989/2563 2564/950/2564 2565/989/2565
f 2564/950/2564 2563/989/2563 2559/956/2559
f 2561/950/2561 2560/956/2560 2566/950/2566
f 2567/950/2567 2561/950/2561 2566/950/2566
f 2561/950/2561 2567/950/2567 2559/956/2559
f 2559/956/2559 2567/950/2567 2564/950/2564
f 2566/950/2566 2566/950/2566 2568/955/2568
f 2566/950/2566 2566/950/2566 2567/950/2567
f 2567/950/2567 2566/950/2566 2564/950/2564
f 2566/951/2566 2569/959/2569 2568/953/2568
f 2569/959/2569 2566/951/2566 2560/952/2560
f 2570/955/2570 2568/955/2568 2571/1181/2571
f 2568/955/2568 2570/955/2570 2566/950/2566
f 2566/950/2566 2570/955/2570 2564/950/2564
f 2384/1179/2384 2553/1179/2553 2557/1179/2557
f 2553/947/2553 2384/947/2384 2383/895/2383
f 2553/1179/2553 2572/1179/2572 2557/1179/2557
f 2384/1179/2384 2557/1179/2557 2447/1179/2447
f 2568/953/2568 2569/959/2569 2573/954/2573
f 2571/1181/2571 2573/1181/2573 2574/1181/2574
f 2573/1181/2573 2571/1181/2571 2568/955/2568
f 2570/955/2570 2571/1181/2571 2574/1181/2574
f 2564/950/2564 2570/955/2570 2475/1181/2475
f 2575/1181/2575 2576/1181/2576 2570/955/2570
f 2577/1181/2577 2578/1181/2578 2579/1181/2579
f 2579/1181/2579 2578/1181/2578 2535/1181/2535
f 2577/1181/2577 2579/1181/2579 2580/1181/2580
f 2573/1181/2573 2473/1181/2473 2574/1181/2574
f 2575/1181/2575 2574/1181/2574 2473/1181/2473
f 2574/1181/2574 2575/1181/2575 2570/955/2570
f 2475/1181/2475 2570/955/2570 2576/1181/2576
f 2581/1181/2581 2539/1181/2539 2529/1181/2529
f 2537/1181/2537 2582/1181/2582 2535/1181/2535
f 2583/1181/2583 2584/1181/2584 2585/1181/2585
f 2580/1181/2580 2535/1181/2535 2577/1181/2577
f 2535/1181/2535 2580/1181/2580 2537/1181/2537
f 2535/1181/2535 2580/1181/2580 2534/1181/2534
f 2580/1181/2580 2535/1181/2535 2537/1181/2537
f 2586/1181/2586 2583/1181/2583 2587/950/2587
f 2535/1181/2535 2464/1181/2464 2577/1181/2577
f 2580/1181/2580 2579/1181/2579 2535/1181/2535
f 2481/1181/2481 2581/1181/2581 2529/1181/2529
f 2583/954/2583 2585/957/2585 2587/951/2587
f 2580/1181/2580 2535/1181/2535 2534/1181/2534
f 2475/1181/2475 2588/1181/2588 2473/1181/2473
f 2535/1181/2535 2464/1181/2464 2534/1181/2534
f 2588/1181/2588 2575/1181/2575 2473/1181/2473
f 2560/956/2560 2562/989/2562 2409/989/2409
f 2562/989/2562 2559/956/2559 2563/989/2563
f 2589/1013/2589 2587/951/2587 2585/957/2585
f 2590/1057/2590 2585/957/2585 2591/982/2591
f 2585/957/2585 2590/1057/2590 2589/1013/2589
f 1411/517/1411 2450/1107/2450 2394/958/2394
f 2592/958/2592 2388/895/2388 2390/958/2390
f 2593/1056/2593 2594/1180/2594 2569/1180/2569
f 2594/959/2594 2593/1002/2593 2384/927/2384
f 2593/1002/2593 2569/959/2569 2595/1013/2595
f 2595/989/2595 2569/1180/2569 2409/989/2409
f 2415/989/2415 2414/989/2414 2596/989/2596
f 2410/989/2410 2409/989/2409 2409/989/2409
f 2562/989/2562 2410/989/2410 2409/989/2409
f 2410/989/2410 2562/989/2562 2408/989/2408
f 2408/989/2408 2562/989/2562 2563/989/2563
f 2415/989/2415 2596/989/2596 2597/989/2597
f 2597/989/2597 2596/989/2596 2598/989/2598
f 2415/989/2415 2597/989/2597 2599/989/2599
f 2600/1018/2600 2601/960/2601 2597/988/2597
f 2601/989/2601 2600/1015/2600 2415/989/2415
f 2601/989/2601 2415/989/2415 2599/989/2599
f 2601/989/2601 2599/989/2599 2597/989/2597
f 2600/1018/2600 2602/1012/2602 2415/960/2415
f 2602/1015/2602 2600/1015/2600 2603/1015/2603
f 2604/1181/2604 2480/1181/2480 2605/1181/2605
f 2606/1181/2606 2478/1181/2478 2607/1181/2607
f 2478/1181/2478 2606/1181/2606 2476/1181/2476
f 2591/1181/2591 2608/1181/2608 2609/1181/2609
f 2607/1181/2607 2610/1181/2610 2611/1181/2611
f 2610/1181/2610 2607/1181/2607 2610/1181/2610
f 2612/1181/2612 2612/1181/2612 2604/1181/2604
f 2607/1181/2607 2607/1181/2607 2607/1181/2607
f 2607/1181/2607 2607/1181/2607 2607/1181/2607
f 2610/1181/2610 2607/1181/2607 2611/1181/2611
f 2607/1181/2607 2610/1181/2610 2607/1181/2607
f 2607/1181/2607 2610/1181/2610 2606/1181/2606
f 2611/1181/2611 2607/1181/2607 2611/1181/2611
f 2613/1181/2613 2614/1181/2614 2615/956/2615
f 2610/1181/2610 2616/1181/2616 2610/1181/2610
f 2607/1181/2607 2611/1181/2611 2611/1181/2611
f 2617/1181/2617 2618/1181/2618 2619/1181/2619
f 2607/1181/2607 2610/1181/2610 2610/1181/2610
f 2614/1181/2614 2614/1181/2614 2620/1181/2620
f 2618/1181/2618 2621/1181/2621 2618/1181/2618
f 2611/1181/2611 2607/1181/2607 2607/1181/2607
f 2612/1181/2612 2612/1181/2612 2622/1181/2622
f 2623/924/2623 2624/924/2624 2625/922/2625
f 2626/924/2626 1423/924/1423 1422/491/1422
f 1426/961/1426 2627/961/2627 1425/962/1425
f 2627/961/2627 1426/961/1426 2628/925/2628
f 2627/924/2627 2628/922/2628 2629/922/2629
f 2509/963/2509 2630/964/2630 2507/1028/2507
f 2505/923/2505 1419/920/1419 1418/965/1418
f 2626/924/2626 1422/491/1422 2631/924/2631
f 2632/1181/2632 2482/1181/2482 2633/1181/2633
f 2482/1181/2482 2632/1181/2632 2480/1181/2480
f 2480/1181/2480 2632/1181/2632 2605/1181/2605
f 2633/966/2633 2482/943/2482 2538/944/2538
f 2605/1181/2605 2633/1181/2633 2634/1181/2634
f 2633/1181/2633 2605/1181/2605 2632/1181/2632
f 2634/982/2634 2633/966/2633 2538/944/2538
f 2604/1181/2604 2635/1181/2635 2636/1181/2636
f 2635/1181/2635 2604/1181/2604 2634/1181/2634
f 2634/1181/2634 2604/1181/2604 2605/1181/2605
f 2635/1181/2635 2634/1181/2634 2637/1181/2637
f 2637/967/2637 2634/982/2634 2538/944/2538
f 2638/1181/2638 2635/1181/2635 2637/1181/2637
f 2635/1181/2635 2638/1181/2638 2636/1181/2636
f 2636/1181/2636 2638/1181/2638 2637/1181/2637
f 2636/1181/2636 2637/1181/2637 2622/1181/2622
f 2619/1181/2619 2639/971/2639 2640/1181/2640
f 2641/971/2641 2642/1181/2642 2643/1181/2643
f 2619/1181/2619 2618/1181/2618 2618/1181/2618
f 2640/1181/2640 2619/1181/2619 2640/1181/2640
f 2619/1181/2619 2640/1181/2640 2617/1181/2617
f 2644/1181/2644 2640/1181/2640 2644/1181/2644
f 2640/1181/2640 2644/1181/2644 2617/1181/2617
f 2617/1181/2617 2644/1181/2644 2619/1181/2619
f 2643/968/2643 2645/969/2645 2641/969/2641
f 2641/969/2641 2645/969/2645 2629/970/2629
f 2538/971/2538 2528/971/2528 2528/971/2528
f 2639/971/2639 2646/1026/2646 2647/1026/2647
f 2628/1026/2628 2641/971/2641 2629/1026/2629
f 2646/922/2646 2623/924/2623 2625/922/2625
f 2615/956/2615 2648/972/2648 2649/973/2649
f 2650/972/2650 2651/956/2651 2652/973/2652
f 2653/987/2653 2650/972/2650 2654/987/2654
f 2648/972/2648 2655/987/2655 2649/973/2649
f 2652/973/2652 2656/972/2656 2650/972/2650
f 2657/972/2657 2658/973/2658 2659/973/2659
f 2657/972/2657 2660/972/2660 2661/987/2661
f 2660/972/2660 2657/972/2657 2659/973/2659
f 2650/972/2650 2656/972/2656 2654/987/2654
f 2613/1181/2613 2615/956/2615 2649/973/2649
f 2613/1181/2613 2649/973/2649 2614/1181/2614
f 2662/1181/2662 2615/956/2615 2614/1181/2614
f 2651/956/2651 2663/1181/2663 2652/973/2652
f 2664/1181/2664 2665/1181/2665 2618/1181/2618
f 2663/1181/2663 2666/1181/2666 2652/973/2652
f 2619/1181/2619 2664/1181/2664 2618/1181/2618
f 2664/1181/2664 2619/1181/2619 2644/1181/2644
f 2644/1181/2644 2619/1181/2619 2644/1181/2644
f 2664/1181/2664 2644/1181/2644 2667/1181/2667
f 2620/1181/2620 2662/1181/2662 2614/1181/2614
f 2619/1181/2619 2618/1181/2618 2617/1181/2617
f 2644/1181/2644 2640/1181/2640 2640/1181/2640
f 2668/974/2668 2669/977/2669 2670/975/2670
f 2669/1041/2669 2668/976/2668 2671/1058/2671
f 2672/980/2672 2673/974/2673 2674/980/2674
f 2668/976/2668 2675/978/2675 2676/1037/2676
f 2672/980/2672 2674/980/2674 2677/975/2677
f 2678/980/2678 2679/974/2679 2680/975/2680
f 2669/977/2669 2681/975/2681 2670/975/2670
f 2681/975/2681 2669/977/2669 2614/1181/2614
f 2675/978/2675 2682/979/2682 2676/1037/2676
f 2683/975/2683 2672/980/2672 2677/975/2677
f 2684/975/2684 2678/980/2678 2680/975/2680
f 2683/975/2683 2677/975/2677 2685/981/2685
f 2684/975/2684 2680/975/2680 2686/981/2686
f 2681/975/2681 2614/1181/2614 2687/984/2687
f 2688/981/2688 2670/975/2670 2687/984/2687
f 2689/981/2689 2684/975/2684 2686/981/2686
f 2689/981/2689 2686/981/2686 2690/981/2690
f 2609/967/2609 2590/1057/2590 2591/982/2591
f 2691/989/2691 2614/1181/2614 2669/977/2669
f 2681/975/2681 2687/984/2687 2670/975/2670
f 2692/981/2692 2688/981/2688 2687/984/2687
f 2686/981/2686 2689/981/2689 2690/981/2690
f 2685/981/2685 2693/981/2693 2683/975/2683
f 2693/981/2693 2694/984/2694 2683/975/2683
f 2694/984/2694 2693/981/2693 2695/983/2695
f 2686/981/2686 2690/981/2690 2696/983/2696
f 2697/983/2697 2692/981/2692 2687/984/2687
f 2698/983/2698 2686/981/2686 2696/983/2696
f 2698/983/2698 2696/983/2696 2699/984/2699
f 2682/979/2682 2700/985/2700 2676/1037/2676
f 2696/983/2696 2701/984/2701 2699/984/2699
f 2702/984/2702 2697/983/2697 2687/984/2687
f 2695/983/2695 2694/984/2694 2694/984/2694
f 2694/984/2694 2694/984/2694 2703/984/2703
f 2701/984/2701 2653/987/2653 2704/984/2704
f 2655/987/2655 2702/984/2702 2687/984/2687
f 2704/984/2704 2699/984/2699 2701/984/2701
f 2661/987/2661 2694/984/2694 2705/987/2705
f 2700/985/2700 2706/986/2706 2676/1037/2676
f 2654/987/2654 2704/984/2704 2653/987/2653
f 2703/984/2703 2705/987/2705 2694/984/2694
f 2661/987/2661 2705/987/2705 2657/972/2657
f 2687/984/2687 2649/973/2649 2655/987/2655
f 2649/973/2649 2687/984/2687 2614/1181/2614
f 2691/989/2691 2669/977/2669 2707/989/2707
f 2438/989/2438 2597/989/2597 2708/989/2708
f 2597/988/2597 2438/1057/2438 2600/1018/2600
f 2436/989/2436 2438/989/2438 2708/989/2708
f 2432/989/2432 2432/989/2432 2441/989/2441
f 2440/989/2440 2432/989/2432 2709/989/2709
f 2432/989/2432 2440/989/2440 2431/989/2431
f 2431/989/2431 2440/989/2440 2710/989/2710
f 2708/989/2708 2597/989/2597 2598/989/2598
f 2711/989/2711 2436/989/2436 2708/989/2708
f 2432/989/2432 2441/989/2441 2709/989/2709
f 2709/989/2709 2440/989/2440 2440/989/2440
f 2712/989/2712 2713/989/2713 2713/989/2713
f 2708/989/2708 2708/989/2708 2711/989/2711
f 2707/989/2707 2440/989/2440 2691/989/2691
f 2440/989/2440 2707/989/2707 2440/989/2440
f 2440/989/2440 2707/989/2707 2714/989/2714
f 2714/989/2714 2707/989/2707 2669/977/2669
f 2715/990/2715 2716/990/2716 2717/990/2717
f 2718/990/2718 2719/990/2719 2720/1015/2720
f 2718/990/2718 2720/1015/2720 2721/990/2721
f 2718/990/2718 2721/990/2721 2722/990/2722
f 2723/1015/2723 2715/990/2715 2717/990/2717
f 2724/1015/2724 2720/1015/2720 2725/989/2725
f 2720/1015/2720 2724/1015/2724 2721/990/2721
f 2603/1015/2603 2602/1015/2602 2602/1015/2602
f 2724/1015/2724 2726/1015/2726 2721/990/2721
f 2727/1013/2727 2723/1012/2723 2728/1006/2728
f 2729/989/2729 2725/989/2725 2730/989/2730
f 2725/989/2725 2729/989/2729 2724/1015/2724
f 2602/1015/2602 2731/989/2731 2732/989/2732
f 2733/989/2733 2727/989/2727 2400/1056/2400
f 2734/989/2734 2413/989/2413 2735/989/2735
f 2736/989/2736 2737/989/2737 2729/989/2729
f 2731/989/2731 2734/989/2734 2735/989/2735
f 2738/989/2738 2730/989/2730 2739/989/2739
f 2730/989/2730 2738/989/2738 2736/989/2736
f 2413/989/2413 2420/989/2420 2420/989/2420
f 2405/989/2405 2733/989/2733 2400/1056/2400
f 2740/1011/2740 2741/991/2741 2742/1000/2742
f 2741/992/2741 2740/993/2740 2743/993/2743
f 2743/993/2743 2740/993/2740 2742/994/2742
f 2744/996/2744 2743/995/2743 2745/996/2745
f 2743/1011/2743 2744/1171/2744 2741/991/2741
f 2746/997/2746 2747/992/2747 1430/1005/1430
f 2741/991/2741 2748/999/2748 2742/1000/2742
f 2749/998/2749 2746/997/2746 1430/1005/1430
f 2748/999/2748 2750/1182/2750 2742/1000/2742
f 2742/1000/2742 2750/1182/2750 2751/1184/2751
f 2752/1001/2752 2742/1000/2742 2751/1184/2751
f 2742/1000/2742 2752/1001/2752 2743/1011/2743
f 2753/1006/2753 2752/1001/2752 2400/1002/2400
f 2752/1001/2752 2753/1006/2753 2743/1011/2743
f 2754/958/2754 2749/998/2749 1404/1003/1404
f 2750/998/2750 2755/958/2755 2390/958/2390
f 1409/1004/1409 2754/1004/2754 1404/935/1404
f 2752/1001/2752 2751/1184/2751 2400/1002/2400
f 2751/1178/2751 2389/1178/2389 2398/1178/2398
f 2389/1014/2389 2751/1014/2751 2390/1004/2390
f 1430/1005/1430 2747/992/2747 1431/1071/1431
f 1404/1003/1404 1430/1005/1430 1407/520/1407
f 1430/1005/1430 1404/1003/1404 2749/998/2749
f 1407/520/1407 1430/1005/1430 1413/519/1413
f 2756/1185/2756 2743/1011/2743 2753/1006/2753
f 2743/1007/2743 2756/1008/2756 2757/1008/2757
f 2757/1009/2757 2756/1009/2756 2753/1010/2753
f 2743/1011/2743 2757/1185/2757 2745/1171/2745
f 2717/1090/2717 2716/1090/2716 2758/1080/2758
f 2728/1049/2728 2723/1015/2723 2753/1049/2753
f 2723/1012/2723 2759/1063/2759 2757/1185/2757
f 2759/990/2759 2723/1015/2723 2717/990/2717
f 2753/1049/2753 2400/1056/2400 2728/1049/2728
f 2728/1006/2728 2400/1002/2400 2727/1013/2727
f 2751/1014/2751 2398/1014/2398 2400/898/2400
f 2602/1015/2602 2760/1015/2760 2761/989/2761
f 2762/1015/2762 2763/1015/2763 2764/1015/2764
f 2764/1015/2764 2763/1015/2763 2765/989/2765
f 2762/1015/2762 2764/1015/2764 2766/989/2766
f 2767/989/2767 2768/989/2768 2766/989/2766
f 2768/989/2768 2767/989/2767 2769/989/2769
f 2768/989/2768 2769/989/2769 2770/989/2770
f 2732/989/2732 2602/1015/2602 2602/1015/2602
f 2766/989/2766 2765/989/2765 2767/989/2767
f 2765/989/2765 2766/989/2766 2764/1015/2764
f 2766/989/2766 2768/989/2768 2771/989/2771
f 2732/989/2732 2731/989/2731 2735/989/2735
f 2734/989/2734 2413/989/2413 2415/989/2415
f 2422/989/2422 2771/989/2771 2768/989/2768
f 2770/989/2770 2769/989/2769 2767/989/2767
f 2422/989/2422 2770/989/2770 2419/989/2419
f 2770/989/2770 2422/989/2422 2768/989/2768
f 2772/989/2772 2766/989/2766 2771/989/2771
f 2766/989/2766 2772/989/2772 2762/1015/2762
f 2761/989/2761 2734/989/2734 2415/989/2415
f 2421/989/2421 2413/989/2413 2773/989/2773
f 2413/989/2413 2421/989/2421 2413/989/2413
f 2413/989/2413 2413/989/2413 2415/989/2415
f 2761/1013/2761 2415/960/2415 2602/1012/2602
f 2420/989/2420 2735/989/2735 2413/989/2413
f 2767/989/2767 2774/989/2774 2405/989/2405
f 2767/989/2767 2405/989/2405 2419/989/2419
f 2419/989/2419 2770/989/2770 2767/989/2767
f 2419/989/2419 2418/989/2418 2423/989/2423
f 2419/989/2419 2423/989/2423 2422/989/2422
f 2773/989/2773 2413/989/2413 2421/989/2421
f 2775/1080/2775 2776/1090/2776 2777/1090/2777
f 2776/1186/2776 2775/1064/2775 2778/1063/2778
f 2779/1015/2779 2780/1015/2780 2781/989/2781
f 2780/1015/2780 2779/1015/2779 2782/990/2782
f 2783/990/2783 2779/1015/2779 2784/990/2784
f 2779/1015/2779 2783/990/2783 2782/990/2782
f 2782/990/2782 2783/990/2783 2785/990/2785
f 2786/990/2786 2782/990/2782 2787/990/2787
f 2782/990/2782 2786/990/2786 2788/990/2788
f 2789/1017/2789 2603/1016/2603 2600/1017/2600
f 2603/1012/2603 2789/1018/2789 2790/1063/2790
f 2435/989/2435 2780/1015/2780 2781/989/2781
f 2780/1015/2780 2435/989/2435 2781/989/2781
f 2781/989/2781 2435/989/2435 2427/989/2427
f 2779/1015/2779 2781/989/2781 2434/989/2434
f 2781/989/2781 2429/989/2429 2434/989/2434
f 2429/989/2429 2781/989/2781 2427/989/2427
f 2791/1015/2791 2780/1015/2780 2792/1015/2792
f 2780/1047/2780 2791/1047/2791 2781/1019/2781
f 2435/989/2435 2781/989/2781 2434/989/2434
f 2429/989/2429 2442/989/2442 2793/1056/2793
f 2794/989/2794 2431/989/2431 2710/989/2710
f 2425/989/2425 2433/989/2433 2433/989/2433
f 2794/989/2794 2794/989/2794 2710/989/2710
f 2795/1061/2795 2796/1061/2796 2797/895/2797
f 2796/1178/2796 2795/1178/2795 2798/1056/2798
f 2793/1056/2793 2799/1178/2799 2800/1178/2800
f 2801/1056/2801 2798/1056/2798 2425/989/2425
f 2798/1056/2798 2801/1056/2801 2796/1178/2796
f 2802/1056/2802 2803/1056/2803 2671/1056/2671
f 2801/1056/2801 2804/1056/2804 2796/1178/2796
f 2796/1021/2796 2804/1020/2804 2805/1021/2805
f 2803/1056/2803 2794/989/2794 2671/1056/2671
f 2433/989/2433 2801/1056/2801 2425/989/2425
f 2624/924/2624 2806/924/2806 2807/924/2807
f 2808/923/2808 2631/923/2631 1438/1022/1438
f 2625/1028/2625 2807/964/2807 2809/1030/2809
f 2807/924/2807 2625/922/2625 2624/924/2624
f 2810/1163/2810 1438/1163/1438 1436/1023/1436
f 2809/1163/2809 2811/1163/2811 2625/922/2625
f 2625/922/2625 2811/1163/2811 2812/922/2812
f 1443/534/1443 2810/1022/2810 1436/530/1436
f 2811/1022/2811 2813/534/2813 2814/534/2814
f 2815/971/2815 2639/971/2639 2816/971/2816
f 2639/971/2639 2815/971/2815 2640/1181/2640
f 2640/967/2640 2815/944/2815 2817/1024/2817
f 2817/1025/2817 2816/971/2816 2818/1025/2818
f 2816/971/2816 2817/1025/2817 2815/971/2815
f 2640/1181/2640 2819/1180/2819 2820/1180/2820
f 2819/1037/2819 2640/967/2640 2817/1024/2817
f 2817/1025/2817 2818/1025/2818 2819/1180/2819
f 2812/1026/2812 2646/1026/2646 2625/1026/2625
f 2646/1026/2646 2812/1026/2812 2647/1026/2647
f 2647/1026/2647 2812/1026/2812 2821/1027/2821
f 2816/944/2816 2647/1028/2647 2821/1029/2821
f 2647/1026/2647 2816/971/2816 2639/971/2639
f 2818/1024/2818 2821/1029/2821 2822/1189/2822
f 2821/1029/2821 2818/1024/2818 2816/944/2816
f 2823/1101/2823 2824/1029/2824 2811/1030/2811
f 2824/1029/2824 2823/1101/2823 2822/1189/2822
f 2822/1189/2822 2823/1101/2823 2825/1102/2825
f 2824/1027/2824 2821/1027/2821 2812/1026/2812
f 2821/1027/2821 2824/1027/2824 2822/1031/2822
f 2826/916/2826 2823/916/2823 2811/1032/2811
f 2823/1033/2823 2826/1033/2826 2825/1034/2825
f 2811/1030/2811 2824/1029/2824 2812/1028/2812
f 2826/1101/2826 2811/1030/2811 2814/1035/2814
f 2827/1036/2827 2676/1037/2676 2706/986/2706
f 2676/1037/2676 2827/1036/2827 2828/1038/2828
f 2828/1038/2828 2829/967/2829 2676/1037/2676
f 2829/1181/2829 2828/973/2828 2830/1181/2830
f 2640/1181/2640 2644/1181/2644 2831/1181/2831
f 2644/1181/2644 2640/1181/2640 2832/1181/2832
f 2832/1181/2832 2640/1181/2640 2831/1181/2831
f 2832/1181/2832 2667/1181/2667 2644/1181/2644
f 2833/1180/2833 2834/1180/2834 2835/1180/2835
f 2834/1180/2834 2833/1180/2833 2832/1181/2832
f 2820/1180/2820 2831/1181/2831 2640/1181/2640
f 2831/1181/2831 2820/1180/2820 2832/1181/2832
f 2836/1180/2836 2820/1180/2820 2819/1180/2819
f 2820/1180/2820 2836/1180/2836 2832/1181/2832
f 2676/1039/2676 2837/1039/2837 2671/1112/2671
f 2835/1180/2835 2834/1180/2834 2836/1180/2836
f 2676/1037/2676 2671/1058/2671 2668/976/2668
f 2836/1180/2836 2834/1180/2834 2832/1181/2832
f 2837/1037/2837 2838/1105/2838 2671/1058/2671
f 2839/1188/2839 2835/1040/2835 2836/1040/2836
f 2839/1179/2839 2836/1180/2836 2840/1179/2840
f 2671/1056/2671 2838/1179/2838 2841/1179/2841
f 2640/1181/2640 2831/1181/2831 2644/1181/2644
f 2819/1180/2819 2818/1025/2818 2836/1180/2836
f 2710/989/2710 2440/989/2440 2842/989/2842
f 2794/989/2794 2710/989/2710 2671/1056/2671
f 2802/1056/2802 2671/1056/2671 2843/1178/2843
f 2842/989/2842 2714/989/2714 2669/977/2669
f 2714/989/2714 2842/989/2842 2440/989/2440
f 2842/1057/2842 2669/1041/2669 2671/1058/2671
f 2710/989/2710 2842/989/2842 2671/1056/2671
f 2784/990/2784 2844/1042/2844 2785/990/2785
f 2844/1045/2844 2784/1186/2784 2845/1018/2845
f 2846/1042/2846 2844/1042/2844 2847/1049/2847
f 2844/1043/2844 2846/1043/2846 2848/1044/2848
f 2848/1052/2848 2846/1045/2846 2847/1051/2847
f 2844/1045/2844 2848/1052/2848 2849/1190/2849
f 2850/993/2850 2848/993/2848 2851/1054/2851
f 2848/993/2848 2850/993/2850 2852/1046/2852
f 2853/1015/2853 2779/1015/2779 2845/1015/2845
f 2779/1047/2779 2853/1047/2853 2784/1048/2784
f 2784/990/2784 2853/1015/2853 2845/1015/2845
f 2783/990/2783 2784/990/2784 2785/990/2785
f 2854/1051/2854 2845/1018/2845 2855/1057/2855
f 2845/1015/2845 2854/1049/2854 2847/1049/2847
f 2847/1049/2847 2854/1049/2854 2856/1056/2856
f 2857/1050/2857 2847/1051/2847 2858/1058/2858
f 2847/1051/2847 2857/1050/2857 2848/1052/2848
f 2851/1053/2851 2857/1053/2857 2800/1178/2800
f 2857/1054/2857 2851/1054/2851 2848/993/2848
f 2850/995/2850 2851/1055/2851 2859/1055/2859
f 2855/989/2855 2434/989/2434 2858/1056/2858
f 2434/989/2434 2855/989/2855 2779/1015/2779
f 2855/989/2855 2845/1015/2845 2779/1015/2779
f 2434/989/2434 2429/989/2429 2858/1056/2858
f 2856/1056/2856 2855/989/2855 2858/1056/2858
f 2855/1057/2855 2856/1058/2856 2854/1051/2854
f 2856/1056/2856 2858/1056/2858 2847/1049/2847
f 2800/1178/2800 2858/1056/2858 2793/1056/2793
f 2858/1058/2858 2800/1124/2800 2857/1050/2857
f 2793/1056/2793 2858/1056/2858 2429/989/2429
f 2800/1178/2800 2799/1178/2799 2860/1178/2860
f 2800/1178/2800 2860/1178/2860 2851/1053/2851
f 2851/1059/2851 2860/1060/2860 2859/1059/2859
f 2860/1061/2860 2799/1061/2799 2861/895/2861
f 1813/1080/1813 2718/1090/2718 2722/1090/2722
f 2718/1079/2718 1813/1062/1813 1815/1062/1815
f 2862/1077/2862 2778/1063/2778 2775/1064/2775
f 2778/1065/2778 2790/1065/2790 2776/1066/2776
f 2744/1171/2744 2863/1067/2863 2864/1068/2864
f 1832/1069/1832 2865/1070/2865 1834/1070/1834
f 1431/1071/1431 1829/1072/1829 1432/529/1432
f 2864/1068/2864 2741/991/2741 2744/1171/2744
f 1835/665/1835 2866/1073/2866 1818/666/1818
f 2867/1074/2867 2868/1075/2868 2757/1076/2757
f 2869/1077/2869 2867/1078/2867 2759/1063/2759
f 2758/1062/2758 2869/1062/2869 2717/1079/2717
f 2867/1078/2867 2757/1185/2757 2759/1063/2759
f 2869/1080/2869 2759/1090/2759 2717/1090/2717
f 1814/1083/1814 2870/1081/2870 1812/1083/1812
f 2871/666/2871 2872/1082/2872 1860/1089/1860
f 2873/1083/2873 1856/674/1856 1858/1083/1858
f 2874/1083/2874 1855/1083/1855 2875/1083/2875
f 1855/1083/1855 2874/1083/2874 1854/1083/1854
f 1866/1083/1866 2874/1083/2874 2876/1080/2876
f 2874/1083/2874 1866/1083/1866 1854/1083/1854
f 2877/1084/2877 2878/1084/2878 1860/1089/1860
f 2879/1083/2879 2875/1083/2875 2880/1088/2880
f 2875/1083/2875 2879/1083/2879 2874/1083/2874
f 2874/1085/2874 2879/1085/2879 2880/1086/2880
f 2881/1084/2881 1859/1087/1859 1860/1089/1860
f 2878/1084/2878 2881/1084/2881 1860/1089/1860
f 2880/1088/2880 2882/1080/2882 2883/1080/2883
f 2882/1080/2882 2880/1088/2880 2884/1080/2884
f 2885/1082/2885 2877/1084/2877 1860/1089/1860
f 2875/1085/2875 2884/1062/2884 2880/1086/2880
f 2886/1080/2886 2887/1080/2887 2888/1080/2888
f 2876/1080/2876 2874/1083/2874 2880/1088/2880
f 2889/1080/2889 2876/1080/2876 2880/1088/2880
f 2876/1080/2876 2889/1080/2889 1866/1083/1866
f 2890/1080/2890 2891/1080/2891 2892/1090/2892
f 2889/1080/2889 2893/1080/2893 1866/1083/1866
f 1866/1084/1866 2893/1082/2893 2894/1093/2894
f 2895/1080/2895 2886/1080/2886 2888/1080/2888
f 2891/1080/2891 2895/1080/2895 2892/1090/2892
f 2883/1080/2883 2889/1080/2889 2880/1088/2880
f 2786/1090/2786 2896/1090/2896 2888/1080/2888
f 2896/990/2896 2786/990/2786 2787/990/2787
f 2895/1080/2895 2896/1090/2896 2892/1090/2892
f 2896/1090/2896 2895/1080/2895 2888/1080/2888
f 2872/1080/2872 2885/1080/2885 1860/1083/1860
f 2787/990/2787 2892/990/2892 2896/990/2896
f 2892/1090/2892 2787/1090/2787 2890/1080/2890
f 2785/990/2785 2787/990/2787 2782/990/2782
f 2787/1090/2787 2785/1090/2785 2890/1080/2890
f 2890/1064/2890 2785/1186/2785 2897/1191/2897
f 1867/1084/1867 1866/1084/1866 1863/680/1863
f 1866/1083/1866 1867/1083/1867 1853/1083/1853
f 2893/1082/2893 2898/1093/2898 2894/1093/2894
f 2899/1091/2899 2897/1091/2897 2844/1092/2844
f 1863/680/1863 2894/1093/2894 1870/682/1870
f 2894/1093/2894 1863/680/1863 1866/1084/1866
f 2900/1094/2900 2899/1074/2899 2849/1094/2849
f 2844/1045/2844 2897/1191/2897 2785/1186/2785
f 2849/1190/2849 2848/1052/2848 2852/1129/2852
f 2796/1095/2796 2805/1095/2805 2797/1111/2797
f 2901/1096/2901 2286/765/2286 2326/853/2326
f 2288/1118/2288 2797/1111/2797 2902/1097/2902
f 2797/1187/2797 2288/813/2288 2289/813/2289
f 2903/1115/2903 2901/1096/2901 2904/1125/2904
f 2905/1098/2905 2293/534/2293 2292/815/2292
f 2814/1035/2814 2906/1099/2906 2826/1101/2826
f 2906/1099/2906 2907/1100/2907 2826/1101/2826
f 2826/1101/2826 2907/1100/2907 2825/1102/2825
f 2301/828/2301 2290/822/2290 2297/1177/2297
f 2908/930/2908 2822/930/2822 2909/931/2909
f 2822/1031/2822 2908/1031/2908 2840/1179/2840
f 2836/1037/2836 2818/1024/2818 2822/1189/2822
f 2910/1103/2910 2908/1104/2908 2911/1103/2911
f 2908/1031/2908 2910/1179/2910 2840/1179/2840
f 2822/1189/2822 2840/1105/2840 2836/1037/2836
f 2908/1189/2908 2909/1109/2909 2911/1105/2911
f 2308/1106/2308 2311/839/2311 2307/835/2307
f 2909/839/2909 2912/1106/2912 2913/1106/2913
f 2914/1107/2914 2308/1107/2308 2915/1107/2915
f 2825/1102/2825 2916/1108/2916 2909/1109/2909
f 2310/1110/2310 2299/827/2299 2300/823/2300
f 2308/1111/2308 2305/1118/2305 2915/1111/2915
f 2917/1179/2917 2840/1179/2840 2910/1179/2910
f 2840/1179/2840 2917/1179/2917 2839/1179/2839
f 2918/1179/2918 2917/1179/2917 2911/1179/2911
f 2917/1179/2917 2918/1179/2918 2839/1179/2839
f 2919/1179/2919 2918/1179/2918 2911/1179/2911
f 2841/1103/2841 2920/1103/2920 2671/1112/2671
f 2919/947/2919 2911/947/2911 2913/1107/2913
f 2911/1179/2911 2917/1179/2917 2910/1179/2910
f 2920/1105/2920 2921/1113/2921 2843/1124/2843
f 2922/1107/2922 2919/947/2919 2913/1107/2913
f 2913/1113/2913 2911/1105/2911 2909/1109/2909
f 2923/1107/2923 2924/1107/2924 2925/1114/2925
f 2926/1107/2926 2922/1107/2922 2913/1107/2913
f 2927/1115/2927 2923/1106/2923 2925/1119/2925
f 2921/1113/2921 2928/1116/2928 2843/1124/2843
f 2925/1119/2925 2924/1106/2924 2929/835/2929
f 2930/937/2930 2305/937/2305 2306/1117/2306
f 2305/1118/2305 2930/1118/2930 2915/1111/2915
f 2929/835/2929 2318/841/2318 2319/1096/2319
f 2671/1058/2671 2920/1105/2920 2843/1124/2843
f 2931/895/2931 2902/958/2902 2797/895/2797
f 2932/1192/2932 2927/1115/2927 2925/1119/2925
f 2929/835/2929 2319/1096/2319 2925/1119/2925
f 2933/1120/2933 2850/1052/2850 2859/1050/2859
f 2850/1052/2850 2933/1120/2933 2852/1129/2852
f 2934/1121/2934 2859/1050/2859 2860/1124/2860
f 2859/1050/2859 2934/1121/2934 2935/1123/2935
f 2936/1122/2936 2904/1125/2904 2326/853/2326
f 2937/1127/2937 2936/1122/2936 2326/853/2326
f 2935/1123/2935 2933/1120/2933 2859/1050/2859
f 2934/1121/2934 2860/1124/2860 2861/1116/2861
f 2326/853/2326 2286/765/2286 2320/848/2320
f 2901/1096/2901 2326/853/2326 2904/1125/2904
f 2326/853/2326 2380/1126/2380 2937/1127/2937
f 2938/1128/2938 2849/1190/2849 2852/1129/2852
f 750/1142/750 752/166/752 751/376/751
f 751/376/751 752/166/752 753/801/753
f 282/416/282 284/416/284 429/1130/429
f 284/416/284 291/414/291 443/414/443
f 292/227/292 293/227/293 294/227/294
f 306/227/306 305/227/305 306/227/306
f 323/222/323 303/215/303 449/216/449
f 310/227/310 441/214/441 412/214/412
f 337/309/337 338/181/338 346/189/346
f 338/181/338 339/309/339 528/257/528
f 357/190/357 359/190/359 423/407/423
f 367/203/367 419/195/419 421/1131/421
f 367/405/367 378/180/378 368/180/368
f 365/425/365 370/425/370 539/1132/539
f 374/189/374 392/189/392 394/189/394
f 390/259/390 580/260/580 391/185/391
f 426/204/426 415/1133/415 427/209/427
f 429/205/429 428/1134/428 430/207/430
f 455/230/455 457/224/457 285/1135/285
f 457/221/457 288/414/288 285/414/285
f 477/227/477 450/227/450 327/227/327
f 455/230/455 285/1135/285 488/239/488
f 530/185/530 385/260/385 372/255/372
f 546/247/546 547/263/547 548/250/548
f 538/331/538 565/718/565 574/718/574
f 565/267/565 540/243/540 569/253/569
f 565/718/565 568/318/568 577/318/577
f 579/318/579 504/242/504 640/318/640
f 499/240/499 658/716/658 659/716/659
f 605/716/605 611/716/611 2939/716/2939
f 594/275/594 627/266/627 652/275/652
f 642/1136/642 635/340/635 637/269/637
f 650/1138/650 648/1137/648 1041/755/1041
f 650/1138/650 1047/348/1047 680/240/680
f 705/1139/705 709/1140/709 715/1141/715
f 728/291/728 742/291/742 935/291/935
f 742/291/742 728/291/728 730/291/730
f 743/291/743 742/291/742 730/291/730
f 747/1142/747 720/378/720 761/1142/761
f 725/378/725 749/1142/749 1149/377/1149
f 774/350/774 782/308/782 1059/308/1059
f 800/181/800 799/309/799 799/309/799
f 807/189/807 2940/189/2940 1249/180/1249
f 824/214/824 827/214/827 829/227/829
f 817/312/817 823/408/823 1263/1154/1263
f 673/242/673 864/242/864 672/316/672
f 872/242/872 856/242/856 1292/318/1292
f 866/318/866 860/318/860 1291/718/1291
f 901/291/901 2941/291/2941 929/291/929
f 900/291/900 923/291/923 922/291/922
f 942/324/942 666/1143/666 1035/324/1035
f 2942/1143/2942 944/325/944 946/325/946
f 979/602/979 1360/1144/1360 1354/1170/1354
f 990/272/990 1368/489/1368 1013/462/1013
f 1027/513/1027 1024/324/1024 1038/755/1038
f 1038/755/1038 1042/1145/1042 1027/513/1027
f 1051/349/1051 1052/308/1052 1046/514/1046
f 1121/363/1121 1122/360/1122 1131/372/1131
f 1126/432/1126 1132/554/1132 1516/432/1516
f 1126/1146/1126 1517/556/1517 1511/553/1511
f 1150/567/1150 753/801/753 1152/872/1152
f 1152/1147/1152 1151/1148/1151 1155/1149/1155
f 1152/1147/1152 1155/1149/1155 1546/1150/1546
f 1063/1151/1063 1162/379/1162 1161/801/1161
f 1548/579/1548 1574/579/1574 1569/579/1569
f 1184/552/1184 2943/1152/2943 1185/1152/1185
f 1175/383/1175 1619/375/1619 1764/621/1764
f 1056/842/1056 1217/842/1217 1054/842/1054
f 1193/1153/1193 1203/802/1203 1433/663/1433
f 1199/802/1199 1054/842/1054 1413/519/1413
f 1298/165/1298 1229/165/1229 1231/415/1231
f 1250/401/1250 1252/1154/1252 1258/693/1258
f 1258/693/1258 1252/1154/1252 1264/1155/1264
f 1264/1155/1264 1267/413/1267 1258/693/1258
f 1268/413/1268 1269/1156/1269 1956/1157/1956
f 1241/412/1241 915/380/915 1298/431/1298
f 863/422/863 1288/426/1288 1284/1158/1284
f 1231/1159/1231 1241/412/1241 1298/431/1298
f 1175/383/1175 1764/621/1764 1324/435/1324
f 979/750/979 1354/463/1354 1043/347/1043
f 1355/457/1355 1362/1160/1362 1356/1161/1356
f 1372/1162/1372 1373/538/1373 1378/1163/1378
f 1027/513/1027 1398/511/1398 1399/840/1399
f 1347/451/1347 1071/1164/1071 1392/1165/1392
f 1420/531/1420 1088/1165/1088 1435/532/1435
f 1088/1165/1088 1445/536/1445 1439/532/1439
f 1427/535/1427 1428/352/1428 1300/430/1300
f 1422/491/1422 1434/491/1434 2631/924/2631
f 1434/531/1434 1438/1022/1438 2631/923/2631
f 1448/597/1448 1450/597/1450 1533/597/1533
f 1459/1166/1459 1461/542/1461 1603/587/1603
f 1603/587/1603 1461/542/1461 1474/667/1474
f 1464/545/1464 1463/1167/1463 1562/596/1562
f 1542/573/1542 1552/576/1552 1555/574/1555
f 1566/585/1566 1568/579/1568 1578/585/1578
f 1607/597/1607 1608/597/1608 1785/580/1785
f 1621/591/1621 1620/591/1620 1630/591/1630
f 1608/597/1608 1607/597/1607 1782/580/1782
f 1607/597/1607 1785/580/1785 1782/580/1782
f 1680/638/1680 1682/638/1682 1688/604/1688
f 1680/606/1680 1688/1168/1688 1713/606/1713
f 1697/606/1697 1713/606/1713 1699/608/1699
f 1748/611/1748 1749/611/1749 1756/611/1756
f 1770/563/1770 1638/625/1638 1775/563/1775
f 1779/863/1779 1786/865/1786 2333/1169/2333
f 1786/865/1786 2342/866/2342 2333/1169/2333
f 1789/629/1789 1658/874/1658 1791/629/1791
f 1802/631/1802 1797/636/1797 1803/631/1803
f 1673/611/1673 1811/1081/1811 2870/1081/2870
f 2870/1081/2870 1811/1081/1811 1812/1083/1812
f 1821/1170/1821 1819/645/1819 1688/1168/1688
f 1819/645/1819 1830/649/1830 1827/654/1827
f 1715/613/1715 1827/654/1827 1833/664/1833
f 1824/657/1824 1432/529/1432 1829/1072/1829
f 2868/1078/2868 2745/1171/2745 2757/1185/2757
f 1876/775/1876 1878/775/1878 1935/775/1935
f 1899/1142/1899 1901/1142/1901 2007/307/2007
f 2032/775/2032 2247/801/2247 2079/775/2079
f 1942/1172/1942 1937/685/1937 2063/742/2063
f 2099/716/2099 2944/716/2944 2097/324/2097
f 1958/699/1958 1966/698/1966 1991/699/1991
f 1973/1173/1973 1975/706/1975 1984/705/1984
f 1999/716/1999 2027/716/2027 1988/275/1988
f 2084/1172/2084 2007/710/2007 2072/1174/2072
f 2093/768/2093 2091/725/2091 2206/809/2206
f 2118/750/2118 2132/752/2132 2133/752/2133
f 2123/749/2123 2136/1175/2136 2134/758/2134
f 2136/754/2136 2146/755/2146 2156/755/2156
f 1320/434/1320 1325/784/1325 2235/788/2235
f 2250/871/2250 1909/737/1909 2252/800/2252
f 2247/801/2247 2256/872/2256 2263/801/2263
f 2258/880/2258 2354/803/2354 2264/1176/2264
f 2296/1177/2296 2167/836/2167 2298/823/2298
f 2387/1178/2387 2386/1178/2386 2395/1056/2395
f 2453/1014/2453 2454/898/2454 2452/898/2452
f 2453/1179/2453 2452/1180/2452 2945/1179/2945
f 2458/1181/2458 2467/1181/2467 2458/1181/2458
f 2513/1181/2513 2512/971/2512 2946/971/2946
f 2403/1184/2403 2384/927/2384 2593/1002/2593
f 2569/959/2569 2560/952/2560 2409/1013/2409
f 2604/1181/2604 2636/1181/2636 2612/1181/2612
f 2612/1181/2612 2636/1181/2636 2622/1181/2622
f 2659/973/2659 2658/973/2658 2947/1181/2947
f 2659/973/2659 2947/1181/2947 2948/1181/2948
f 2949/989/2949 2708/989/2708 2598/989/2598
f 2713/989/2713 2950/989/2950 2712/989/2712
f 2440/989/2440 2951/989/2951 2691/989/2691
f 2729/989/2729 2730/989/2730 2736/989/2736
f 2750/1182/2750 2390/1183/2390 2751/1184/2751
f 2757/1185/2757 2753/1006/2753 2723/1012/2723
f 2790/1063/2790 2789/1018/2789 2776/1186/2776
f 2788/990/2788 2792/1015/2792 2782/990/2782
f 2782/990/2782 2792/1015/2792 2780/1015/2780
f 2797/1187/2797 2805/1188/2805 2931/1187/2931
f 2822/1189/2822 2825/1102/2825 2909/1109/2909
f 2844/1045/2844 2845/1018/2845 2847/1051/2847
f 2844/1045/2844 2849/1190/2849 2899/1191/2899
f 2319/1096/2319 2932/1192/2932 2925/1119/2925
g Handle1
f 3595/1195/3595 3596/1209/3596 3597/1193/3597
f 3596/1209/3596 3598/1194/3598 3597/1193/3597
f 3599/1197/3599 3595/1195/3595 3600/1196/3600
f 3595/1195/3595 3597/1193/3597 3600/1196/3600
f 3601/1201/3601 3599/1197/3599 3602/1202/3602
f 3599/1197/3599 3600/1196/3600 3602/1202/3602
f 3603/1198/3603 3604/1200/3604 3605/1199/3605
f 3604/1200/3604 3601/1201/3601 3605/1199/3605
f 3602/1202/3602 3605/1199/3605 3601/1201/3601
f 3606/1240/3606 3607/1242/3607 3608/1203/3608
f 3607/1242/3607 3609/1204/3609 3608/1203/3608
f 3609/1204/3609 3610/1205/3610 3608/1203/3608
f 3611/1232/3611 3612/1206/3612 3613/1237/3613
f 3612/1206/3612 3614/1207/3614 3613/1237/3613
f 3614/1207/3614 3615/1208/3615 3613/1237/3613
f 3596/1209/3596 3616/1210/3616 3598/1194/3598
f 3616/1210/3616 3617/1211/3617 3598/1194/3598
f 3616/1210/3616 3618/1213/3618 3617/1211/3617
f 3619/1212/3619 3617/1211/3617 3618/1213/3618
f 3620/1214/3620 3621/1215/3621 3622/1219/3622
f 3623/1216/3623 3624/1217/3624 3622/1226/3622
f 3623/1218/3623 3622/1219/3622 3621/1215/3621
f 3624/1220/3624 3625/1296/3625 3622/1231/3622
f 3626/1221/3626 3627/1222/3627 3628/1223/3628
f 3627/1222/3627 3629/1279/3629 3628/1223/3628
f 3630/1224/3630 3631/1296/3631 3632/1225/3632
f 3633/1305/3633 3634/1226/3634 3635/1227/3635
f 3636/1234/3636 3637/1228/3637 3638/1230/3638
f 3637/1228/3637 3639/1229/3639 3638/1230/3638
f 3630/1224/3630 3640/1231/3640 3631/1296/3631
f 3641/1236/3641 3640/1231/3640 3630/1224/3630
f 3635/1227/3635 3634/1226/3634 3642/1233/3642
f 3634/1226/3634 3611/1232/3611 3642/1233/3642
f 3643/1239/3643 3644/1235/3644 3636/1234/3636
f 3644/1235/3644 3637/1228/3637 3636/1234/3636
f 3641/1236/3641 3606/1240/3606 3640/1231/3640
f 3645/1241/3645 3606/1240/3606 3641/1236/3641
f 3646/1244/3646 3611/1232/3611 3613/1237/3613
f 3642/1233/3642 3611/1232/3611 3646/1244/3646
f 3647/1245/3647 3648/1238/3648 3643/1239/3643
f 3648/1238/3648 3644/1235/3644 3643/1239/3643
f 3606/1240/3606 3645/1241/3645 3607/1242/3607
f 3645/1241/3645 3649/1246/3649 3607/1242/3607
f 3650/1249/3650 3613/1237/3613 3651/1243/3651
f 3646/1244/3646 3613/1237/3613 3650/1249/3650
f 3652/1251/3652 3653/1252/3653 3647/1245/3647
f 3653/1252/3653 3648/1238/3648 3647/1245/3647
f 3649/1246/3649 3654/1247/3654 3607/1242/3607
f 3654/1247/3654 3655/1303/3655 3607/1242/3607
f 3656/1248/3656 3651/1243/3651 3657/1253/3657
f 3650/1249/3650 3651/1243/3651 3656/1248/3656
f 3658/1257/3658 3659/1250/3659 3652/1251/3652
f 3659/1250/3659 3653/1252/3653 3652/1251/3652
f 3656/1248/3656 3657/1253/3657 3660/1254/3660
f 3661/1255/3661 3662/1256/3662 3658/1257/3658
f 3662/1256/3662 3659/1250/3659 3658/1257/3658
f 3663/1258/3663 3664/1260/3664 3665/1259/3665
f 3664/1260/3664 3666/1261/3666 3665/1259/3665
f 3654/1247/3654 3667/1292/3667 3655/1303/3655
f 3668/1262/3668 3669/1263/3669 3670/1264/3670
f 3669/1263/3669 3671/1266/3671 3670/1264/3670
f 3672/1265/3672 3670/1264/3670 3671/1266/3671
f 3673/1267/3673 3674/1270/3674 3675/1268/3675
f 3676/1269/3676 3675/1268/3675 3674/1270/3674
f 3677/1271/3677 3678/1272/3678 3679/1273/3679
f 3680/1274/3680 3679/1273/3679 3678/1272/3678
f 3681/1284/3681 3664/1260/3664 3682/1275/3682
f 3664/1260/3664 3683/1276/3683 3682/1275/3682
f 3663/1258/3663 3683/1276/3683 3664/1260/3664
f 3684/1285/3684 3628/1223/3628 3685/1277/3685
f 3628/1223/3628 3686/1278/3686 3685/1277/3685
f 3629/1279/3629 3686/1278/3686 3628/1223/3628
f 3687/1280/3687 3688/1281/3688 3689/1297/3689
f 3690/1282/3690 3691/1289/3691 3692/1291/3692
f 3693/1286/3693 3694/1283/3694 3695/1302/3695
f 3623/1218/3623 3621/1215/3621 3696/1284/3696
f 3621/1215/3621 3697/1276/3697 3696/1284/3696
f 3697/1276/3697 3698/1275/3698 3696/1284/3696
f 3699/1278/3699 3700/1285/3700 3670/1264/3670
f 3701/1277/3701 3700/1285/3700 3699/1278/3699
f 3700/1285/3700 3668/1262/3668 3670/1264/3670
f 3693/1286/3693 3695/1302/3695 3702/1288/3702
f 3703/1286/3703 3704/1287/3704 3705/1288/3705
f 3691/1289/3691 3706/1290/3706 3692/1291/3692
f 3695/1302/3695 3667/1292/3667 3702/1288/3702
f 3657/1253/3657 3707/1293/3707 3660/1254/3660
f 3707/1293/3707 3705/1294/3705 3660/1254/3660
f 3703/1295/3703 3705/1294/3705 3707/1293/3707
f 3633/1305/3633 3706/1290/3706 3691/1289/3691
f 3631/1296/3631 3687/1280/3687 3632/1225/3632
f 3687/1280/3687 3708/1298/3708 3632/1225/3632
f 3689/1297/3689 3708/1298/3708 3687/1280/3687
f 3709/1299/3709 3707/1293/3707 3710/1300/3710
f 3707/1293/3707 3657/1253/3657 3710/1300/3710
f 3711/1301/3711 3667/1292/3667 3695/1302/3695
f 3655/1303/3655 3667/1292/3667 3711/1301/3711
f 3712/1304/3712 3687/1280/3687 3713/1220/3713
f 3687/1280/3687 3631/1296/3631 3713/1220/3713
f 3714/1216/3714 3633/1305/3633 3691/1289/3691
f 3634/1226/3634 3633/1305/3633 3714/1216/3714
g Sidetrima1
f 3715/1326/3715 3716/1307/3716 3717/1306/3717
f 3716/1307/3716 3718/1309/3718 3717/1306/3717
f 3716/1307/3716 3719/1308/3719 3718/1309/3718
f 3719/1308/3719 3720/1310/3720 3718/1309/3718
f 3719/1308/3719 3721/1311/3721 3720/1310/3720
f 3721/1311/3721 3722/1312/3722 3720/1310/3720
f 3721/1311/3721 3723/1313/3723 3722/1312/3722
f 3723/1313/3723 3724/1314/3724 3722/1312/3722
f 3723/1313/3723 3725/1315/3725 3724/1314/3724
f 3725/1315/3725 3726/1317/3726 3724/1314/3724
f 3725/1315/3725 3727/1316/3727 3726/1317/3726
f 3727/1316/3727 3728/1323/3728 3726/1317/3726
f 3729/1318/3729 3730/1319/3730 3731/1321/3731
f 3730/1319/3730 3732/1320/3732 3731/1321/3731
f 3733/1316/3733 3734/1322/3734 3735/1323/3735
f 3734/1322/3734 3736/1324/3736 3735/1323/3735
f 3737/1306/3737 3738/1325/3738 3739/1326/3739
f 3738/1325/3738 3740/1327/3740 3739/1326/3739
f 3741/1328/3741 3742/1329/3742 3743/1336/3743
f 3742/1329/3742 3744/1330/3744 3743/1336/3743
f 3744/1330/3744 3745/1331/3745 3743/1336/3743
f 3745/1331/3745 3746/1332/3746 3743/1336/3743
f 3746/1332/3746 3747/1333/3747 3743/1336/3743
f 3747/1333/3747 3748/1334/3748 3743/1336/3743
f 3748/1334/3748 3749/1335/3749 3743/1336/3743
f 3750/1337/3750 3751/1338/3751 3752/1340/3752
f 3751/1338/3751 3753/1339/3753 3752/1340/3752
f 3753/1339/3753 3754/1341/3754 3752/1340/3752
f 3754/1341/3754 3755/1342/3755 3752/1340/3752
f 3755/1342/3755 3756/1343/3756 3752/1340/3752
f 3756/1343/3756 3757/1344/3757 3752/1340/3752
f 3757/1344/3757 3758/1345/3758 3752/1340/3752
g Feetba1
f 3759/1346/3759 3760/1348/3760 3761/1347/3761
f 3761/1347/3761 3760/1348/3760 3762/1349/3762
f 3763/1350/3763 3764/1351/3764 3765/1352/3765
f 3765/1352/3765 3764/1351/3764 3766/1353/3766
f 3767/1354/3767 3768/1356/3768 3769/1355/3769
f 3769/1355/3769 3768/1356/3768 3770/1357/3770
f 3771/1358/3771 3772/1359/3772 3773/1360/3773
f 3773/1360/3773 3772/1359/3772 3774/1361/3774
f 3775/1362/3775 3776/1364/3776 3777/1363/3777
f 3777/1363/3777 3776/1364/3776 3778/1365/3778
f 3779/1366/3779 3780/1367/3780 3781/1368/3781
f 3781/1368/3781 3780/1367/3780 3782/1369/3782
g Feetfa1
f 3783/1370/3783 3784/1372/3784 3785/1371/3785
f 3784/1372/3784 3786/1373/3786 3785/1371/3785
f 3787/1374/3787 3788/1375/3788 3789/1392/3789
f 3788/1375/3788 3790/1391/3790 3789/1392/3789
f 3791/1376/3791 3792/1395/3792 3793/1377/3793
f 3792/1395/3792 3794/1378/3794 3793/1377/3793
f 3795/1379/3795 3796/1380/3796 3797/1382/3797
f 3796/1380/3796 3798/1381/3798 3797/1382/3797
f 3799/1383/3799 3800/1384/3800 3801/1385/3801
f 3800/1384/3800 3802/1399/3802 3801/1385/3801
f 3803/1371/3803 3804/1386/3804 3805/1388/3805
f 3804/1386/3804 3806/1387/3806 3805/1388/3805
f 3807/1389/3807 3808/1390/3808 3809/1392/3809
f 3808/1390/3808 3810/1391/3810 3809/1392/3809
f 3811/1393/3811 3812/1394/3812 3813/1376/3813
f 3812/1394/3812 3814/1395/3814 3813/1376/3813
f 3815/1379/3815 3816/1380/3816 3817/1396/3817
f 3816/1380/3816 3818/1397/3818 3817/1396/3817
f 3819/1385/3819 3820/1399/3820 3821/1398/3821
f 3820/1399/3820 3822/1400/3822 3821/1398/3821
f 3823/1401/3823 3824/1403/3824 3825/1402/3825
f 3824/1403/3824 3826/1404/3826 3825/1402/3825
f 3827/1405/3827 3828/1406/3828 3829/1401/3829
f 3828/1406/3828 3830/1407/3830 3829/1401/3829
